address_id,line1,line2,city,province_id,postal_code,country_code,created_at
1,Av. 7 1045,,La Plata,1,1900,AR,2023-03-15 10:00:00
2,Av. Colón 480,,Córdoba,2,5000,AR,2023-05-10 10:00:00
3,San Martín 850,,Rosario,3,2000,AR,2023-07-03 10:00:00
4,Av. San Martín 1150,,Mendoza,4,5500,AR,2023-09-01 10:00:00
1001,Laprida 3328,,La Plata,1,1900,AR,2023-03-02 01:30:29
1002,Chacabuco 2522,,Rafaela,3,2300,AR,2023-03-02 20:30:53
1003,Independencia 1112,,Santa Fe,3,3000,AR,2023-03-04 22:24:50
1004,9 de Julio 363,,Córdoba,2,5000,AR,2023-03-05 11:28:44
1005,Entre Ríos 1034,,Mar del Plata,1,7600,AR,2023-03-14 20:08:39
1006,Dorrego 3385,,San Rafael,4,5600,AR,2023-03-16 04:16:29
1007,Alem 4446,,Mendoza,4,5500,AR,2023-03-16 09:34:54
1008,Laprida 4118,,La Plata,1,1900,AR,2023-03-18 12:31:23
1009,25 de Mayo 2439,,Mendoza,4,5500,AR,2023-03-20 16:17:33
1010,Moreno 4593,Piso 5 Dto D,Mendoza,4,5500,AR,2023-03-20 18:21:37
1011,Mitre 3298,,Mendoza,4,5500,AR,2023-03-20 19:39:53
1012,Balcarce 2996,Piso 3 Dto C,Córdoba,2,5000,AR,2023-03-22 04:57:41
1013,Av. Pellegrini 2459,,La Plata,1,1900,AR,2023-03-22 06:26:46
1014,Salta 4711,Piso 1 Dto C,Quilmes,1,1878,AR,2023-03-23 19:02:14
1015,Av. Pellegrini 3157,,Córdoba,2,5000,AR,2023-03-23 19:54:05
1016,Tucumán 1450,Piso 9 Dto A,Rafaela,3,2300,AR,2023-03-25 23:50:22
1017,Mitre 2472,Piso 10 Dto A,Rosario,3,2000,AR,2023-03-26 01:27:02
1018,Av. Colón 200,,Córdoba,2,5000,AR,2023-03-26 02:29:36
1019,Dorrego 2559,,Quilmes,1,1878,AR,2023-03-27 10:49:57
1020,Independencia 3053,,La Plata,1,1900,AR,2023-03-27 18:14:37
1021,Balcarce 4182,,Quilmes,1,1878,AR,2023-03-28 16:34:22
1022,25 de Mayo 1342,Piso 11 Dto A,San Isidro,1,1642,AR,2023-03-28 18:49:13
1023,Castelli 929,Piso 11 Dto A,Santa Fe,3,3000,AR,2023-03-30 23:15:38
1024,Mitre 1233,Piso 10 Dto B,La Plata,1,1900,AR,2023-04-04 05:11:18
1025,Rivadavia 2406,,San Isidro,1,1642,AR,2023-04-06 15:25:27
1026,Sarmiento 3631,Piso 7 Dto D,Quilmes,1,1878,AR,2023-04-06 20:55:23
1027,Las Heras 434,Piso 3 Dto F,Córdoba,2,5000,AR,2023-04-08 21:52:23
1028,Las Heras 3204,Piso 11 Dto F,Rafaela,3,2300,AR,2023-04-09 17:05:53
1029,Güemes 676,,San Rafael,4,5600,AR,2023-04-10 13:14:00
1030,Av. Colón 1732,Piso 5 Dto C,San Isidro,1,1642,AR,2023-04-11 02:02:52
1031,Brown 604,Piso 12 Dto F,San Isidro,1,1642,AR,2023-04-11 08:27:34
1032,Chacabuco 2920,Piso 2 Dto D,Santa Fe,3,3000,AR,2023-04-13 19:11:30
1033,Sarmiento 4433,Piso 10 Dto C,Bahía Blanca,1,8000,AR,2023-04-14 04:05:33
1034,Sarmiento 2305,Piso 6 Dto F,Córdoba,2,5000,AR,2023-04-14 22:44:45
1035,Alsina 3050,,La Plata,1,1900,AR,2023-04-15 04:07:40
1036,Las Heras 3657,Piso 2 Dto B,Rosario,3,2000,AR,2023-04-15 07:56:19
1037,Balcarce 2661,,San Isidro,1,1642,AR,2023-04-15 22:57:25
1038,Chacabuco 4304,,Bahía Blanca,1,8000,AR,2023-04-16 00:31:36
1039,Balcarce 1661,,Río Cuarto,2,5800,AR,2023-04-17 12:01:06
1040,Laprida 2557,,San Isidro,1,1642,AR,2023-04-18 08:17:37
1041,Balcarce 436,Piso 10 Dto F,Mar del Plata,1,7600,AR,2023-04-18 11:24:40
1042,Güemes 405,,Mar del Plata,1,7600,AR,2023-04-18 13:47:18
1043,Av. Pellegrini 4383,,La Plata,1,1900,AR,2023-04-18 16:44:22
1044,Belgrano 4572,,Córdoba,2,5000,AR,2023-04-18 20:26:21
1045,Alem 3656,Piso 2 Dto C,Córdoba,2,5000,AR,2023-04-19 01:13:43
1046,Alsina 803,Piso 12 Dto B,Rosario,3,2000,AR,2023-04-20 18:58:37
1047,Av. Colón 1423,,Quilmes,1,1878,AR,2023-04-21 05:00:46
1048,Chacabuco 680,Piso 4 Dto F,Córdoba,2,5000,AR,2023-04-22 12:24:13
1049,Alsina 3439,,Rosario,3,2000,AR,2023-04-24 09:24:50
1050,9 de Julio 330,Piso 2 Dto F,La Plata,1,1900,AR,2023-04-24 13:33:49
1051,Balcarce 1619,,San Isidro,1,1642,AR,2023-04-25 20:23:36
1052,Mitre 543,,Rosario,3,2000,AR,2023-04-26 01:37:48
1053,Las Heras 1404,,San Rafael,4,5600,AR,2023-04-27 09:43:57
1054,Av. San Martín 4432,Piso 4 Dto C,Quilmes,1,1878,AR,2023-04-27 12:40:25
1055,España 2235,,Bahía Blanca,1,8000,AR,2023-04-29 02:35:33
1056,Mitre 3235,,Córdoba,2,5000,AR,2023-04-30 19:34:59
1057,Tucumán 2891,Piso 1 Dto C,La Plata,1,1900,AR,2023-04-30 19:46:26
1058,Urquiza 3661,,Quilmes,1,1878,AR,2023-05-03 02:02:11
1059,Entre Ríos 3981,,La Plata,1,1900,AR,2023-05-03 19:45:18
1060,Entre Ríos 706,,Quilmes,1,1878,AR,2023-05-04 03:37:46
1061,Laprida 832,Piso 12 Dto A,Quilmes,1,1878,AR,2023-05-04 14:56:05
1062,Dorrego 3065,,Rosario,3,2000,AR,2023-05-05 04:09:03
1063,Independencia 747,,Mar del Plata,1,7600,AR,2023-05-06 19:12:13
1064,Moreno 4820,,San Rafael,4,5600,AR,2023-05-07 08:36:20
1065,Alsina 3174,Piso 12 Dto B,La Plata,1,1900,AR,2023-05-07 22:20:53
1066,España 3787,Piso 7 Dto D,Santa Fe,3,3000,AR,2023-05-08 01:22:48
1067,Av. Pellegrini 1826,,Godoy Cruz,4,5501,AR,2023-05-08 13:50:19
1068,Güemes 2181,Piso 8 Dto D,Bahía Blanca,1,8000,AR,2023-05-09 23:45:20
1069,9 de Julio 2169,,Mendoza,4,5500,AR,2023-05-10 04:37:51
1070,Tucumán 2525,Piso 1 Dto A,Quilmes,1,1878,AR,2023-05-10 18:23:45
1071,Dorrego 2004,,Villa Carlos Paz,2,5152,AR,2023-05-11 12:02:49
1072,Castelli 3858,Piso 3 Dto B,Rosario,3,2000,AR,2023-05-11 20:00:33
1073,Las Heras 4543,Piso 6 Dto A,Córdoba,2,5000,AR,2023-05-12 18:44:56
1074,Moreno 3491,,San Rafael,4,5600,AR,2023-05-13 09:45:42
1075,Sarmiento 1746,,La Plata,1,1900,AR,2023-05-13 10:09:15
1076,Pueyrredón 365,,Villa Carlos Paz,2,5152,AR,2023-05-14 05:13:37
1077,Laprida 3335,,La Plata,1,1900,AR,2023-05-15 22:25:48
1078,Balcarce 1022,Piso 12 Dto D,San Rafael,4,5600,AR,2023-05-16 03:47:11
1079,Pueyrredón 3429,,Córdoba,2,5000,AR,2023-05-16 04:15:24
1080,Av. Pellegrini 888,Piso 6 Dto C,Córdoba,2,5000,AR,2023-05-16 05:05:11
1081,España 3165,Piso 7 Dto F,Córdoba,2,5000,AR,2023-05-17 02:38:53
1082,Entre Ríos 4292,,Quilmes,1,1878,AR,2023-05-17 03:46:22
1083,Lavalle 546,Piso 5 Dto F,Mendoza,4,5500,AR,2023-05-17 10:44:29
1084,Dorrego 179,,Bahía Blanca,1,8000,AR,2023-05-19 08:39:45
1085,Dorrego 4596,,Rafaela,3,2300,AR,2023-05-20 06:36:29
1086,Belgrano 1145,Piso 7 Dto E,La Plata,1,1900,AR,2023-05-21 21:21:59
1087,Dorrego 3217,,Bahía Blanca,1,8000,AR,2023-05-22 19:52:19
1088,Salta 4018,,Mar del Plata,1,7600,AR,2023-05-25 06:21:38
1089,Entre Ríos 1077,Piso 7 Dto C,Rafaela,3,2300,AR,2023-05-25 11:32:02
1090,Lavalle 3169,,Quilmes,1,1878,AR,2023-05-25 19:14:44
1091,Laprida 331,,Villa Carlos Paz,2,5152,AR,2023-05-27 22:23:57
1092,Tucumán 4306,Piso 7 Dto B,Río Cuarto,2,5800,AR,2023-05-28 15:03:35
1093,Las Heras 3653,,Villa Carlos Paz,2,5152,AR,2023-05-28 22:31:51
1094,Lavalle 1476,,Santa Fe,3,3000,AR,2023-05-31 07:39:47
1095,Av. San Martín 1960,Piso 9 Dto E,Río Cuarto,2,5800,AR,2023-06-01 14:13:30
1096,Av. Pellegrini 4385,,Quilmes,1,1878,AR,2023-06-01 15:31:44
1097,9 de Julio 2964,Piso 9 Dto D,Córdoba,2,5000,AR,2023-06-02 13:55:05
1098,Chacabuco 2595,Piso 10 Dto E,Córdoba,2,5000,AR,2023-06-03 09:55:32
1099,Pueyrredón 1523,Piso 10 Dto C,Córdoba,2,5000,AR,2023-06-04 08:02:03
1100,Lavalle 2366,,Rosario,3,2000,AR,2023-06-04 21:56:54
1101,Mitre 1830,,Córdoba,2,5000,AR,2023-06-05 23:06:51
1102,Belgrano 445,Piso 4 Dto B,La Plata,1,1900,AR,2023-06-06 04:54:20
1103,Chacabuco 3798,,La Plata,1,1900,AR,2023-06-07 13:20:42
1104,Italia 2449,Piso 11 Dto D,Córdoba,2,5000,AR,2023-06-07 22:30:01
1105,Tucumán 2930,,Mar del Plata,1,7600,AR,2023-06-08 01:31:38
1106,Entre Ríos 1459,Piso 2 Dto B,Mendoza,4,5500,AR,2023-06-08 10:37:29
1107,España 1691,,Rosario,3,2000,AR,2023-06-09 01:43:49
1108,Brown 282,,Santa Fe,3,3000,AR,2023-06-09 04:06:03
1109,Entre Ríos 940,,Córdoba,2,5000,AR,2023-06-09 11:32:59
1110,Güemes 1964,Piso 5 Dto A,Mendoza,4,5500,AR,2023-06-09 12:32:29
1111,Alsina 2378,Piso 10 Dto D,Córdoba,2,5000,AR,2023-06-10 18:54:25
1112,Lavalle 4657,,Quilmes,1,1878,AR,2023-06-11 15:51:56
1113,9 de Julio 870,,Mar del Plata,1,7600,AR,2023-06-11 19:20:21
1114,España 517,Piso 2 Dto F,Río Cuarto,2,5800,AR,2023-06-12 12:56:10
1115,Mitre 3633,,La Plata,1,1900,AR,2023-06-13 05:02:54
1116,Moreno 1567,,Bahía Blanca,1,8000,AR,2023-06-13 08:34:28
1117,Av. San Martín 4544,,Córdoba,2,5000,AR,2023-06-14 02:44:49
1118,Alsina 3730,Piso 11 Dto E,Córdoba,2,5000,AR,2023-06-14 12:05:16
1119,Alsina 940,,Bahía Blanca,1,8000,AR,2023-06-16 06:06:45
1120,Güemes 2381,Piso 6 Dto B,Mendoza,4,5500,AR,2023-06-16 16:48:15
1121,España 1566,,Córdoba,2,5000,AR,2023-06-17 11:05:11
1122,Salta 4957,,Río Cuarto,2,5800,AR,2023-06-17 16:31:49
1123,España 389,,Mar del Plata,1,7600,AR,2023-06-18 09:50:12
1124,Castelli 2060,,La Plata,1,1900,AR,2023-06-18 13:30:59
1125,España 1251,Piso 10 Dto F,Santa Fe,3,3000,AR,2023-06-18 19:37:25
1126,Independencia 4464,,Quilmes,1,1878,AR,2023-06-19 18:50:14
1127,Tucumán 1008,,Córdoba,2,5000,AR,2023-06-20 20:54:54
1128,Salta 3819,,Bahía Blanca,1,8000,AR,2023-06-20 20:55:09
1129,Belgrano 2417,Piso 10 Dto A,Córdoba,2,5000,AR,2023-06-21 00:33:25
1130,Balcarce 3499,Piso 9 Dto C,Villa Carlos Paz,2,5152,AR,2023-06-21 21:15:44
1131,Dorrego 354,,Mar del Plata,1,7600,AR,2023-06-22 17:12:18
1132,Av. Colón 2698,,Córdoba,2,5000,AR,2023-06-23 19:00:27
1133,Laprida 1642,,La Plata,1,1900,AR,2023-06-25 04:03:29
1134,Brown 3974,Piso 7 Dto C,Córdoba,2,5000,AR,2023-06-26 09:52:38
1135,Av. San Martín 4697,Piso 11 Dto F,La Plata,1,1900,AR,2023-06-27 05:35:35
1136,Av. San Martín 2238,Piso 9 Dto A,Mar del Plata,1,7600,AR,2023-06-27 12:10:06
1137,Av. Colón 1674,,La Plata,1,1900,AR,2023-06-29 01:46:27
1138,Independencia 3793,,Bahía Blanca,1,8000,AR,2023-06-29 11:19:29
1139,Chacabuco 3669,Piso 2 Dto B,Córdoba,2,5000,AR,2023-06-29 21:05:42
1140,Alsina 4467,Piso 6 Dto F,La Plata,1,1900,AR,2023-06-30 00:55:54
1141,Urquiza 3497,,Mar del Plata,1,7600,AR,2023-07-01 16:49:47
1142,Lavalle 4416,,Mar del Plata,1,7600,AR,2023-07-01 18:31:01
1143,Laprida 1538,Piso 12 Dto B,Córdoba,2,5000,AR,2023-07-01 19:08:12
1144,Alem 3204,Piso 8 Dto C,Córdoba,2,5000,AR,2023-07-01 21:10:58
1145,Av. Colón 4385,,Río Cuarto,2,5800,AR,2023-07-01 22:04:40
1146,Belgrano 2706,,Quilmes,1,1878,AR,2023-07-04 06:41:26
1147,Lavalle 4289,Piso 10 Dto B,San Isidro,1,1642,AR,2023-07-04 12:22:31
1148,Belgrano 886,Piso 8 Dto B,Córdoba,2,5000,AR,2023-07-04 19:10:39
1149,Dorrego 3367,Piso 4 Dto B,Córdoba,2,5000,AR,2023-07-04 20:55:29
1150,Sarmiento 4369,,Santa Fe,3,3000,AR,2023-07-05 02:57:06
1151,Belgrano 2139,,Mar del Plata,1,7600,AR,2023-07-06 04:31:18
1152,Sarmiento 3226,,Rosario,3,2000,AR,2023-07-06 18:21:53
1153,Alem 928,Piso 12 Dto A,Córdoba,2,5000,AR,2023-07-07 21:37:14
1154,Independencia 2989,,Santa Fe,3,3000,AR,2023-07-08 01:05:24
1155,Independencia 1586,Piso 1 Dto C,Mendoza,4,5500,AR,2023-07-08 01:55:42
1156,Lavalle 3980,Piso 7 Dto E,Quilmes,1,1878,AR,2023-07-08 02:45:30
1157,Sarmiento 2458,Piso 8 Dto B,Quilmes,1,1878,AR,2023-07-08 10:23:13
1158,Las Heras 2868,,Rosario,3,2000,AR,2023-07-08 10:41:18
1159,Av. San Martín 3725,Piso 1 Dto F,Rosario,3,2000,AR,2023-07-08 11:51:53
1160,Belgrano 3952,Piso 12 Dto D,Bahía Blanca,1,8000,AR,2023-07-08 13:15:15
1161,Pueyrredón 172,,Villa Carlos Paz,2,5152,AR,2023-07-09 09:10:55
1162,Av. San Martín 2236,Piso 8 Dto C,Rosario,3,2000,AR,2023-07-09 09:58:13
1163,25 de Mayo 1294,,Córdoba,2,5000,AR,2023-07-10 04:58:19
1164,Rivadavia 428,Piso 1 Dto B,Mar del Plata,1,7600,AR,2023-07-10 10:42:16
1165,Av. Colón 4656,Piso 7 Dto B,Córdoba,2,5000,AR,2023-07-10 22:26:59
1166,Av. Pellegrini 2747,,Rafaela,3,2300,AR,2023-07-11 10:54:05
1167,25 de Mayo 4407,Piso 9 Dto A,Bahía Blanca,1,8000,AR,2023-07-12 07:28:52
1168,Av. Pellegrini 864,,La Plata,1,1900,AR,2023-07-12 21:10:15
1169,Av. San Martín 679,Piso 12 Dto C,La Plata,1,1900,AR,2023-07-13 15:42:41
1170,Güemes 4683,,La Plata,1,1900,AR,2023-07-14 02:36:44
1171,Laprida 4338,Piso 9 Dto F,Córdoba,2,5000,AR,2023-07-14 09:40:00
1172,Brown 3628,Piso 12 Dto A,Córdoba,2,5000,AR,2023-07-15 10:05:02
1173,Maipú 2506,Piso 2 Dto C,Bahía Blanca,1,8000,AR,2023-07-16 12:52:28
1174,Sarmiento 2172,Piso 5 Dto F,Villa Carlos Paz,2,5152,AR,2023-07-16 23:19:03
1175,Belgrano 1920,Piso 7 Dto C,Santa Fe,3,3000,AR,2023-07-17 08:01:55
1176,Lavalle 2813,,Mar del Plata,1,7600,AR,2023-07-18 00:56:06
1177,Av. Pellegrini 1437,Piso 2 Dto C,Rosario,3,2000,AR,2023-07-18 12:55:07
1178,25 de Mayo 372,,Rafaela,3,2300,AR,2023-07-19 09:39:02
1179,Balcarce 1490,,Santa Fe,3,3000,AR,2023-07-19 20:28:14
1180,Tucumán 1343,,Córdoba,2,5000,AR,2023-07-19 21:54:48
1181,Castelli 1592,,La Plata,1,1900,AR,2023-07-20 14:48:06
1182,Chacabuco 3910,Piso 4 Dto D,Mendoza,4,5500,AR,2023-07-20 20:53:34
1183,Dorrego 3294,,La Plata,1,1900,AR,2023-07-21 00:11:21
1184,Salta 3451,,La Plata,1,1900,AR,2023-07-21 04:59:27
1185,Av. San Martín 1148,,Mar del Plata,1,7600,AR,2023-07-22 07:06:13
1186,Brown 349,,La Plata,1,1900,AR,2023-07-22 11:12:55
1187,Las Heras 341,,Río Cuarto,2,5800,AR,2023-07-22 12:04:34
1188,Laprida 4589,,Rosario,3,2000,AR,2023-07-22 12:18:12
1189,Balcarce 1703,,Rosario,3,2000,AR,2023-07-22 17:39:30
1190,Entre Ríos 4450,Piso 9 Dto A,Bahía Blanca,1,8000,AR,2023-07-23 04:40:03
1191,Laprida 3859,Piso 1 Dto B,San Rafael,4,5600,AR,2023-07-23 09:30:48
1192,Güemes 3854,Piso 3 Dto C,Santa Fe,3,3000,AR,2023-07-23 10:06:31
1193,Las Heras 2825,,Córdoba,2,5000,AR,2023-07-23 17:23:36
1194,Chacabuco 1048,Piso 7 Dto A,Quilmes,1,1878,AR,2023-07-24 01:35:37
1195,Italia 3688,,Rafaela,3,2300,AR,2023-07-24 12:25:52
1196,Alsina 2479,Piso 4 Dto F,Quilmes,1,1878,AR,2023-07-25 06:31:19
1197,Italia 4802,Piso 8 Dto F,La Plata,1,1900,AR,2023-07-25 22:22:18
1198,Sarmiento 2340,,Quilmes,1,1878,AR,2023-07-26 17:52:14
1199,Av. Colón 1323,Piso 2 Dto A,Rosario,3,2000,AR,2023-07-29 04:18:32
1200,Salta 336,Piso 4 Dto A,Mar del Plata,1,7600,AR,2023-07-29 18:37:31
1201,Av. Colón 3122,Piso 4 Dto D,La Plata,1,1900,AR,2023-07-30 14:38:50
1202,Belgrano 4790,,Mar del Plata,1,7600,AR,2023-07-30 20:40:13
1203,Mitre 885,,Villa Carlos Paz,2,5152,AR,2023-07-31 00:15:40
1204,Laprida 845,,Córdoba,2,5000,AR,2023-07-31 07:35:00
1205,Brown 3673,Piso 3 Dto A,Rafaela,3,2300,AR,2023-07-31 09:57:49
1206,Laprida 801,,San Isidro,1,1642,AR,2023-07-31 19:38:56
1207,Dorrego 3543,Piso 7 Dto D,Quilmes,1,1878,AR,2023-08-01 22:41:02
1208,Mitre 2039,Piso 6 Dto D,Rosario,3,2000,AR,2023-08-02 02:25:55
1209,Lavalle 2749,,La Plata,1,1900,AR,2023-08-02 06:44:54
1210,Alem 3975,,La Plata,1,1900,AR,2023-08-03 11:17:50
1211,Pueyrredón 4849,,Río Cuarto,2,5800,AR,2023-08-03 12:00:00
1212,25 de Mayo 860,,Quilmes,1,1878,AR,2023-08-03 14:38:33
1213,Pueyrredón 562,Piso 5 Dto B,Santa Fe,3,3000,AR,2023-08-04 02:48:09
1214,Tucumán 3449,,Quilmes,1,1878,AR,2023-08-04 04:27:32
1215,Chacabuco 4691,Piso 9 Dto E,Quilmes,1,1878,AR,2023-08-04 04:54:40
1216,Laprida 4109,,Córdoba,2,5000,AR,2023-08-04 09:25:31
1217,9 de Julio 1702,Piso 3 Dto D,San Rafael,4,5600,AR,2023-08-04 18:03:40
1218,Dorrego 802,Piso 1 Dto B,Mar del Plata,1,7600,AR,2023-08-06 07:12:44
1219,Independencia 624,Piso 5 Dto C,Santa Fe,3,3000,AR,2023-08-06 16:01:09
1220,Dorrego 263,,Quilmes,1,1878,AR,2023-08-06 17:55:15
1221,Salta 4960,,Quilmes,1,1878,AR,2023-08-07 02:56:02
1222,Moreno 1718,Piso 3 Dto E,La Plata,1,1900,AR,2023-08-07 08:19:06
1223,Tucumán 2817,Piso 2 Dto A,Río Cuarto,2,5800,AR,2023-08-07 11:27:39
1224,Maipú 865,,Rosario,3,2000,AR,2023-08-07 16:55:49
1225,Mitre 4628,,Quilmes,1,1878,AR,2023-08-09 01:08:27
1226,Av. Pellegrini 3373,,Quilmes,1,1878,AR,2023-08-09 06:37:38
1227,Güemes 4423,Piso 5 Dto B,Rosario,3,2000,AR,2023-08-09 13:37:20
1228,Av. Pellegrini 2462,,Córdoba,2,5000,AR,2023-08-10 05:48:06
1229,Salta 2621,,Córdoba,2,5000,AR,2023-08-10 13:52:34
1230,Tucumán 3300,Piso 2 Dto C,Villa Carlos Paz,2,5152,AR,2023-08-10 22:27:20
1231,Chacabuco 4535,,San Rafael,4,5600,AR,2023-08-10 23:22:40
1232,Sarmiento 419,,Río Cuarto,2,5800,AR,2023-08-11 10:35:28
1233,Dorrego 201,,Santa Fe,3,3000,AR,2023-08-12 00:05:30
1234,Sarmiento 3026,,Rosario,3,2000,AR,2023-08-12 11:33:19
1235,Balcarce 4091,,San Isidro,1,1642,AR,2023-08-13 03:10:11
1236,Balcarce 4291,,Córdoba,2,5000,AR,2023-08-13 21:59:34
1237,Mitre 1707,Piso 7 Dto E,Quilmes,1,1878,AR,2023-08-14 04:40:11
1238,Dorrego 742,,Rosario,3,2000,AR,2023-08-14 09:32:20
1239,Independencia 1435,Piso 3 Dto E,Rosario,3,2000,AR,2023-08-15 19:42:03
1240,Av. Colón 4929,,Córdoba,2,5000,AR,2023-08-16 04:34:24
1241,Mitre 4930,Piso 5 Dto C,San Isidro,1,1642,AR,2023-08-16 05:13:20
1242,Sarmiento 1209,Piso 7 Dto C,Rosario,3,2000,AR,2023-08-16 07:53:03
1243,Castelli 1696,,Rosario,3,2000,AR,2023-08-16 07:53:32
1244,Lavalle 2857,Piso 6 Dto C,Río Cuarto,2,5800,AR,2023-08-17 12:10:49
1245,Urquiza 2648,Piso 8 Dto A,Villa Carlos Paz,2,5152,AR,2023-08-17 18:26:27
1246,Independencia 3478,,Córdoba,2,5000,AR,2023-08-17 19:05:10
1247,Urquiza 4201,,Quilmes,1,1878,AR,2023-08-17 20:17:16
1248,Italia 4540,,Rosario,3,2000,AR,2023-08-20 13:34:52
1249,Mitre 2764,Piso 10 Dto F,Rosario,3,2000,AR,2023-08-20 14:13:10
1250,Alem 1812,Piso 11 Dto D,Santa Fe,3,3000,AR,2023-08-20 19:33:53
1251,Güemes 2452,Piso 6 Dto C,La Plata,1,1900,AR,2023-08-22 00:30:02
1252,Laprida 3110,Piso 11 Dto D,Córdoba,2,5000,AR,2023-08-22 17:49:00
1253,Av. Pellegrini 3955,Piso 1 Dto A,Mendoza,4,5500,AR,2023-08-23 00:15:48
1254,Independencia 2715,,Río Cuarto,2,5800,AR,2023-08-23 04:46:27
1255,Chacabuco 4465,,La Plata,1,1900,AR,2023-08-23 20:13:04
1256,Av. Pellegrini 1546,Piso 8 Dto E,Mar del Plata,1,7600,AR,2023-08-24 01:07:22
1257,España 3448,,Villa Carlos Paz,2,5152,AR,2023-08-24 03:14:43
1258,Av. San Martín 3940,,Quilmes,1,1878,AR,2023-08-24 22:05:26
1259,Salta 4562,Piso 8 Dto E,Córdoba,2,5000,AR,2023-08-25 11:25:31
1260,Tucumán 232,Piso 7 Dto D,Godoy Cruz,4,5501,AR,2023-08-25 15:11:58
1261,25 de Mayo 4401,Piso 2 Dto C,Córdoba,2,5000,AR,2023-08-25 23:05:38
1262,Alsina 4678,Piso 7 Dto A,Villa Carlos Paz,2,5152,AR,2023-08-26 03:05:01
1263,Maipú 1614,Piso 12 Dto A,Rosario,3,2000,AR,2023-08-26 11:41:02
1264,Av. Colón 1832,Piso 3 Dto C,Córdoba,2,5000,AR,2023-08-26 17:06:54
1265,Balcarce 2464,Piso 12 Dto E,Quilmes,1,1878,AR,2023-08-27 04:07:07
1266,Rivadavia 4183,Piso 2 Dto D,La Plata,1,1900,AR,2023-08-27 15:29:39
1267,Av. Pellegrini 1662,,Quilmes,1,1878,AR,2023-08-27 15:42:56
1268,Alem 4553,,Mendoza,4,5500,AR,2023-08-28 14:13:22
1269,Lavalle 952,Piso 3 Dto E,La Plata,1,1900,AR,2023-08-29 05:01:06
1270,Urquiza 278,Piso 1 Dto F,La Plata,1,1900,AR,2023-08-29 10:45:08
1271,25 de Mayo 3141,,Córdoba,2,5000,AR,2023-08-30 15:10:03
1272,Pueyrredón 2020,Piso 5 Dto D,Rosario,3,2000,AR,2023-08-30 21:05:33
1273,Tucumán 993,Piso 12 Dto A,Santa Fe,3,3000,AR,2023-08-31 07:42:34
1274,Castelli 2246,,Villa Carlos Paz,2,5152,AR,2023-08-31 16:09:39
1275,Güemes 3984,,Rosario,3,2000,AR,2023-08-31 19:42:22
1276,Belgrano 840,Piso 3 Dto C,Córdoba,2,5000,AR,2023-08-31 20:43:33
1277,Av. Colón 4885,Piso 11 Dto F,Mar del Plata,1,7600,AR,2023-09-01 06:14:52
1278,Güemes 878,Piso 6 Dto F,Mendoza,4,5500,AR,2023-09-01 07:00:46
1279,Güemes 2454,,Río Cuarto,2,5800,AR,2023-09-01 19:54:49
1280,Av. Colón 1473,,Villa Carlos Paz,2,5152,AR,2023-09-01 20:03:59
1281,Alem 3108,,La Plata,1,1900,AR,2023-09-02 03:40:43
1282,España 1694,Piso 10 Dto A,Mendoza,4,5500,AR,2023-09-02 05:51:38
1283,Entre Ríos 2211,Piso 10 Dto A,Río Cuarto,2,5800,AR,2023-09-02 07:32:08
1284,Av. Colón 1547,Piso 1 Dto E,Rosario,3,2000,AR,2023-09-02 09:55:24
1285,Pueyrredón 680,,Córdoba,2,5000,AR,2023-09-02 09:59:17
1286,Pueyrredón 1784,Piso 10 Dto F,Rosario,3,2000,AR,2023-09-02 12:24:50
1287,Italia 195,Piso 2 Dto A,Mar del Plata,1,7600,AR,2023-09-03 00:15:16
1288,25 de Mayo 737,,Santa Fe,3,3000,AR,2023-09-03 02:54:08
1289,Maipú 4880,,Córdoba,2,5000,AR,2023-09-03 04:39:01
1290,Castelli 2256,,Rosario,3,2000,AR,2023-09-03 06:45:25
1291,Av. Colón 3517,,Córdoba,2,5000,AR,2023-09-04 03:21:15
1292,Dorrego 3171,,Godoy Cruz,4,5501,AR,2023-09-04 04:11:37
1293,Laprida 948,,Godoy Cruz,4,5501,AR,2023-09-04 07:15:16
1294,Maipú 1362,,Rosario,3,2000,AR,2023-09-04 08:32:59
1295,Castelli 377,Piso 2 Dto F,Rosario,3,2000,AR,2023-09-04 22:08:20
1296,Independencia 3449,Piso 3 Dto D,Córdoba,2,5000,AR,2023-09-04 22:39:30
1297,Lavalle 2996,,Rafaela,3,2300,AR,2023-09-05 00:06:07
1298,Independencia 1534,,Godoy Cruz,4,5501,AR,2023-09-05 00:59:14
1299,Salta 4542,Piso 7 Dto A,Rosario,3,2000,AR,2023-09-05 04:21:47
1300,Lavalle 1459,,Rafaela,3,2300,AR,2023-09-05 16:03:11
1301,Chacabuco 3362,,La Plata,1,1900,AR,2023-09-06 09:23:10
1302,Av. Colón 3888,,Santa Fe,3,3000,AR,2023-09-06 09:52:01
1303,Laprida 1399,Piso 9 Dto A,Santa Fe,3,3000,AR,2023-09-07 11:04:24
1304,Italia 4066,,Rosario,3,2000,AR,2023-09-07 11:42:46
1305,Belgrano 3306,Piso 10 Dto D,San Isidro,1,1642,AR,2023-09-08 12:18:15
1306,Sarmiento 3405,,Quilmes,1,1878,AR,2023-09-09 10:04:56
1307,Italia 4509,,San Rafael,4,5600,AR,2023-09-09 17:42:23
1308,Balcarce 780,Piso 8 Dto A,Córdoba,2,5000,AR,2023-09-09 18:40:48
1309,Av. San Martín 4714,Piso 12 Dto A,Córdoba,2,5000,AR,2023-09-10 01:21:15
1310,Moreno 208,,La Plata,1,1900,AR,2023-09-10 07:36:44
1311,Laprida 148,,Rosario,3,2000,AR,2023-09-11 03:56:41
1312,Av. San Martín 3818,Piso 5 Dto E,Santa Fe,3,3000,AR,2023-09-11 06:12:50
1313,Dorrego 4979,Piso 6 Dto A,Villa Carlos Paz,2,5152,AR,2023-09-11 06:26:03
1314,Moreno 389,,Córdoba,2,5000,AR,2023-09-11 07:41:10
1315,25 de Mayo 1748,,Rafaela,3,2300,AR,2023-09-12 18:47:47
1316,Brown 3393,,San Isidro,1,1642,AR,2023-09-12 20:51:04
1317,Chacabuco 1357,Piso 2 Dto A,Córdoba,2,5000,AR,2023-09-13 13:17:12
1318,Sarmiento 840,Piso 11 Dto C,Rosario,3,2000,AR,2023-09-14 00:58:41
1319,Italia 3222,,Santa Fe,3,3000,AR,2023-09-14 04:41:10
1320,Balcarce 2903,,Santa Fe,3,3000,AR,2023-09-15 11:08:35
1321,Dorrego 2362,,Bahía Blanca,1,8000,AR,2023-09-15 15:26:52
1322,Güemes 323,Piso 2 Dto B,Rosario,3,2000,AR,2023-09-16 11:43:33
1323,Belgrano 4146,,Mar del Plata,1,7600,AR,2023-09-16 17:37:16
1324,Entre Ríos 2173,,Rosario,3,2000,AR,2023-09-16 23:23:06
1325,Dorrego 1062,Piso 11 Dto B,Córdoba,2,5000,AR,2023-09-17 19:05:25
1326,Güemes 3335,,Godoy Cruz,4,5501,AR,2023-09-18 04:24:45
1327,Las Heras 2391,,Mendoza,4,5500,AR,2023-09-18 07:14:25
1328,Entre Ríos 3503,Piso 7 Dto A,Córdoba,2,5000,AR,2023-09-18 16:50:24
1329,Dorrego 3874,Piso 8 Dto C,Mendoza,4,5500,AR,2023-09-20 06:50:58
1330,Laprida 2567,,La Plata,1,1900,AR,2023-09-21 00:53:08
1331,Güemes 2926,Piso 12 Dto F,Villa Carlos Paz,2,5152,AR,2023-09-21 04:10:10
1332,Balcarce 2401,Piso 8 Dto E,Rosario,3,2000,AR,2023-09-21 10:45:06
1333,Alsina 1602,,Rosario,3,2000,AR,2023-09-21 15:54:20
1334,Güemes 1069,Piso 3 Dto F,Mar del Plata,1,7600,AR,2023-09-21 19:17:07
1335,Castelli 4540,,Mendoza,4,5500,AR,2023-09-21 19:51:47
1336,Sarmiento 2023,,Mendoza,4,5500,AR,2023-09-21 23:06:03
1337,Laprida 3248,,Rosario,3,2000,AR,2023-09-22 05:08:28
1338,Maipú 1122,,San Isidro,1,1642,AR,2023-09-22 09:46:13
1339,Chacabuco 2416,,Río Cuarto,2,5800,AR,2023-09-22 22:57:01
1340,Castelli 4271,Piso 9 Dto D,La Plata,1,1900,AR,2023-09-24 16:24:06
1341,Moreno 4181,,Mendoza,4,5500,AR,2023-09-25 07:10:03
1342,Pueyrredón 696,,Rosario,3,2000,AR,2023-09-25 13:18:59
1343,Rivadavia 1940,,Córdoba,2,5000,AR,2023-09-26 11:06:55
1344,9 de Julio 4826,Piso 7 Dto F,Córdoba,2,5000,AR,2023-09-26 22:39:14
1345,Maipú 1001,,Mendoza,4,5500,AR,2023-09-27 02:31:07
1346,Güemes 2257,,Godoy Cruz,4,5501,AR,2023-09-27 12:40:22
1347,Chacabuco 4867,,Río Cuarto,2,5800,AR,2023-09-27 14:35:41
1348,Salta 964,Piso 6 Dto F,Rosario,3,2000,AR,2023-09-27 16:51:38
1349,Las Heras 4941,Piso 2 Dto A,Godoy Cruz,4,5501,AR,2023-09-27 22:06:04
1350,Pueyrredón 1925,,Mendoza,4,5500,AR,2023-09-28 09:11:09
1351,Belgrano 2725,,Quilmes,1,1878,AR,2023-09-29 08:30:50
1352,Balcarce 3506,,Rosario,3,2000,AR,2023-09-29 17:01:28
1353,Av. San Martín 3812,Piso 4 Dto F,La Plata,1,1900,AR,2023-09-29 23:14:34
1354,Rivadavia 2535,,Rosario,3,2000,AR,2023-09-30 07:59:00
1355,Chacabuco 2912,,San Rafael,4,5600,AR,2023-09-30 18:50:27
1356,9 de Julio 3138,,La Plata,1,1900,AR,2023-10-01 16:02:54
1357,Brown 1694,,La Plata,1,1900,AR,2023-10-02 00:03:06
1358,Rivadavia 4630,,Rosario,3,2000,AR,2023-10-02 00:31:32
1359,Mitre 1450,,Córdoba,2,5000,AR,2023-10-02 09:58:50
1360,Av. San Martín 2709,,Rafaela,3,2300,AR,2023-10-02 11:41:55
1361,Av. Colón 2579,,Mar del Plata,1,7600,AR,2023-10-02 13:20:45
1362,Brown 4091,,Mar del Plata,1,7600,AR,2023-10-02 17:02:37
1363,Balcarce 3969,,Córdoba,2,5000,AR,2023-10-02 18:38:09
1364,Rivadavia 1835,,Rosario,3,2000,AR,2023-10-02 21:37:56
1365,Maipú 4250,Piso 1 Dto D,Santa Fe,3,3000,AR,2023-10-03 00:29:00
1366,Salta 2299,,Bahía Blanca,1,8000,AR,2023-10-03 00:58:14
1367,Laprida 3310,Piso 12 Dto A,Mar del Plata,1,7600,AR,2023-10-03 02:59:55
1368,Entre Ríos 1756,,Córdoba,2,5000,AR,2023-10-03 06:45:27
1369,Güemes 1386,Piso 11 Dto C,Rosario,3,2000,AR,2023-10-03 15:20:34
1370,25 de Mayo 3986,Piso 10 Dto E,Godoy Cruz,4,5501,AR,2023-10-03 16:55:38
1371,Urquiza 3361,,Río Cuarto,2,5800,AR,2023-10-03 19:16:47
1372,España 3251,Piso 4 Dto B,Córdoba,2,5000,AR,2023-10-04 01:46:13
1373,España 1546,,Mendoza,4,5500,AR,2023-10-04 18:48:34
1374,Laprida 922,,Bahía Blanca,1,8000,AR,2023-10-04 23:03:55
1375,Laprida 2883,Piso 4 Dto D,Santa Fe,3,3000,AR,2023-10-05 07:36:52
1376,Alsina 1905,Piso 1 Dto B,Godoy Cruz,4,5501,AR,2023-10-05 09:18:42
1377,Salta 1143,Piso 7 Dto E,Mendoza,4,5500,AR,2023-10-05 11:17:21
1378,Tucumán 2364,,San Rafael,4,5600,AR,2023-10-05 13:22:19
1379,Sarmiento 1664,Piso 1 Dto C,Mar del Plata,1,7600,AR,2023-10-05 13:44:07
1380,Av. Pellegrini 2521,,Rosario,3,2000,AR,2023-10-05 17:20:34
1381,9 de Julio 3669,,San Isidro,1,1642,AR,2023-10-05 20:28:29
1382,Alem 1577,,San Rafael,4,5600,AR,2023-10-06 09:44:53
1383,Rivadavia 2596,Piso 12 Dto F,Mar del Plata,1,7600,AR,2023-10-06 15:40:15
1384,Av. Pellegrini 1692,Piso 12 Dto D,Rosario,3,2000,AR,2023-10-07 05:24:45
1385,Güemes 3291,Piso 2 Dto A,Rosario,3,2000,AR,2023-10-07 08:56:07
1386,Alem 3809,Piso 10 Dto D,Mendoza,4,5500,AR,2023-10-07 16:52:44
1387,Av. Colón 3063,Piso 5 Dto F,Córdoba,2,5000,AR,2023-10-08 05:24:55
1388,Moreno 637,Piso 9 Dto D,Mendoza,4,5500,AR,2023-10-08 16:03:47
1389,25 de Mayo 3385,,Quilmes,1,1878,AR,2023-10-08 21:03:10
1390,Salta 3005,Piso 7 Dto D,Santa Fe,3,3000,AR,2023-10-09 05:12:01
1391,Pueyrredón 3071,Piso 11 Dto C,Río Cuarto,2,5800,AR,2023-10-09 05:53:46
1392,Tucumán 2964,Piso 4 Dto B,Mendoza,4,5500,AR,2023-10-09 19:30:25
1393,Tucumán 2428,Piso 3 Dto F,Quilmes,1,1878,AR,2023-10-10 09:22:00
1394,Alsina 4647,,Mendoza,4,5500,AR,2023-10-10 11:13:21
1395,Brown 898,Piso 12 Dto B,San Isidro,1,1642,AR,2023-10-11 13:36:29
1396,Balcarce 381,,San Isidro,1,1642,AR,2023-10-11 13:55:45
1397,Lavalle 2183,,Quilmes,1,1878,AR,2023-10-11 14:32:41
1398,Alem 714,,La Plata,1,1900,AR,2023-10-12 03:37:13
1399,Entre Ríos 1563,,Rosario,3,2000,AR,2023-10-12 05:12:36
1400,Maipú 788,Piso 4 Dto B,Bahía Blanca,1,8000,AR,2023-10-13 10:05:16
1401,Dorrego 3564,,Mendoza,4,5500,AR,2023-10-13 13:36:12
1402,Salta 2973,,Rosario,3,2000,AR,2023-10-13 18:04:34
1403,Chacabuco 4956,,La Plata,1,1900,AR,2023-10-14 00:19:36
1404,Las Heras 4642,Piso 9 Dto B,Mar del Plata,1,7600,AR,2023-10-14 04:58:55
1405,Balcarce 2986,Piso 4 Dto E,Mendoza,4,5500,AR,2023-10-14 11:42:44
1406,Belgrano 1134,Piso 11 Dto C,Córdoba,2,5000,AR,2023-10-14 12:26:09
1407,Pueyrredón 371,Piso 2 Dto B,Mendoza,4,5500,AR,2023-10-15 01:26:49
1408,Urquiza 2432,,La Plata,1,1900,AR,2023-10-15 01:41:19
1409,Alsina 4164,Piso 12 Dto A,San Rafael,4,5600,AR,2023-10-15 08:14:47
1410,Av. Colón 4127,,Córdoba,2,5000,AR,2023-10-15 08:53:02
1411,Salta 2386,,San Isidro,1,1642,AR,2023-10-15 14:05:41
1412,Alem 1846,Piso 12 Dto C,Rafaela,3,2300,AR,2023-10-15 15:57:52
1413,Chacabuco 3356,,Godoy Cruz,4,5501,AR,2023-10-15 16:51:19
1414,Alem 4034,Piso 1 Dto B,San Isidro,1,1642,AR,2023-10-16 07:13:14
1415,Alem 1371,,Santa Fe,3,3000,AR,2023-10-16 22:19:16
1416,Av. Pellegrini 3072,,Córdoba,2,5000,AR,2023-10-16 22:30:12
1417,Tucumán 176,Piso 1 Dto C,Godoy Cruz,4,5501,AR,2023-10-17 21:43:31
1418,Balcarce 2838,,Bahía Blanca,1,8000,AR,2023-10-17 23:52:38
1419,Salta 3903,Piso 1 Dto C,Mar del Plata,1,7600,AR,2023-10-18 00:24:39
1420,Urquiza 802,Piso 5 Dto A,La Plata,1,1900,AR,2023-10-18 02:26:13
1421,España 1055,Piso 11 Dto D,Mar del Plata,1,7600,AR,2023-10-18 04:31:30
1422,Salta 446,Piso 5 Dto A,Rosario,3,2000,AR,2023-10-18 19:25:30
1423,9 de Julio 867,Piso 1 Dto A,Córdoba,2,5000,AR,2023-10-18 19:41:45
1424,Pueyrredón 4000,,Mendoza,4,5500,AR,2023-10-18 23:28:50
1425,Belgrano 2945,,Santa Fe,3,3000,AR,2023-10-19 06:39:55
1426,Mitre 1594,,La Plata,1,1900,AR,2023-10-19 13:25:26
1427,Sarmiento 970,,Rosario,3,2000,AR,2023-10-19 22:21:50
1428,Mitre 4891,Piso 6 Dto E,Quilmes,1,1878,AR,2023-10-20 01:07:35
1429,Lavalle 2368,,Godoy Cruz,4,5501,AR,2023-10-21 03:25:57
1430,Las Heras 3532,,Mendoza,4,5500,AR,2023-10-21 20:08:29
1431,Mitre 4165,Piso 4 Dto E,Quilmes,1,1878,AR,2023-10-23 01:47:51
1432,Balcarce 4679,,Godoy Cruz,4,5501,AR,2023-10-23 02:11:39
1433,Pueyrredón 3207,,La Plata,1,1900,AR,2023-10-23 03:37:59
1434,9 de Julio 1437,,Mendoza,4,5500,AR,2023-10-23 04:16:09
1435,Dorrego 4749,,Mendoza,4,5500,AR,2023-10-24 00:51:25
1436,Mitre 1730,,Godoy Cruz,4,5501,AR,2023-10-24 05:48:33
1437,Alem 3496,Piso 6 Dto C,Mendoza,4,5500,AR,2023-10-24 08:59:42
1438,9 de Julio 1426,Piso 1 Dto E,Mar del Plata,1,7600,AR,2023-10-24 21:35:44
1439,Lavalle 3343,,La Plata,1,1900,AR,2023-10-24 22:23:16
1440,Pueyrredón 2008,Piso 3 Dto E,Mendoza,4,5500,AR,2023-10-24 22:49:41
1441,Independencia 2683,,Córdoba,2,5000,AR,2023-10-25 01:34:32
1442,Mitre 174,Piso 8 Dto C,Río Cuarto,2,5800,AR,2023-10-25 06:28:35
1443,Balcarce 2671,,San Rafael,4,5600,AR,2023-10-25 12:43:28
1444,Alem 1775,Piso 4 Dto E,La Plata,1,1900,AR,2023-10-26 18:06:25
1445,9 de Julio 3873,Piso 5 Dto B,Godoy Cruz,4,5501,AR,2023-10-26 23:14:18
1446,Av. San Martín 476,Piso 1 Dto C,Mendoza,4,5500,AR,2023-10-27 11:36:53
1447,Sarmiento 1008,,La Plata,1,1900,AR,2023-10-28 02:29:03
1448,España 757,,Godoy Cruz,4,5501,AR,2023-10-28 04:46:50
1449,Laprida 617,Piso 2 Dto F,Mendoza,4,5500,AR,2023-10-28 17:35:06
1450,Tucumán 1584,,Mar del Plata,1,7600,AR,2023-10-28 20:42:04
1451,Brown 2060,Piso 11 Dto E,Mendoza,4,5500,AR,2023-10-29 04:36:03
1452,Brown 3681,,Rosario,3,2000,AR,2023-10-29 09:13:45
1453,Dorrego 1079,,Rosario,3,2000,AR,2023-10-30 00:16:53
1454,Balcarce 543,,Villa Carlos Paz,2,5152,AR,2023-10-30 00:44:22
1455,Urquiza 2082,Piso 3 Dto F,Córdoba,2,5000,AR,2023-10-30 19:22:30
1456,Laprida 1786,,Mendoza,4,5500,AR,2023-10-31 09:06:18
1457,Maipú 3896,Piso 1 Dto B,Mendoza,4,5500,AR,2023-10-31 16:13:21
1458,Av. Colón 500,,Quilmes,1,1878,AR,2023-10-31 17:15:59
1459,Brown 3739,,Rosario,3,2000,AR,2023-11-01 14:46:30
1460,Laprida 2161,Piso 3 Dto A,La Plata,1,1900,AR,2023-11-02 02:41:42
1461,Castelli 4285,Piso 11 Dto B,Rosario,3,2000,AR,2023-11-02 12:38:12
1462,Italia 1535,,Quilmes,1,1878,AR,2023-11-02 18:27:19
1463,Chacabuco 1258,,Santa Fe,3,3000,AR,2023-11-02 21:38:57
1464,Güemes 4201,Piso 10 Dto F,Bahía Blanca,1,8000,AR,2023-11-03 00:21:28
1465,25 de Mayo 3279,,Mendoza,4,5500,AR,2023-11-03 02:40:01
1466,9 de Julio 3337,,La Plata,1,1900,AR,2023-11-03 03:37:31
1467,Italia 4448,,Santa Fe,3,3000,AR,2023-11-03 14:40:38
1468,Güemes 487,Piso 2 Dto E,La Plata,1,1900,AR,2023-11-04 03:26:55
1469,Urquiza 2163,Piso 1 Dto E,Rosario,3,2000,AR,2023-11-04 09:25:04
1470,Entre Ríos 883,,Santa Fe,3,3000,AR,2023-11-04 22:11:55
1471,Balcarce 522,,Córdoba,2,5000,AR,2023-11-05 02:04:05
1472,Av. Colón 1727,,Villa Carlos Paz,2,5152,AR,2023-11-05 09:36:11
1473,Salta 4960,Piso 8 Dto A,La Plata,1,1900,AR,2023-11-05 19:52:22
1474,Alem 3110,,Godoy Cruz,4,5501,AR,2023-11-06 11:49:41
1475,Pueyrredón 4333,Piso 10 Dto B,Córdoba,2,5000,AR,2023-11-06 17:11:59
1476,Salta 3171,Piso 8 Dto F,La Plata,1,1900,AR,2023-11-06 23:05:09
1477,Independencia 3657,,Santa Fe,3,3000,AR,2023-11-07 03:53:19
1478,Mitre 3603,Piso 6 Dto A,Río Cuarto,2,5800,AR,2023-11-07 04:05:13
1479,Pueyrredón 4496,Piso 10 Dto F,Mar del Plata,1,7600,AR,2023-11-07 16:20:23
1480,Mitre 4811,Piso 3 Dto A,Rosario,3,2000,AR,2023-11-07 17:36:30
1481,25 de Mayo 2443,Piso 1 Dto F,Mendoza,4,5500,AR,2023-11-07 20:07:48
1482,Sarmiento 3889,,Villa Carlos Paz,2,5152,AR,2023-11-07 22:28:18
1483,Lavalle 3885,Piso 7 Dto F,Quilmes,1,1878,AR,2023-11-07 22:30:54
1484,Av. San Martín 2844,Piso 11 Dto D,San Isidro,1,1642,AR,2023-11-07 23:58:41
1485,Güemes 2340,Piso 10 Dto F,Santa Fe,3,3000,AR,2023-11-08 00:07:31
1486,Mitre 3827,,Córdoba,2,5000,AR,2023-11-08 03:14:24
1487,Pueyrredón 145,Piso 4 Dto E,Córdoba,2,5000,AR,2023-11-08 03:57:48
1488,Laprida 3734,,Córdoba,2,5000,AR,2023-11-09 09:05:27
1489,Alem 4188,Piso 3 Dto D,Quilmes,1,1878,AR,2023-11-09 18:17:54
1490,Rivadavia 2523,,San Isidro,1,1642,AR,2023-11-09 20:03:52
1491,Rivadavia 4309,Piso 11 Dto B,Córdoba,2,5000,AR,2023-11-10 03:47:54
1492,Chacabuco 4501,Piso 10 Dto F,Mendoza,4,5500,AR,2023-11-10 06:31:38
1493,Independencia 3418,,Godoy Cruz,4,5501,AR,2023-11-10 10:58:12
1494,Salta 4893,,Mar del Plata,1,7600,AR,2023-11-10 18:49:29
1495,Independencia 3812,Piso 12 Dto A,Mendoza,4,5500,AR,2023-11-11 02:08:28
1496,9 de Julio 3412,,Mar del Plata,1,7600,AR,2023-11-11 10:01:16
1497,Urquiza 2545,,La Plata,1,1900,AR,2023-11-12 04:39:13
1498,Brown 3975,Piso 5 Dto D,San Rafael,4,5600,AR,2023-11-12 10:32:25
1499,Lavalle 4091,,San Isidro,1,1642,AR,2023-11-12 14:13:52
1500,Balcarce 1592,,Mendoza,4,5500,AR,2023-11-12 19:35:30
1501,Av. Colón 4632,,Córdoba,2,5000,AR,2023-11-12 23:19:33
1502,Laprida 322,Piso 7 Dto B,Córdoba,2,5000,AR,2023-11-13 01:43:55
1503,Güemes 3855,,Rosario,3,2000,AR,2023-11-13 04:52:32
1504,Independencia 272,,Mendoza,4,5500,AR,2023-11-13 21:05:38
1505,Tucumán 3491,Piso 1 Dto B,Mar del Plata,1,7600,AR,2023-11-13 22:42:17
1506,Belgrano 4213,,Rosario,3,2000,AR,2023-11-14 01:32:37
1507,Salta 2560,Piso 3 Dto F,Santa Fe,3,3000,AR,2023-11-14 18:47:28
1508,Brown 2388,,Río Cuarto,2,5800,AR,2023-11-15 02:18:04
1509,Chacabuco 3912,,Rosario,3,2000,AR,2023-11-15 09:08:14
1510,Maipú 2945,,Santa Fe,3,3000,AR,2023-11-15 11:29:23
1511,Av. Colón 1375,Piso 1 Dto E,Mendoza,4,5500,AR,2023-11-15 14:54:31
1512,Entre Ríos 647,Piso 2 Dto E,Córdoba,2,5000,AR,2023-11-15 16:52:46
1513,Av. Pellegrini 3397,Piso 9 Dto B,Córdoba,2,5000,AR,2023-11-15 22:58:47
1514,Laprida 919,,San Rafael,4,5600,AR,2023-11-17 03:33:37
1515,Salta 3285,Piso 5 Dto F,Rosario,3,2000,AR,2023-11-17 06:25:15
1516,Alsina 3549,Piso 4 Dto A,Rosario,3,2000,AR,2023-11-17 09:44:27
1517,Alsina 2099,Piso 6 Dto B,San Rafael,4,5600,AR,2023-11-17 11:08:48
1518,Maipú 3340,,Córdoba,2,5000,AR,2023-11-18 18:48:09
1519,Chacabuco 2761,,Rosario,3,2000,AR,2023-11-18 19:05:21
1520,Maipú 3265,Piso 2 Dto C,Córdoba,2,5000,AR,2023-11-19 06:21:19
1521,Av. San Martín 2027,Piso 10 Dto D,Godoy Cruz,4,5501,AR,2023-11-19 08:20:15
1522,Urquiza 834,Piso 2 Dto B,Córdoba,2,5000,AR,2023-11-19 11:07:46
1523,Av. Colón 684,,Córdoba,2,5000,AR,2023-11-19 11:19:47
1524,Entre Ríos 4678,,Rosario,3,2000,AR,2023-11-19 18:40:35
1525,Entre Ríos 3990,,Córdoba,2,5000,AR,2023-11-20 07:57:33
1526,Av. Pellegrini 3999,,Mendoza,4,5500,AR,2023-11-20 16:49:22
1527,Tucumán 2434,,Rafaela,3,2300,AR,2023-11-20 22:09:49
1528,Chacabuco 2290,Piso 5 Dto F,Mendoza,4,5500,AR,2023-11-21 06:11:14
1529,Av. Colón 1793,Piso 4 Dto E,La Plata,1,1900,AR,2023-11-22 03:31:27
1530,Italia 1183,,Rosario,3,2000,AR,2023-11-22 12:39:41
1531,Urquiza 2020,Piso 6 Dto E,Godoy Cruz,4,5501,AR,2023-11-22 13:46:16
1532,Rivadavia 801,,Córdoba,2,5000,AR,2023-11-22 14:01:27
1533,Av. San Martín 1487,,Villa Carlos Paz,2,5152,AR,2023-11-22 16:47:20
1534,Belgrano 1275,,Córdoba,2,5000,AR,2023-11-23 00:40:55
1535,Entre Ríos 1678,,Mendoza,4,5500,AR,2023-11-23 02:08:30
1536,Chacabuco 172,,Rosario,3,2000,AR,2023-11-23 05:44:34
1537,Rivadavia 2255,Piso 2 Dto E,Rosario,3,2000,AR,2023-11-24 07:59:55
1538,Av. San Martín 2825,,Mendoza,4,5500,AR,2023-11-24 16:02:43
1539,Italia 3361,,Mar del Plata,1,7600,AR,2023-11-27 15:35:07
1540,Castelli 4788,Piso 3 Dto C,Mendoza,4,5500,AR,2023-11-27 17:34:45
1541,Mitre 4528,,Rosario,3,2000,AR,2023-11-27 18:10:30
1542,Alsina 3726,Piso 10 Dto D,Córdoba,2,5000,AR,2023-11-27 19:56:59
1543,Av. Colón 3037,,Córdoba,2,5000,AR,2023-11-28 01:54:16
1544,Laprida 3992,,Mendoza,4,5500,AR,2023-11-28 03:38:13
1545,Italia 3806,,Rosario,3,2000,AR,2023-11-28 06:51:51
1546,Independencia 3850,,San Rafael,4,5600,AR,2023-11-29 02:43:29
1547,Italia 2242,,Bahía Blanca,1,8000,AR,2023-11-30 06:03:34
1548,Urquiza 2584,Piso 9 Dto B,Rosario,3,2000,AR,2023-11-30 07:54:37
1549,Maipú 1786,,Rosario,3,2000,AR,2023-11-30 13:23:59
1550,Salta 1217,Piso 11 Dto F,Córdoba,2,5000,AR,2023-12-01 04:08:17
1551,Alsina 3949,,Rosario,3,2000,AR,2023-12-01 16:24:09
1552,Brown 3418,,Rosario,3,2000,AR,2023-12-01 17:20:04
1553,Tucumán 1554,,Rosario,3,2000,AR,2023-12-02 02:03:27
1554,Las Heras 3827,Piso 8 Dto C,Rosario,3,2000,AR,2023-12-02 16:19:52
1555,Chacabuco 1201,Piso 12 Dto B,Córdoba,2,5000,AR,2023-12-02 20:53:01
1556,Alsina 1664,Piso 3 Dto F,San Rafael,4,5600,AR,2023-12-03 00:02:04
1557,Moreno 2253,,Córdoba,2,5000,AR,2023-12-03 02:13:24
1558,Alem 4321,,Godoy Cruz,4,5501,AR,2023-12-03 15:54:42
1559,Lavalle 4392,Piso 1 Dto D,Villa Carlos Paz,2,5152,AR,2023-12-05 09:31:15
1560,Balcarce 3318,Piso 10 Dto B,Córdoba,2,5000,AR,2023-12-05 15:35:35
1561,Lavalle 2129,,Rosario,3,2000,AR,2023-12-06 04:41:25
1562,Maipú 4885,Piso 4 Dto B,Quilmes,1,1878,AR,2023-12-06 08:35:56
1563,Güemes 1071,Piso 12 Dto B,Quilmes,1,1878,AR,2023-12-06 12:41:22
1564,25 de Mayo 2402,,La Plata,1,1900,AR,2023-12-06 21:47:18
1565,Brown 320,Piso 10 Dto B,Santa Fe,3,3000,AR,2023-12-07 01:21:10
1566,Sarmiento 3408,Piso 10 Dto A,Córdoba,2,5000,AR,2023-12-07 03:38:58
1567,Av. Pellegrini 1511,,La Plata,1,1900,AR,2023-12-07 09:06:33
1568,Italia 4807,Piso 2 Dto D,La Plata,1,1900,AR,2023-12-07 09:43:54
1569,Chacabuco 3226,,Godoy Cruz,4,5501,AR,2023-12-07 22:14:35
1570,Salta 3134,,Córdoba,2,5000,AR,2023-12-07 22:30:46
1571,Salta 4961,Piso 3 Dto D,Godoy Cruz,4,5501,AR,2023-12-08 07:27:43
1572,Italia 2831,,Santa Fe,3,3000,AR,2023-12-08 10:02:54
1573,Moreno 2086,Piso 3 Dto F,Bahía Blanca,1,8000,AR,2023-12-08 15:47:36
1574,Balcarce 3061,,Mendoza,4,5500,AR,2023-12-08 21:02:47
1575,Lavalle 403,Piso 5 Dto B,Santa Fe,3,3000,AR,2023-12-10 01:06:14
1576,Av. San Martín 409,,Río Cuarto,2,5800,AR,2023-12-10 09:54:35
1577,Av. Colón 1596,,Villa Carlos Paz,2,5152,AR,2023-12-10 10:28:05
1578,Rivadavia 717,Piso 1 Dto F,Bahía Blanca,1,8000,AR,2023-12-10 14:23:09
1579,Italia 2247,,Bahía Blanca,1,8000,AR,2023-12-10 18:31:24
1580,Pueyrredón 1753,Piso 7 Dto A,Rosario,3,2000,AR,2023-12-11 02:51:36
1581,Laprida 2928,,Godoy Cruz,4,5501,AR,2023-12-11 05:39:17
1582,Lavalle 760,,Córdoba,2,5000,AR,2023-12-11 14:30:33
1583,Av. San Martín 1117,,Mendoza,4,5500,AR,2023-12-11 16:23:07
1584,Chacabuco 4399,,Rafaela,3,2300,AR,2023-12-11 17:54:28
1585,Tucumán 570,Piso 1 Dto B,Córdoba,2,5000,AR,2023-12-11 22:40:11
1586,Güemes 3744,,Bahía Blanca,1,8000,AR,2023-12-12 15:17:21
1587,Pueyrredón 1187,Piso 12 Dto C,Godoy Cruz,4,5501,AR,2023-12-12 16:12:42
1588,Urquiza 4696,,Córdoba,2,5000,AR,2023-12-13 00:05:39
1589,Urquiza 3397,,Santa Fe,3,3000,AR,2023-12-13 05:27:09
1590,Las Heras 654,,La Plata,1,1900,AR,2023-12-13 06:36:53
1591,Independencia 1312,,Godoy Cruz,4,5501,AR,2023-12-13 18:16:38
1592,Alem 2736,,San Isidro,1,1642,AR,2023-12-13 21:39:23
1593,Lavalle 729,Piso 8 Dto F,Mendoza,4,5500,AR,2023-12-14 01:06:54
1594,Independencia 4817,Piso 3 Dto B,Godoy Cruz,4,5501,AR,2023-12-14 14:19:21
1595,Rivadavia 4701,Piso 3 Dto F,Rosario,3,2000,AR,2023-12-14 22:25:20
1596,Independencia 1901,,Mar del Plata,1,7600,AR,2023-12-15 01:17:04
1597,Urquiza 3899,,Córdoba,2,5000,AR,2023-12-15 04:46:00
1598,Tucumán 1724,Piso 3 Dto A,Godoy Cruz,4,5501,AR,2023-12-15 05:24:14
1599,Entre Ríos 2167,,Villa Carlos Paz,2,5152,AR,2023-12-15 17:02:02
1600,25 de Mayo 1223,,Córdoba,2,5000,AR,2023-12-15 20:36:28
1601,Güemes 4462,Piso 11 Dto F,Godoy Cruz,4,5501,AR,2023-12-15 22:19:52
1602,Tucumán 2712,,San Rafael,4,5600,AR,2023-12-16 05:46:19
1603,Belgrano 3939,,Villa Carlos Paz,2,5152,AR,2023-12-16 06:43:20
1604,Sarmiento 1300,,Santa Fe,3,3000,AR,2023-12-16 11:33:21
1605,Alsina 3132,,Rosario,3,2000,AR,2023-12-16 19:30:32
1606,Independencia 3028,,Mendoza,4,5500,AR,2023-12-17 09:39:53
1607,Mitre 2570,,Rosario,3,2000,AR,2023-12-17 13:28:26
1608,Av. Colón 449,,Villa Carlos Paz,2,5152,AR,2023-12-17 14:16:48
1609,Av. Pellegrini 4963,,Córdoba,2,5000,AR,2023-12-17 21:14:21
1610,Independencia 2544,Piso 1 Dto C,Mendoza,4,5500,AR,2023-12-17 23:03:04
1611,Brown 3413,,San Isidro,1,1642,AR,2023-12-18 12:58:19
1612,Av. Pellegrini 4895,,Córdoba,2,5000,AR,2023-12-18 13:30:57
1613,España 4875,,San Rafael,4,5600,AR,2023-12-19 01:21:59
1614,Chacabuco 4379,Piso 5 Dto A,Rosario,3,2000,AR,2023-12-19 07:12:14
1615,Castelli 3821,,Córdoba,2,5000,AR,2023-12-19 09:24:49
1616,Independencia 1750,,Rosario,3,2000,AR,2023-12-19 09:25:36
1617,Av. San Martín 178,,Mendoza,4,5500,AR,2023-12-20 00:12:57
1618,Italia 1027,Piso 11 Dto B,Godoy Cruz,4,5501,AR,2023-12-20 05:07:56
1619,Rivadavia 4164,,Quilmes,1,1878,AR,2023-12-20 23:42:22
1620,Independencia 3391,,Quilmes,1,1878,AR,2023-12-21 11:52:06
1621,Belgrano 410,,Santa Fe,3,3000,AR,2023-12-21 19:17:38
1622,Castelli 632,,Villa Carlos Paz,2,5152,AR,2023-12-21 20:56:36
1623,Italia 4085,Piso 11 Dto D,Córdoba,2,5000,AR,2023-12-21 21:04:09
1624,Av. Colón 4889,Piso 4 Dto A,Bahía Blanca,1,8000,AR,2023-12-22 11:13:33
1625,Balcarce 4175,Piso 7 Dto A,Rosario,3,2000,AR,2023-12-22 13:38:02
1626,Sarmiento 1160,,La Plata,1,1900,AR,2023-12-22 23:16:36
1627,Rivadavia 951,Piso 3 Dto A,Santa Fe,3,3000,AR,2023-12-23 07:04:24
1628,Salta 319,,Rosario,3,2000,AR,2023-12-23 16:54:34
1629,Las Heras 1852,,La Plata,1,1900,AR,2023-12-24 14:16:30
1630,Sarmiento 4358,Piso 11 Dto C,Godoy Cruz,4,5501,AR,2023-12-25 00:06:49
1631,España 1312,Piso 2 Dto D,Godoy Cruz,4,5501,AR,2023-12-25 00:13:27
1632,Av. San Martín 3043,Piso 8 Dto B,Bahía Blanca,1,8000,AR,2023-12-25 08:19:20
1633,Dorrego 1418,,Rosario,3,2000,AR,2023-12-25 21:48:32
1634,Güemes 3654,Piso 8 Dto A,Godoy Cruz,4,5501,AR,2023-12-26 00:45:03
1635,Pueyrredón 4403,,San Isidro,1,1642,AR,2023-12-26 11:38:50
1636,Italia 857,Piso 10 Dto F,Godoy Cruz,4,5501,AR,2023-12-27 06:19:40
1637,Sarmiento 3607,Piso 6 Dto D,Córdoba,2,5000,AR,2023-12-27 19:16:57
1638,Güemes 2004,,Córdoba,2,5000,AR,2023-12-27 20:33:17
1639,Italia 2059,,Quilmes,1,1878,AR,2023-12-28 04:29:11
1640,Tucumán 2350,,La Plata,1,1900,AR,2023-12-28 06:16:57
1641,Pueyrredón 3944,,Santa Fe,3,3000,AR,2023-12-28 18:45:47
1642,9 de Julio 1922,,Rosario,3,2000,AR,2023-12-29 04:39:34
1643,Balcarce 648,Piso 9 Dto D,Rosario,3,2000,AR,2023-12-29 11:46:18
1644,Lavalle 847,,Córdoba,2,5000,AR,2023-12-30 00:00:31
1645,España 2979,,La Plata,1,1900,AR,2023-12-30 08:26:53
1646,Lavalle 3189,Piso 4 Dto D,San Rafael,4,5600,AR,2023-12-30 11:31:50
1647,Dorrego 3852,,Rosario,3,2000,AR,2023-12-30 19:02:42
1648,Laprida 1963,Piso 10 Dto B,Bahía Blanca,1,8000,AR,2023-12-31 00:27:24
1649,Brown 3653,,Quilmes,1,1878,AR,2023-12-31 09:55:38
1650,Mitre 2694,Piso 11 Dto B,Córdoba,2,5000,AR,2023-12-31 19:55:01
1651,Entre Ríos 2428,Piso 9 Dto C,Bahía Blanca,1,8000,AR,2024-01-01 00:52:00
1652,Laprida 480,Piso 1 Dto F,Rosario,3,2000,AR,2024-01-01 14:53:06
1653,Güemes 135,,Mar del Plata,1,7600,AR,2024-01-01 20:16:09
1654,Belgrano 3105,Piso 6 Dto D,Rosario,3,2000,AR,2024-01-02 08:08:29
1655,Laprida 2300,,Córdoba,2,5000,AR,2024-01-02 18:07:15
1656,Alem 2933,Piso 3 Dto E,Godoy Cruz,4,5501,AR,2024-01-03 12:09:14
1657,Av. Pellegrini 3661,,La Plata,1,1900,AR,2024-01-03 17:00:30
1658,Independencia 3793,,La Plata,1,1900,AR,2024-01-03 20:27:35
1659,Salta 4063,Piso 10 Dto B,San Isidro,1,1642,AR,2024-01-03 20:43:14
1660,Alsina 2427,,Santa Fe,3,3000,AR,2024-01-03 21:47:50
1661,Pueyrredón 2593,Piso 2 Dto B,La Plata,1,1900,AR,2024-01-04 15:28:19
1662,25 de Mayo 982,Piso 4 Dto F,Mendoza,4,5500,AR,2024-01-04 17:21:37
1663,Mitre 1970,,Santa Fe,3,3000,AR,2024-01-04 17:31:50
1664,Castelli 564,Piso 11 Dto C,La Plata,1,1900,AR,2024-01-04 20:11:14
1665,Las Heras 785,Piso 3 Dto A,Quilmes,1,1878,AR,2024-01-05 14:42:26
1666,Av. Pellegrini 4396,,Rosario,3,2000,AR,2024-01-05 16:13:50
1667,Rivadavia 472,Piso 10 Dto C,La Plata,1,1900,AR,2024-01-05 17:08:36
1668,Chacabuco 1477,,Villa Carlos Paz,2,5152,AR,2024-01-05 17:17:48
1669,Independencia 1684,,Córdoba,2,5000,AR,2024-01-05 17:28:12
1670,Dorrego 990,Piso 2 Dto B,Córdoba,2,5000,AR,2024-01-05 19:35:16
1671,Mitre 3926,,Córdoba,2,5000,AR,2024-01-05 19:56:45
1672,España 4068,Piso 1 Dto E,Quilmes,1,1878,AR,2024-01-05 21:57:37
1673,Chacabuco 2731,,Quilmes,1,1878,AR,2024-01-06 18:13:22
1674,Entre Ríos 1010,,Bahía Blanca,1,8000,AR,2024-01-06 23:43:55
1675,Güemes 4513,,Quilmes,1,1878,AR,2024-01-07 00:00:13
1676,Pueyrredón 3583,,Bahía Blanca,1,8000,AR,2024-01-07 08:06:01
1677,Chacabuco 3876,Piso 2 Dto C,Córdoba,2,5000,AR,2024-01-07 17:50:10
1678,9 de Julio 2516,Piso 2 Dto D,Mendoza,4,5500,AR,2024-01-07 19:00:43
1679,Balcarce 965,,Rafaela,3,2300,AR,2024-01-08 11:16:37
1680,España 4779,,La Plata,1,1900,AR,2024-01-09 09:44:11
1681,Laprida 1315,,Córdoba,2,5000,AR,2024-01-09 09:55:44
1682,Laprida 198,Piso 4 Dto C,Rosario,3,2000,AR,2024-01-09 12:39:55
1683,Las Heras 2218,Piso 12 Dto A,La Plata,1,1900,AR,2024-01-09 15:29:02
1684,Sarmiento 1133,,Rosario,3,2000,AR,2024-01-09 17:18:29
1685,Av. Colón 4906,,Río Cuarto,2,5800,AR,2024-01-09 23:03:08
1686,Güemes 1263,Piso 1 Dto F,Quilmes,1,1878,AR,2024-01-10 15:50:36
1687,Lavalle 711,,Mendoza,4,5500,AR,2024-01-10 18:03:43
1688,Rivadavia 3778,,Mendoza,4,5500,AR,2024-01-10 18:36:47
1689,Lavalle 4575,Piso 2 Dto D,Quilmes,1,1878,AR,2024-01-11 03:17:50
1690,Av. Pellegrini 491,Piso 10 Dto D,Santa Fe,3,3000,AR,2024-01-11 12:00:53
1691,Alem 1196,,Rafaela,3,2300,AR,2024-01-11 16:03:16
1692,España 4806,Piso 4 Dto B,Río Cuarto,2,5800,AR,2024-01-11 17:39:13
1693,Italia 1986,,Mar del Plata,1,7600,AR,2024-01-11 17:58:47
1694,Moreno 4966,Piso 1 Dto E,San Isidro,1,1642,AR,2024-01-11 19:26:00
1695,Moreno 2555,,Rafaela,3,2300,AR,2024-01-12 08:52:29
1696,Av. Colón 2289,Piso 8 Dto B,Rosario,3,2000,AR,2024-01-12 09:05:56
1697,Las Heras 366,,Quilmes,1,1878,AR,2024-01-12 11:26:30
1698,Av. Pellegrini 3704,,Godoy Cruz,4,5501,AR,2024-01-12 15:42:57
1699,Alsina 221,,San Isidro,1,1642,AR,2024-01-12 19:49:26
1700,Brown 3528,Piso 7 Dto E,Santa Fe,3,3000,AR,2024-01-12 21:12:38
1701,España 1002,Piso 8 Dto D,Rafaela,3,2300,AR,2024-01-13 08:29:18
1702,Pueyrredón 4769,,Rosario,3,2000,AR,2024-01-13 14:10:05
1703,España 3515,Piso 8 Dto E,Villa Carlos Paz,2,5152,AR,2024-01-13 14:32:51
1704,Entre Ríos 2160,,Godoy Cruz,4,5501,AR,2024-01-13 14:38:04
1705,Independencia 1347,,Santa Fe,3,3000,AR,2024-01-13 15:09:37
1706,Entre Ríos 1596,Piso 4 Dto A,Rosario,3,2000,AR,2024-01-13 15:52:10
1707,25 de Mayo 1820,,Mendoza,4,5500,AR,2024-01-13 19:43:30
1708,Maipú 1325,Piso 9 Dto A,Villa Carlos Paz,2,5152,AR,2024-01-13 21:23:38
1709,Brown 2876,,Rosario,3,2000,AR,2024-01-14 16:29:56
1710,Av. Colón 2876,Piso 4 Dto D,Mar del Plata,1,7600,AR,2024-01-14 16:45:00
1711,Independencia 2619,Piso 5 Dto A,Rafaela,3,2300,AR,2024-01-14 22:26:55
1712,25 de Mayo 2740,,Bahía Blanca,1,8000,AR,2024-01-14 23:30:21
1713,Belgrano 2844,,Córdoba,2,5000,AR,2024-01-15 10:43:31
1714,Entre Ríos 3023,,Quilmes,1,1878,AR,2024-01-15 10:45:32
1715,Av. San Martín 156,Piso 9 Dto D,Rosario,3,2000,AR,2024-01-15 17:16:08
1716,Pueyrredón 462,,Rosario,3,2000,AR,2024-01-15 20:55:57
1717,Tucumán 4858,Piso 5 Dto A,Mar del Plata,1,7600,AR,2024-01-16 10:25:27
1718,Pueyrredón 4982,Piso 2 Dto A,La Plata,1,1900,AR,2024-01-16 12:28:01
1719,Pueyrredón 1264,Piso 5 Dto F,Mendoza,4,5500,AR,2024-01-16 16:03:47
1720,Chacabuco 2592,,Córdoba,2,5000,AR,2024-01-16 16:16:36
1721,Av. Pellegrini 2593,Piso 7 Dto A,Quilmes,1,1878,AR,2024-01-16 22:17:48
1722,Sarmiento 3192,,Río Cuarto,2,5800,AR,2024-01-16 22:26:51
1723,Belgrano 3151,Piso 11 Dto A,La Plata,1,1900,AR,2024-01-17 16:34:09
1724,Balcarce 2540,,La Plata,1,1900,AR,2024-01-17 17:42:28
1725,Alsina 1423,,Mar del Plata,1,7600,AR,2024-01-18 12:16:27
1726,Lavalle 1075,Piso 9 Dto A,Mar del Plata,1,7600,AR,2024-01-18 12:36:19
1727,Lavalle 1636,,Río Cuarto,2,5800,AR,2024-01-18 14:40:27
1728,Av. Colón 2921,Piso 6 Dto B,Rosario,3,2000,AR,2024-01-18 17:54:53
1729,Italia 3418,Piso 5 Dto D,Mendoza,4,5500,AR,2024-01-18 18:10:02
1730,Lavalle 4535,,Mar del Plata,1,7600,AR,2024-01-18 18:24:33
1731,Mitre 4409,Piso 10 Dto E,Rosario,3,2000,AR,2024-01-18 19:27:52
1732,Pueyrredón 2798,Piso 2 Dto E,Villa Carlos Paz,2,5152,AR,2024-01-18 20:20:02
1733,Lavalle 914,Piso 3 Dto C,Quilmes,1,1878,AR,2024-01-19 15:10:39
1734,Rivadavia 1230,Piso 11 Dto E,Mar del Plata,1,7600,AR,2024-01-19 18:31:14
1735,Salta 4485,,Santa Fe,3,3000,AR,2024-01-19 18:38:13
1736,Brown 1862,Piso 11 Dto A,Rosario,3,2000,AR,2024-01-20 13:30:36
1737,25 de Mayo 444,,Mar del Plata,1,7600,AR,2024-01-20 15:22:37
1738,Sarmiento 4089,,Córdoba,2,5000,AR,2024-01-20 15:25:06
1739,9 de Julio 4839,,Mar del Plata,1,7600,AR,2024-01-20 16:57:16
1740,Urquiza 3593,Piso 4 Dto A,La Plata,1,1900,AR,2024-01-20 17:47:43
1741,Belgrano 2957,,Santa Fe,3,3000,AR,2024-01-20 20:28:24
1742,Alem 1631,Piso 10 Dto D,Mar del Plata,1,7600,AR,2024-01-21 10:44:28
1743,Mitre 4935,,Río Cuarto,2,5800,AR,2024-01-22 15:12:09
1744,25 de Mayo 1075,,Villa Carlos Paz,2,5152,AR,2024-01-22 19:27:58
1745,Italia 1892,Piso 12 Dto A,Río Cuarto,2,5800,AR,2024-01-22 19:37:41
1746,Italia 361,,Córdoba,2,5000,AR,2024-01-22 22:51:01
1747,Av. San Martín 2556,,Córdoba,2,5000,AR,2024-01-22 23:23:45
1748,Independencia 1959,,Córdoba,2,5000,AR,2024-01-22 23:37:14
1749,Balcarce 918,,La Plata,1,1900,AR,2024-01-23 10:56:00
1750,Alem 783,,Córdoba,2,5000,AR,2024-01-23 12:28:50
1751,Güemes 4365,Piso 8 Dto E,Quilmes,1,1878,AR,2024-01-23 13:00:52
1752,Dorrego 3268,,Córdoba,2,5000,AR,2024-01-23 16:04:05
1753,Salta 3609,,Rosario,3,2000,AR,2024-01-23 17:33:27
1754,España 3226,,Quilmes,1,1878,AR,2024-01-23 18:48:59
1755,Independencia 2293,,Santa Fe,3,3000,AR,2024-01-24 10:47:03
1756,Dorrego 477,,La Plata,1,1900,AR,2024-01-24 14:17:47
1757,Castelli 1980,,Rosario,3,2000,AR,2024-01-24 16:28:49
1758,Salta 3231,,La Plata,1,1900,AR,2024-01-24 18:45:38
1759,25 de Mayo 2313,Piso 4 Dto C,Quilmes,1,1878,AR,2024-01-24 20:37:02
1760,Av. Colón 4711,,Santa Fe,3,3000,AR,2024-01-25 13:34:10
1761,España 2564,,San Isidro,1,1642,AR,2024-01-25 16:27:23
1762,Balcarce 4233,,Córdoba,2,5000,AR,2024-01-26 14:47:12
1763,Belgrano 554,,San Rafael,4,5600,AR,2024-01-26 18:52:22
1764,Balcarce 3213,Piso 9 Dto A,Quilmes,1,1878,AR,2024-01-27 02:09:03
1765,Entre Ríos 2181,Piso 12 Dto A,Río Cuarto,2,5800,AR,2024-01-27 17:39:42
1766,Pueyrredón 2289,,San Isidro,1,1642,AR,2024-01-27 18:46:21
1767,Av. San Martín 4036,,Villa Carlos Paz,2,5152,AR,2024-01-27 19:41:42
1768,Tucumán 2638,Piso 11 Dto C,La Plata,1,1900,AR,2024-01-28 20:35:33
1769,Alem 3157,Piso 7 Dto F,La Plata,1,1900,AR,2024-01-29 12:29:06
1770,Italia 4566,Piso 9 Dto C,Río Cuarto,2,5800,AR,2024-01-29 18:08:38
1771,Salta 376,,San Isidro,1,1642,AR,2024-01-30 08:04:53
1772,Independencia 1251,,Villa Carlos Paz,2,5152,AR,2024-01-30 15:08:13
1773,Tucumán 4559,Piso 11 Dto B,Mar del Plata,1,7600,AR,2024-01-30 16:10:55
1774,9 de Julio 715,,La Plata,1,1900,AR,2024-01-30 16:28:20
1775,Av. Colón 647,Piso 9 Dto D,Quilmes,1,1878,AR,2024-01-30 17:28:50
1776,Italia 4258,,Quilmes,1,1878,AR,2024-01-30 18:00:25
1777,Maipú 3147,,Río Cuarto,2,5800,AR,2024-01-30 21:03:01
1778,Castelli 2906,,La Plata,1,1900,AR,2024-01-30 21:42:52
1779,Alem 639,Piso 6 Dto D,Mendoza,4,5500,AR,2024-01-30 23:46:00
1780,Salta 835,Piso 6 Dto C,Santa Fe,3,3000,AR,2024-01-31 15:07:21
1781,Sarmiento 2829,,Mar del Plata,1,7600,AR,2024-01-31 15:49:48
1782,9 de Julio 4645,,Río Cuarto,2,5800,AR,2024-01-31 18:50:10
1783,Mitre 233,,Santa Fe,3,3000,AR,2024-01-31 21:57:54
1784,Güemes 398,,Rosario,3,2000,AR,2024-01-31 23:00:47
1785,Balcarce 1097,,Santa Fe,3,3000,AR,2024-02-01 10:07:14
1786,Sarmiento 3744,,Río Cuarto,2,5800,AR,2024-02-01 11:22:43
1787,9 de Julio 3320,,Río Cuarto,2,5800,AR,2024-02-01 12:01:40
1788,Moreno 2738,Piso 1 Dto D,La Plata,1,1900,AR,2024-02-01 12:20:38
1789,Brown 641,Piso 8 Dto D,Mendoza,4,5500,AR,2024-02-02 11:02:36
1790,Laprida 799,Piso 8 Dto F,Bahía Blanca,1,8000,AR,2024-02-02 17:02:37
1791,Sarmiento 3661,,La Plata,1,1900,AR,2024-02-02 18:16:11
1792,Alem 1903,Piso 12 Dto C,Bahía Blanca,1,8000,AR,2024-02-02 21:20:25
1793,Sarmiento 454,,La Plata,1,1900,AR,2024-02-03 11:36:22
1794,Mitre 4641,Piso 1 Dto F,Córdoba,2,5000,AR,2024-02-03 13:35:31
1795,Av. San Martín 3528,Piso 8 Dto F,La Plata,1,1900,AR,2024-02-03 14:44:45
1796,Alsina 1038,Piso 12 Dto A,Mendoza,4,5500,AR,2024-02-03 18:38:01
1797,Güemes 2317,,Quilmes,1,1878,AR,2024-02-04 11:58:03
1798,Av. Pellegrini 3594,,San Isidro,1,1642,AR,2024-02-04 12:23:30
1799,Salta 3934,,Mar del Plata,1,7600,AR,2024-02-04 12:34:09
1800,Tucumán 4872,,Rosario,3,2000,AR,2024-02-04 15:43:24
1801,Chacabuco 4314,,Quilmes,1,1878,AR,2024-02-04 17:05:07
1802,Alem 1538,Piso 1 Dto F,Mendoza,4,5500,AR,2024-02-04 20:31:17
1803,Alem 4637,,Rosario,3,2000,AR,2024-02-05 08:31:50
1804,Urquiza 1529,,Quilmes,1,1878,AR,2024-02-05 11:05:46
1805,Av. Colón 2798,,La Plata,1,1900,AR,2024-02-05 11:41:10
1806,Alsina 2066,,Quilmes,1,1878,AR,2024-02-05 12:47:09
1807,Av. Colón 4347,Piso 6 Dto B,Córdoba,2,5000,AR,2024-02-05 13:04:04
1808,Independencia 2528,Piso 1 Dto B,Córdoba,2,5000,AR,2024-02-05 13:38:51
1809,Las Heras 4019,,Quilmes,1,1878,AR,2024-02-06 09:56:26
1810,Rivadavia 1043,,Rafaela,3,2300,AR,2024-02-06 14:35:10
1811,Mitre 1952,Piso 7 Dto F,Río Cuarto,2,5800,AR,2024-02-06 15:38:26
1812,Brown 2761,,Rosario,3,2000,AR,2024-02-07 14:45:56
1813,Dorrego 421,,Quilmes,1,1878,AR,2024-02-08 22:46:34
1814,25 de Mayo 757,,Rosario,3,2000,AR,2024-02-09 11:20:40
1815,9 de Julio 2327,Piso 10 Dto C,Bahía Blanca,1,8000,AR,2024-02-09 20:51:34
1816,Rivadavia 4996,Piso 10 Dto E,Rosario,3,2000,AR,2024-02-10 09:39:12
1817,Av. Colón 4531,Piso 7 Dto A,Mendoza,4,5500,AR,2024-02-10 12:36:29
1818,Italia 4881,,Mendoza,4,5500,AR,2024-02-10 12:43:38
1819,Alsina 4208,Piso 3 Dto F,Bahía Blanca,1,8000,AR,2024-02-10 13:53:32
1820,Mitre 2084,Piso 12 Dto F,San Isidro,1,1642,AR,2024-02-10 17:24:30
1821,Lavalle 2916,,Mendoza,4,5500,AR,2024-02-10 18:16:13
1822,Av. Colón 1901,Piso 2 Dto A,Rosario,3,2000,AR,2024-02-11 09:59:31
1823,Av. Colón 1585,Piso 7 Dto F,La Plata,1,1900,AR,2024-02-11 19:02:22
1824,Urquiza 1932,,Rosario,3,2000,AR,2024-02-12 10:09:42
1825,Av. Pellegrini 3076,Piso 1 Dto D,Mendoza,4,5500,AR,2024-02-13 07:11:11
1826,Güemes 4217,,La Plata,1,1900,AR,2024-02-13 11:15:23
1827,Alem 1452,,Mendoza,4,5500,AR,2024-02-13 12:22:12
1828,Güemes 1331,Piso 12 Dto C,Villa Carlos Paz,2,5152,AR,2024-02-13 12:49:37
1829,Dorrego 516,Piso 2 Dto D,Rosario,3,2000,AR,2024-02-13 23:27:49
1830,Güemes 3483,Piso 1 Dto C,Rosario,3,2000,AR,2024-02-14 01:07:25
1831,Lavalle 3009,Piso 5 Dto C,San Isidro,1,1642,AR,2024-02-14 20:16:15
1832,25 de Mayo 1620,,Córdoba,2,5000,AR,2024-02-14 23:21:51
1833,Independencia 1327,Piso 3 Dto A,Rosario,3,2000,AR,2024-02-15 00:51:16
1834,Dorrego 681,,Bahía Blanca,1,8000,AR,2024-02-15 05:58:45
1835,Av. Pellegrini 630,Piso 5 Dto E,San Isidro,1,1642,AR,2024-02-15 09:32:44
1836,Salta 858,Piso 9 Dto C,Mar del Plata,1,7600,AR,2024-02-15 11:28:43
1837,Rivadavia 3200,,San Isidro,1,1642,AR,2024-02-15 13:22:17
1838,Belgrano 501,,Mar del Plata,1,7600,AR,2024-02-15 18:05:45
1839,Lavalle 3925,,La Plata,1,1900,AR,2024-02-15 18:07:51
1840,25 de Mayo 2965,Piso 12 Dto A,Río Cuarto,2,5800,AR,2024-02-15 22:07:32
1841,Mitre 3863,Piso 10 Dto C,Villa Carlos Paz,2,5152,AR,2024-02-15 22:21:50
1842,Dorrego 788,Piso 9 Dto C,Mendoza,4,5500,AR,2024-02-16 12:06:26
1843,Güemes 2162,Piso 7 Dto D,Mendoza,4,5500,AR,2024-02-16 13:22:27
1844,Lavalle 4088,,La Plata,1,1900,AR,2024-02-16 19:32:11
1845,Güemes 4771,,Quilmes,1,1878,AR,2024-02-16 20:22:09
1846,25 de Mayo 2054,,Rafaela,3,2300,AR,2024-02-16 20:34:40
1847,Chacabuco 3520,Piso 6 Dto F,Córdoba,2,5000,AR,2024-02-16 21:21:56
1848,Sarmiento 2020,Piso 6 Dto F,Mar del Plata,1,7600,AR,2024-02-16 21:52:06
1849,Sarmiento 1669,Piso 9 Dto D,Bahía Blanca,1,8000,AR,2024-02-17 11:51:12
1850,Entre Ríos 1211,Piso 9 Dto D,Rosario,3,2000,AR,2024-02-17 13:37:20
1851,Mitre 2088,Piso 8 Dto E,Mendoza,4,5500,AR,2024-02-17 15:33:07
1852,Belgrano 4006,,Mendoza,4,5500,AR,2024-02-17 17:34:25
1853,Dorrego 1409,,Rosario,3,2000,AR,2024-02-17 20:03:30
1854,25 de Mayo 717,,Godoy Cruz,4,5501,AR,2024-02-17 20:37:42
1855,Las Heras 2114,,San Rafael,4,5600,AR,2024-02-18 19:55:39
1856,Salta 2331,,La Plata,1,1900,AR,2024-02-18 21:52:31
1857,Salta 682,Piso 11 Dto C,Rosario,3,2000,AR,2024-02-18 23:05:04
1858,Italia 1057,,Córdoba,2,5000,AR,2024-02-19 09:13:25
1859,Castelli 2982,,Santa Fe,3,3000,AR,2024-02-19 10:02:54
1860,Rivadavia 3684,Piso 6 Dto D,Córdoba,2,5000,AR,2024-02-19 12:27:48
1861,Tucumán 2939,,Río Cuarto,2,5800,AR,2024-02-19 14:26:38
1862,9 de Julio 1605,,Río Cuarto,2,5800,AR,2024-02-19 16:07:17
1863,Italia 4850,Piso 7 Dto A,La Plata,1,1900,AR,2024-02-19 16:20:50
1864,9 de Julio 3767,,Mendoza,4,5500,AR,2024-02-19 16:45:41
1865,Alem 3965,Piso 2 Dto B,Mar del Plata,1,7600,AR,2024-02-19 17:15:02
1866,Laprida 2508,,Rosario,3,2000,AR,2024-02-19 17:45:13
1867,Güemes 748,,Bahía Blanca,1,8000,AR,2024-02-20 01:17:00
1868,Entre Ríos 179,,San Isidro,1,1642,AR,2024-02-20 07:02:23
1869,Maipú 3470,,Córdoba,2,5000,AR,2024-02-20 09:45:30
1870,Lavalle 1701,,Córdoba,2,5000,AR,2024-02-20 11:39:34
1871,Balcarce 874,Piso 5 Dto C,Rosario,3,2000,AR,2024-02-20 12:33:30
1872,Salta 4227,Piso 4 Dto A,San Isidro,1,1642,AR,2024-02-21 08:03:57
1873,Moreno 592,,La Plata,1,1900,AR,2024-02-21 08:08:19
1874,Balcarce 2988,,La Plata,1,1900,AR,2024-02-21 12:10:43
1875,Balcarce 3250,Piso 4 Dto B,Córdoba,2,5000,AR,2024-02-21 12:20:48
1876,Moreno 2429,Piso 5 Dto B,Mendoza,4,5500,AR,2024-02-21 12:44:14
1877,Rivadavia 3246,,Rosario,3,2000,AR,2024-02-21 17:24:23
1878,Dorrego 2915,,Rosario,3,2000,AR,2024-02-21 18:11:22
1879,Castelli 3277,,Rosario,3,2000,AR,2024-02-21 20:14:17
1880,Alsina 181,Piso 7 Dto B,Córdoba,2,5000,AR,2024-02-21 21:25:57
1881,Independencia 3852,,Godoy Cruz,4,5501,AR,2024-02-22 15:11:48
1882,Salta 4018,Piso 5 Dto D,Córdoba,2,5000,AR,2024-02-22 18:08:56
1883,Las Heras 2684,,Rosario,3,2000,AR,2024-02-22 20:22:53
1884,Belgrano 3028,,San Isidro,1,1642,AR,2024-02-23 00:05:57
1885,Italia 2379,Piso 9 Dto E,La Plata,1,1900,AR,2024-02-23 13:55:48
1886,Av. Colón 640,Piso 9 Dto F,Villa Carlos Paz,2,5152,AR,2024-02-23 18:15:27
1887,Belgrano 2783,,Rafaela,3,2300,AR,2024-02-23 18:37:15
1888,Las Heras 1344,,Córdoba,2,5000,AR,2024-02-23 18:42:04
1889,9 de Julio 1148,,La Plata,1,1900,AR,2024-02-23 18:48:21
1890,Dorrego 2331,,Bahía Blanca,1,8000,AR,2024-02-23 18:53:43
1891,Independencia 4057,,Godoy Cruz,4,5501,AR,2024-02-23 20:24:07
1892,Pueyrredón 1475,,Rosario,3,2000,AR,2024-02-24 11:10:51
1893,Av. Colón 2838,,Río Cuarto,2,5800,AR,2024-02-24 13:14:18
1894,Castelli 1223,,Quilmes,1,1878,AR,2024-02-24 14:51:53
1895,Mitre 103,Piso 2 Dto F,Rosario,3,2000,AR,2024-02-24 15:21:59
1896,Av. Colón 870,,Santa Fe,3,3000,AR,2024-02-24 15:46:56
1897,9 de Julio 699,Piso 4 Dto B,Córdoba,2,5000,AR,2024-02-24 18:39:27
1898,Mitre 3068,Piso 8 Dto F,La Plata,1,1900,AR,2024-02-25 01:50:42
1899,Güemes 554,,Bahía Blanca,1,8000,AR,2024-02-25 12:04:50
1900,Lavalle 4194,Piso 8 Dto D,Godoy Cruz,4,5501,AR,2024-02-26 14:57:30
1901,Maipú 3785,,San Rafael,4,5600,AR,2024-02-26 17:12:00
1902,Entre Ríos 1772,,Mar del Plata,1,7600,AR,2024-02-26 18:28:09
1903,Pueyrredón 1449,Piso 6 Dto E,Río Cuarto,2,5800,AR,2024-02-26 19:40:39
1904,Av. San Martín 2356,Piso 11 Dto C,Santa Fe,3,3000,AR,2024-02-26 20:01:39
1905,Dorrego 4554,,Río Cuarto,2,5800,AR,2024-02-26 20:05:58
1906,Moreno 4601,Piso 1 Dto A,Córdoba,2,5000,AR,2024-02-26 20:44:04
1907,Av. Pellegrini 4241,,Córdoba,2,5000,AR,2024-02-26 21:34:42
1908,Güemes 4982,Piso 6 Dto C,Rosario,3,2000,AR,2024-02-26 22:19:54
1909,Chacabuco 3213,Piso 5 Dto D,Córdoba,2,5000,AR,2024-02-27 11:03:55
1910,Balcarce 1275,Piso 8 Dto E,Río Cuarto,2,5800,AR,2024-02-27 11:07:39
1911,Alsina 526,Piso 12 Dto F,Santa Fe,3,3000,AR,2024-02-27 12:34:38
1912,Maipú 2522,,Río Cuarto,2,5800,AR,2024-02-27 13:54:47
1913,Av. San Martín 4194,,La Plata,1,1900,AR,2024-02-27 16:40:42
1914,Tucumán 2006,,Córdoba,2,5000,AR,2024-02-27 20:49:28
1915,Tucumán 2455,Piso 5 Dto E,Rafaela,3,2300,AR,2024-02-27 21:00:21
1916,Mitre 4163,,Rosario,3,2000,AR,2024-02-27 21:13:38
1917,Alsina 3561,Piso 3 Dto A,Córdoba,2,5000,AR,2024-02-28 06:26:49
1918,Castelli 3223,Piso 8 Dto E,Villa Carlos Paz,2,5152,AR,2024-02-28 13:34:14
1919,Italia 4263,,Mendoza,4,5500,AR,2024-02-28 15:54:37
1920,Av. Pellegrini 3061,,Rafaela,3,2300,AR,2024-02-28 21:47:20
1921,Castelli 380,,Quilmes,1,1878,AR,2024-02-28 22:03:49
1922,Dorrego 4237,,Godoy Cruz,4,5501,AR,2024-02-29 15:17:34
1923,Entre Ríos 4812,,Córdoba,2,5000,AR,2024-02-29 15:56:14
1924,Castelli 3088,Piso 5 Dto B,Quilmes,1,1878,AR,2024-02-29 16:37:44
1925,Av. San Martín 3780,Piso 12 Dto D,San Rafael,4,5600,AR,2024-02-29 19:43:45
1926,Av. San Martín 1635,,Quilmes,1,1878,AR,2024-02-29 20:33:49
1927,Laprida 3608,,Mar del Plata,1,7600,AR,2024-02-29 20:49:11
1928,Italia 395,Piso 10 Dto A,Córdoba,2,5000,AR,2024-02-29 21:00:19
1929,Alem 873,Piso 6 Dto E,Santa Fe,3,3000,AR,2024-02-29 22:35:39
1930,Pueyrredón 3747,Piso 4 Dto B,Córdoba,2,5000,AR,2024-03-01 10:56:53
1931,Sarmiento 3234,Piso 9 Dto A,Córdoba,2,5000,AR,2024-03-01 13:47:10
1932,Av. Colón 1781,Piso 11 Dto E,Mar del Plata,1,7600,AR,2024-03-01 15:48:09
1933,Balcarce 4716,Piso 1 Dto A,Córdoba,2,5000,AR,2024-03-01 18:24:39
1934,Belgrano 1313,Piso 5 Dto C,Godoy Cruz,4,5501,AR,2024-03-01 18:38:05
1935,Pueyrredón 2533,,Quilmes,1,1878,AR,2024-03-01 19:50:01
1936,Tucumán 2676,,Córdoba,2,5000,AR,2024-03-01 19:55:09
1937,Balcarce 3491,,Córdoba,2,5000,AR,2024-03-01 20:46:28
1938,Castelli 2707,,La Plata,1,1900,AR,2024-03-01 21:33:11
1939,Av. San Martín 3559,,San Rafael,4,5600,AR,2024-03-01 21:33:54
1940,España 397,,Quilmes,1,1878,AR,2024-03-02 09:12:09
1941,Dorrego 3375,,Santa Fe,3,3000,AR,2024-03-02 11:19:04
1942,Av. Pellegrini 263,,Godoy Cruz,4,5501,AR,2024-03-02 15:13:28
1943,España 620,,Río Cuarto,2,5800,AR,2024-03-02 16:07:46
1944,Salta 4029,,Villa Carlos Paz,2,5152,AR,2024-03-02 19:34:52
1945,Entre Ríos 3710,,La Plata,1,1900,AR,2024-03-03 17:51:28
1946,Lavalle 1276,,Santa Fe,3,3000,AR,2024-03-03 18:06:48
1947,Tucumán 4934,,Rafaela,3,2300,AR,2024-03-03 20:38:16
1948,9 de Julio 482,,Santa Fe,3,3000,AR,2024-03-04 05:02:26
1949,Italia 1167,,San Isidro,1,1642,AR,2024-03-04 08:59:02
1950,Brown 4617,Piso 12 Dto B,Quilmes,1,1878,AR,2024-03-04 10:15:58
1951,España 1945,,Córdoba,2,5000,AR,2024-03-04 11:51:29
1952,Chacabuco 2479,Piso 12 Dto C,Quilmes,1,1878,AR,2024-03-04 13:48:55
1953,Belgrano 3839,,San Isidro,1,1642,AR,2024-03-04 14:09:48
1954,Sarmiento 4130,Piso 7 Dto A,La Plata,1,1900,AR,2024-03-04 18:06:40
1955,Castelli 4852,,Mar del Plata,1,7600,AR,2024-03-04 18:34:04
1956,Salta 3900,,Mendoza,4,5500,AR,2024-03-04 19:05:44
1957,Laprida 409,,Córdoba,2,5000,AR,2024-03-04 20:45:29
1958,Lavalle 4646,,Córdoba,2,5000,AR,2024-03-04 23:08:09
1959,Pueyrredón 1398,Piso 9 Dto B,Bahía Blanca,1,8000,AR,2024-03-05 09:29:17
1960,Independencia 4022,Piso 12 Dto F,Rafaela,3,2300,AR,2024-03-05 14:41:11
1961,Rivadavia 2503,Piso 12 Dto D,Rafaela,3,2300,AR,2024-03-05 14:45:08
1962,Sarmiento 2468,,La Plata,1,1900,AR,2024-03-05 15:22:13
1963,Castelli 353,Piso 7 Dto E,Quilmes,1,1878,AR,2024-03-05 22:31:05
1964,Alsina 4466,Piso 8 Dto B,Río Cuarto,2,5800,AR,2024-03-06 18:06:30
1965,Pueyrredón 3394,Piso 4 Dto A,Rosario,3,2000,AR,2024-03-06 21:24:54
1966,Lavalle 2345,Piso 12 Dto C,Rafaela,3,2300,AR,2024-03-07 11:10:02
1967,España 4327,,Bahía Blanca,1,8000,AR,2024-03-07 18:55:47
1968,Mitre 3857,,Santa Fe,3,3000,AR,2024-03-07 20:54:13
1969,Güemes 1981,,Quilmes,1,1878,AR,2024-03-08 10:24:41
1970,Alsina 4535,Piso 2 Dto E,Godoy Cruz,4,5501,AR,2024-03-08 12:25:18
1971,Chacabuco 3160,,Mar del Plata,1,7600,AR,2024-03-08 13:46:27
1972,Castelli 3884,,La Plata,1,1900,AR,2024-03-08 20:04:05
1973,Av. Pellegrini 326,,San Isidro,1,1642,AR,2024-03-08 21:40:04
1974,Av. Colón 1819,,Córdoba,2,5000,AR,2024-03-09 10:23:03
1975,Sarmiento 2011,Piso 3 Dto E,San Rafael,4,5600,AR,2024-03-09 14:41:42
1976,Alsina 1414,Piso 3 Dto C,Bahía Blanca,1,8000,AR,2024-03-09 17:39:30
1977,Mitre 1241,,Rosario,3,2000,AR,2024-03-09 18:45:24
1978,Mitre 3442,,San Isidro,1,1642,AR,2024-03-09 23:16:12
1979,Alsina 689,Piso 1 Dto E,La Plata,1,1900,AR,2024-03-10 19:38:43
1980,Salta 1630,,Bahía Blanca,1,8000,AR,2024-03-10 22:26:13
1981,Av. Pellegrini 4811,Piso 2 Dto E,San Isidro,1,1642,AR,2024-03-10 22:36:20
1982,Av. San Martín 432,Piso 8 Dto C,Bahía Blanca,1,8000,AR,2024-03-11 14:10:55
1983,Salta 2430,Piso 3 Dto D,Córdoba,2,5000,AR,2024-03-11 14:28:10
1984,Entre Ríos 4480,,San Isidro,1,1642,AR,2024-03-11 14:48:27
1985,Belgrano 1487,,Santa Fe,3,3000,AR,2024-03-11 15:35:09
1986,Italia 2812,,Río Cuarto,2,5800,AR,2024-03-11 15:37:24
1987,Entre Ríos 1188,Piso 4 Dto E,Rosario,3,2000,AR,2024-03-12 09:25:45
1988,Rivadavia 3734,,Rafaela,3,2300,AR,2024-03-12 11:01:07
1989,Mitre 2782,Piso 9 Dto B,San Isidro,1,1642,AR,2024-03-12 11:35:28
1990,Alem 3032,Piso 7 Dto F,Santa Fe,3,3000,AR,2024-03-12 12:12:11
1991,Chacabuco 1085,Piso 5 Dto F,San Isidro,1,1642,AR,2024-03-12 16:41:59
1992,Dorrego 4980,Piso 10 Dto E,Mar del Plata,1,7600,AR,2024-03-12 20:14:11
1993,Italia 3281,,Mar del Plata,1,7600,AR,2024-03-12 23:25:59
1994,Alem 3051,Piso 9 Dto C,Río Cuarto,2,5800,AR,2024-03-13 17:10:50
1995,Urquiza 2073,Piso 7 Dto B,Villa Carlos Paz,2,5152,AR,2024-03-13 20:13:12
1996,Urquiza 2849,,Quilmes,1,1878,AR,2024-03-13 23:24:50
1997,Castelli 709,Piso 7 Dto F,Santa Fe,3,3000,AR,2024-03-14 08:07:26
1998,Castelli 4776,Piso 8 Dto B,Río Cuarto,2,5800,AR,2024-03-14 18:22:40
1999,Chacabuco 3451,,Córdoba,2,5000,AR,2024-03-15 14:10:57
2000,9 de Julio 3327,,Bahía Blanca,1,8000,AR,2024-03-15 15:17:07
2001,Castelli 1131,,La Plata,1,1900,AR,2024-03-15 15:21:33
2002,Dorrego 2952,Piso 11 Dto A,Bahía Blanca,1,8000,AR,2024-03-16 10:48:18
2003,9 de Julio 1955,,Córdoba,2,5000,AR,2024-03-16 11:49:49
2004,España 3947,Piso 8 Dto F,Villa Carlos Paz,2,5152,AR,2024-03-16 12:02:50
2005,Brown 1341,Piso 10 Dto B,Rosario,3,2000,AR,2024-03-17 12:28:25
2006,Av. Pellegrini 2014,,La Plata,1,1900,AR,2024-03-17 21:01:46
2007,Moreno 4977,Piso 8 Dto C,Córdoba,2,5000,AR,2024-03-18 11:41:30
2008,Pueyrredón 3960,,La Plata,1,1900,AR,2024-03-18 16:54:43
2009,Dorrego 4358,Piso 11 Dto C,Rosario,3,2000,AR,2024-03-18 19:38:32
2010,Belgrano 3157,Piso 6 Dto A,Mar del Plata,1,7600,AR,2024-03-18 19:41:49
2011,Pueyrredón 2705,Piso 8 Dto E,Río Cuarto,2,5800,AR,2024-03-18 23:48:56
2012,Av. Colón 1817,Piso 4 Dto A,Godoy Cruz,4,5501,AR,2024-03-19 09:29:34
2013,Alem 3188,,San Isidro,1,1642,AR,2024-03-19 11:14:39
2014,Alem 902,Piso 7 Dto F,Quilmes,1,1878,AR,2024-03-19 11:33:15
2015,Maipú 1083,,Río Cuarto,2,5800,AR,2024-03-19 15:35:13
2016,Alsina 1528,,Bahía Blanca,1,8000,AR,2024-03-19 19:01:48
2017,Tucumán 846,,Mar del Plata,1,7600,AR,2024-03-19 19:09:14
2018,Belgrano 4621,,Santa Fe,3,3000,AR,2024-03-20 13:20:50
2019,Belgrano 1649,,Santa Fe,3,3000,AR,2024-03-20 23:25:37
2020,9 de Julio 3251,Piso 10 Dto C,Santa Fe,3,3000,AR,2024-03-20 23:37:34
2021,Av. San Martín 390,Piso 8 Dto B,Villa Carlos Paz,2,5152,AR,2024-03-21 08:38:28
2022,Güemes 3631,,Córdoba,2,5000,AR,2024-03-21 16:42:07
2023,Salta 361,Piso 2 Dto F,La Plata,1,1900,AR,2024-03-21 16:44:13
2024,Av. Colón 1731,,Córdoba,2,5000,AR,2024-03-21 18:24:35
2025,Las Heras 3792,,Santa Fe,3,3000,AR,2024-03-21 21:36:13
2026,9 de Julio 3449,Piso 4 Dto F,Mendoza,4,5500,AR,2024-03-21 21:40:18
2027,Chacabuco 4242,,La Plata,1,1900,AR,2024-03-21 23:07:58
2028,Sarmiento 4289,Piso 9 Dto D,Río Cuarto,2,5800,AR,2024-03-22 10:17:48
2029,Güemes 1699,Piso 4 Dto C,Mar del Plata,1,7600,AR,2024-03-22 14:08:09
2030,Urquiza 4955,Piso 11 Dto E,Quilmes,1,1878,AR,2024-03-22 14:15:35
2031,España 3709,,Mendoza,4,5500,AR,2024-03-22 16:52:14
2032,Alem 809,,Mendoza,4,5500,AR,2024-03-22 21:24:25
2033,Laprida 2174,,Río Cuarto,2,5800,AR,2024-03-23 17:38:08
2034,25 de Mayo 4417,Piso 7 Dto E,Santa Fe,3,3000,AR,2024-03-23 17:39:43
2035,Italia 3971,Piso 8 Dto D,Rosario,3,2000,AR,2024-03-23 21:48:22
2036,Castelli 407,,Córdoba,2,5000,AR,2024-03-24 09:42:48
2037,Salta 3786,Piso 11 Dto E,San Isidro,1,1642,AR,2024-03-25 10:50:20
2038,Alsina 1863,,Santa Fe,3,3000,AR,2024-03-25 15:09:24
2039,Urquiza 2606,Piso 4 Dto D,Rafaela,3,2300,AR,2024-03-26 08:32:27
2040,Brown 3166,,Rafaela,3,2300,AR,2024-03-26 11:14:40
2041,Av. Colón 2888,Piso 1 Dto F,Mar del Plata,1,7600,AR,2024-03-26 13:20:30
2042,Alem 4912,Piso 3 Dto D,Rosario,3,2000,AR,2024-03-26 13:58:53
2043,Maipú 3855,Piso 5 Dto A,Rosario,3,2000,AR,2024-03-26 14:01:49
2044,Alsina 2463,,Santa Fe,3,3000,AR,2024-03-26 15:00:14
2045,Mitre 3144,,Villa Carlos Paz,2,5152,AR,2024-03-26 17:08:52
2046,Rivadavia 418,,Rosario,3,2000,AR,2024-03-26 17:22:42
2047,Tucumán 2126,Piso 12 Dto E,La Plata,1,1900,AR,2024-03-26 19:12:54
2048,Dorrego 3247,Piso 5 Dto B,Godoy Cruz,4,5501,AR,2024-03-27 07:00:05
2049,25 de Mayo 2306,,La Plata,1,1900,AR,2024-03-27 15:27:02
2050,España 4981,,Rosario,3,2000,AR,2024-03-27 17:13:35
2051,Güemes 4633,Piso 4 Dto E,Rosario,3,2000,AR,2024-03-27 21:31:37
2052,Belgrano 4356,,Rosario,3,2000,AR,2024-03-28 04:15:53
2053,Balcarce 2377,,Godoy Cruz,4,5501,AR,2024-03-28 11:17:41
2054,Independencia 4950,,La Plata,1,1900,AR,2024-03-28 12:42:37
2055,25 de Mayo 4456,Piso 8 Dto F,Córdoba,2,5000,AR,2024-03-28 14:41:32
2056,Laprida 809,Piso 1 Dto B,Mar del Plata,1,7600,AR,2024-03-28 18:10:10
2057,Av. San Martín 3271,,La Plata,1,1900,AR,2024-03-28 18:34:09
2058,Independencia 3130,Piso 5 Dto D,Quilmes,1,1878,AR,2024-03-28 19:32:44
2059,España 3292,Piso 2 Dto C,Godoy Cruz,4,5501,AR,2024-03-28 21:20:44
2060,Alem 4203,,Santa Fe,3,3000,AR,2024-03-29 18:56:42
2061,Belgrano 2203,Piso 2 Dto C,Córdoba,2,5000,AR,2024-03-29 19:34:49
2062,Italia 3544,,Córdoba,2,5000,AR,2024-03-29 19:39:33
2063,Tucumán 1566,,Córdoba,2,5000,AR,2024-03-29 20:55:15
2064,Brown 4324,Piso 2 Dto B,Villa Carlos Paz,2,5152,AR,2024-03-30 13:43:26
2065,Entre Ríos 1701,,Santa Fe,3,3000,AR,2024-03-30 15:00:08
2066,Las Heras 4583,Piso 4 Dto D,San Isidro,1,1642,AR,2024-03-30 19:24:08
2067,Belgrano 3040,Piso 12 Dto B,Rosario,3,2000,AR,2024-03-30 20:03:14
2068,Dorrego 503,,Rosario,3,2000,AR,2024-03-30 20:12:06
2069,Alsina 1945,Piso 6 Dto F,Córdoba,2,5000,AR,2024-03-31 08:36:59
2070,Pueyrredón 3776,Piso 8 Dto F,Córdoba,2,5000,AR,2024-03-31 09:48:32
2071,Italia 2512,,Córdoba,2,5000,AR,2024-03-31 09:59:18
2072,Maipú 4575,Piso 2 Dto E,Rosario,3,2000,AR,2024-03-31 16:05:24
2073,Güemes 1062,Piso 9 Dto E,La Plata,1,1900,AR,2024-03-31 19:43:09
2074,Las Heras 4775,Piso 6 Dto F,Bahía Blanca,1,8000,AR,2024-03-31 19:55:55
2075,Sarmiento 159,Piso 6 Dto F,Córdoba,2,5000,AR,2024-04-01 10:41:24
2076,Lavalle 2395,,Bahía Blanca,1,8000,AR,2024-04-01 14:08:19
2077,Chacabuco 1483,,San Rafael,4,5600,AR,2024-04-01 14:48:30
2078,Entre Ríos 743,Piso 5 Dto A,Santa Fe,3,3000,AR,2024-04-01 16:40:35
2079,Las Heras 1498,Piso 9 Dto A,Rosario,3,2000,AR,2024-04-01 22:12:30
2080,Pueyrredón 2768,Piso 8 Dto E,La Plata,1,1900,AR,2024-04-02 22:55:46
2081,Av. Colón 2648,Piso 7 Dto D,Mar del Plata,1,7600,AR,2024-04-03 13:55:20
2082,Alsina 4908,Piso 6 Dto E,San Isidro,1,1642,AR,2024-04-03 21:47:23
2083,Las Heras 2816,Piso 1 Dto C,La Plata,1,1900,AR,2024-04-04 10:28:18
2084,Alem 1445,,Mar del Plata,1,7600,AR,2024-04-04 12:20:44
2085,Tucumán 1250,,Santa Fe,3,3000,AR,2024-04-04 13:21:54
2086,Castelli 3725,,Santa Fe,3,3000,AR,2024-04-05 07:52:24
2087,Balcarce 2602,,San Isidro,1,1642,AR,2024-04-05 18:38:16
2088,Tucumán 2305,,Córdoba,2,5000,AR,2024-04-05 18:47:25
2089,25 de Mayo 963,,Córdoba,2,5000,AR,2024-04-06 12:11:16
2090,Lavalle 3868,,Córdoba,2,5000,AR,2024-04-06 12:14:31
2091,Castelli 1057,,Quilmes,1,1878,AR,2024-04-06 16:12:10
2092,Balcarce 4257,,Rosario,3,2000,AR,2024-04-06 19:02:33
2093,Balcarce 4867,,Córdoba,2,5000,AR,2024-04-06 22:55:10
2094,Mitre 1491,,Córdoba,2,5000,AR,2024-04-07 08:43:11
2095,Castelli 3972,,Rosario,3,2000,AR,2024-04-07 18:02:45
2096,Entre Ríos 2900,,Rosario,3,2000,AR,2024-04-07 19:16:41
2097,Alsina 676,Piso 1 Dto F,Córdoba,2,5000,AR,2024-04-08 13:05:15
2098,Rivadavia 244,Piso 7 Dto D,Rosario,3,2000,AR,2024-04-08 13:39:31
2099,Mitre 2863,Piso 4 Dto C,Bahía Blanca,1,8000,AR,2024-04-08 15:44:59
2100,Balcarce 2077,,La Plata,1,1900,AR,2024-04-08 16:52:48
2101,Güemes 4433,,La Plata,1,1900,AR,2024-04-08 17:08:17
2102,Lavalle 3714,Piso 5 Dto B,Rosario,3,2000,AR,2024-04-08 19:00:54
2103,Tucumán 1905,Piso 5 Dto A,Bahía Blanca,1,8000,AR,2024-04-08 19:54:02
2104,Castelli 768,Piso 2 Dto F,Río Cuarto,2,5800,AR,2024-04-09 00:21:48
2105,Av. Pellegrini 4659,,Bahía Blanca,1,8000,AR,2024-04-09 06:27:57
2106,Moreno 3573,,Mar del Plata,1,7600,AR,2024-04-09 14:28:51
2107,Chacabuco 4316,Piso 12 Dto C,Santa Fe,3,3000,AR,2024-04-09 16:41:24
2108,Maipú 4560,Piso 5 Dto D,Mendoza,4,5500,AR,2024-04-10 01:16:49
2109,Independencia 3764,,San Rafael,4,5600,AR,2024-04-10 12:23:05
2110,Alem 2463,,Rafaela,3,2300,AR,2024-04-10 14:42:11
2111,Salta 454,Piso 10 Dto B,Rosario,3,2000,AR,2024-04-10 19:35:40
2112,Italia 4952,,Rafaela,3,2300,AR,2024-04-10 21:32:04
2113,Las Heras 4485,,Bahía Blanca,1,8000,AR,2024-04-11 03:22:43
2114,Urquiza 4162,,Bahía Blanca,1,8000,AR,2024-04-11 07:57:34
2115,Italia 1914,,Córdoba,2,5000,AR,2024-04-11 09:54:02
2116,Brown 4706,,Mendoza,4,5500,AR,2024-04-11 15:02:24
2117,Independencia 4322,,Godoy Cruz,4,5501,AR,2024-04-11 19:55:11
2118,Moreno 3768,Piso 11 Dto D,Rafaela,3,2300,AR,2024-04-12 12:18:31
2119,Av. Colón 130,,Rosario,3,2000,AR,2024-04-12 15:02:55
2120,9 de Julio 3596,,Río Cuarto,2,5800,AR,2024-04-12 19:37:15
2121,Laprida 3089,,Bahía Blanca,1,8000,AR,2024-04-12 19:47:33
2122,Av. San Martín 3943,,Mendoza,4,5500,AR,2024-04-12 20:34:22
2123,Las Heras 315,,Rosario,3,2000,AR,2024-04-13 11:49:58
2124,Laprida 1686,Piso 12 Dto D,Córdoba,2,5000,AR,2024-04-13 19:08:21
2125,Brown 1342,Piso 4 Dto B,Quilmes,1,1878,AR,2024-04-13 22:06:38
2126,Belgrano 4988,,Córdoba,2,5000,AR,2024-04-14 07:58:06
2127,Urquiza 3011,Piso 9 Dto C,San Rafael,4,5600,AR,2024-04-14 10:58:31
2128,Laprida 1187,Piso 10 Dto E,Rosario,3,2000,AR,2024-04-14 16:38:33
2129,Moreno 4083,Piso 3 Dto A,Quilmes,1,1878,AR,2024-04-14 17:37:07
2130,Sarmiento 4320,,Rosario,3,2000,AR,2024-04-15 01:15:25
2131,Alem 3037,,La Plata,1,1900,AR,2024-04-15 10:19:57
2132,Laprida 4685,Piso 8 Dto E,San Isidro,1,1642,AR,2024-04-15 23:40:18
2133,Güemes 4601,,Santa Fe,3,3000,AR,2024-04-17 00:58:00
2134,Laprida 377,,Córdoba,2,5000,AR,2024-04-17 13:24:00
2135,Lavalle 3080,,Rosario,3,2000,AR,2024-04-17 17:21:38
2136,Alsina 3991,Piso 8 Dto A,Quilmes,1,1878,AR,2024-04-17 18:40:26
2137,Las Heras 1571,,Rafaela,3,2300,AR,2024-04-17 22:39:34
2138,Salta 4162,,Quilmes,1,1878,AR,2024-04-18 08:53:09
2139,España 2555,,Rosario,3,2000,AR,2024-04-18 21:30:53
2140,Av. Pellegrini 3989,Piso 8 Dto F,Quilmes,1,1878,AR,2024-04-19 13:34:00
2141,Urquiza 891,,San Rafael,4,5600,AR,2024-04-19 15:12:07
2142,Rivadavia 4585,,La Plata,1,1900,AR,2024-04-19 17:30:31
2143,Urquiza 347,Piso 6 Dto C,Córdoba,2,5000,AR,2024-04-19 19:13:03
2144,Entre Ríos 203,Piso 6 Dto B,Mar del Plata,1,7600,AR,2024-04-20 04:47:49
2145,España 851,Piso 7 Dto D,Santa Fe,3,3000,AR,2024-04-20 10:27:17
2146,Belgrano 809,,Mendoza,4,5500,AR,2024-04-20 18:03:40
2147,Entre Ríos 3831,Piso 8 Dto E,Godoy Cruz,4,5501,AR,2024-04-20 18:33:11
2148,Av. Pellegrini 846,Piso 11 Dto D,Córdoba,2,5000,AR,2024-04-21 08:12:09
2149,Chacabuco 2548,Piso 8 Dto C,La Plata,1,1900,AR,2024-04-22 12:16:41
2150,Moreno 252,Piso 7 Dto B,San Isidro,1,1642,AR,2024-04-22 14:05:00
2151,Mitre 2403,Piso 3 Dto E,Bahía Blanca,1,8000,AR,2024-04-22 14:08:56
2152,Salta 3022,,La Plata,1,1900,AR,2024-04-22 19:20:32
2153,Chacabuco 3746,,San Isidro,1,1642,AR,2024-04-22 19:30:50
2154,Independencia 2331,,Río Cuarto,2,5800,AR,2024-04-22 22:32:09
2155,Av. Colón 3800,Piso 10 Dto B,San Rafael,4,5600,AR,2024-04-23 09:39:13
2156,Alem 4991,,Bahía Blanca,1,8000,AR,2024-04-23 17:34:38
2157,Belgrano 1144,Piso 9 Dto D,San Isidro,1,1642,AR,2024-04-24 03:14:40
2158,Av. Colón 512,,La Plata,1,1900,AR,2024-04-24 10:27:20
2159,Güemes 1299,,Godoy Cruz,4,5501,AR,2024-04-24 15:09:31
2160,Castelli 4579,,Mar del Plata,1,7600,AR,2024-04-24 16:04:11
2161,Independencia 3823,,Quilmes,1,1878,AR,2024-04-24 16:08:59
2162,Lavalle 320,,Rosario,3,2000,AR,2024-04-24 16:20:46
2163,Lavalle 1514,,Bahía Blanca,1,8000,AR,2024-04-24 20:08:25
2164,Pueyrredón 3974,Piso 10 Dto D,Villa Carlos Paz,2,5152,AR,2024-04-24 21:54:29
2165,Dorrego 1179,,Mendoza,4,5500,AR,2024-04-25 10:51:08
2166,Urquiza 127,Piso 7 Dto D,San Isidro,1,1642,AR,2024-04-25 13:24:25
2167,Las Heras 3271,,Córdoba,2,5000,AR,2024-04-25 16:59:28
2168,Tucumán 3110,Piso 12 Dto F,Santa Fe,3,3000,AR,2024-04-25 17:52:06
2169,Italia 2752,Piso 10 Dto F,Córdoba,2,5000,AR,2024-04-25 18:50:20
2170,Av. Pellegrini 1961,Piso 2 Dto F,Córdoba,2,5000,AR,2024-04-25 18:51:17
2171,9 de Julio 1792,Piso 11 Dto A,Godoy Cruz,4,5501,AR,2024-04-25 19:43:10
2172,Chacabuco 4696,Piso 9 Dto E,Mendoza,4,5500,AR,2024-04-25 21:38:23
2173,Independencia 2982,Piso 10 Dto C,Santa Fe,3,3000,AR,2024-04-26 06:58:41
2174,Balcarce 2322,,Rosario,3,2000,AR,2024-04-26 07:11:56
2175,Belgrano 1102,Piso 9 Dto C,San Isidro,1,1642,AR,2024-04-26 14:36:01
2176,Entre Ríos 3392,,La Plata,1,1900,AR,2024-04-26 14:53:38
2177,Maipú 4469,,La Plata,1,1900,AR,2024-04-26 16:02:28
2178,Pueyrredón 1559,,Godoy Cruz,4,5501,AR,2024-04-26 21:43:24
2179,Moreno 788,Piso 12 Dto B,Quilmes,1,1878,AR,2024-04-26 22:04:49
2180,9 de Julio 2696,Piso 3 Dto A,San Isidro,1,1642,AR,2024-04-27 00:34:06
2181,Chacabuco 2435,Piso 7 Dto B,Quilmes,1,1878,AR,2024-04-28 11:42:02
2182,España 1317,Piso 8 Dto D,Mar del Plata,1,7600,AR,2024-04-28 18:43:14
2183,Entre Ríos 3866,Piso 4 Dto E,Rafaela,3,2300,AR,2024-04-29 17:39:28
2184,Maipú 3580,Piso 9 Dto B,La Plata,1,1900,AR,2024-04-29 22:20:14
2185,Las Heras 505,,Córdoba,2,5000,AR,2024-04-30 15:00:52
2186,Rivadavia 3247,Piso 8 Dto A,Quilmes,1,1878,AR,2024-04-30 18:11:51
2187,Av. San Martín 2364,Piso 4 Dto B,Rafaela,3,2300,AR,2024-04-30 23:22:39
2188,Av. San Martín 3132,,San Isidro,1,1642,AR,2024-05-02 06:21:07
2189,9 de Julio 4928,,Villa Carlos Paz,2,5152,AR,2024-05-02 19:26:23
2190,Lavalle 498,Piso 11 Dto A,Quilmes,1,1878,AR,2024-05-02 20:53:37
2191,Urquiza 1101,Piso 12 Dto E,San Isidro,1,1642,AR,2024-05-03 01:06:26
2192,Las Heras 3797,Piso 7 Dto D,Mendoza,4,5500,AR,2024-05-03 12:36:49
2193,Alem 3471,Piso 7 Dto A,La Plata,1,1900,AR,2024-05-03 20:19:26
2194,Brown 1412,Piso 9 Dto D,Santa Fe,3,3000,AR,2024-05-04 12:06:29
2195,25 de Mayo 3592,,Rosario,3,2000,AR,2024-05-05 17:45:44
2196,Alem 3982,,Córdoba,2,5000,AR,2024-05-05 23:47:55
2197,Tucumán 4590,Piso 2 Dto B,La Plata,1,1900,AR,2024-05-06 09:53:52
2198,25 de Mayo 1032,Piso 7 Dto C,La Plata,1,1900,AR,2024-05-06 22:41:42
2199,Alsina 3499,,San Isidro,1,1642,AR,2024-05-07 15:12:51
2200,Italia 423,,Rosario,3,2000,AR,2024-05-07 16:39:16
2201,Las Heras 2489,,Córdoba,2,5000,AR,2024-05-07 17:40:22
2202,Italia 1117,,Quilmes,1,1878,AR,2024-05-07 17:57:40
2203,Maipú 1503,Piso 2 Dto B,Villa Carlos Paz,2,5152,AR,2024-05-07 21:56:03
2204,Castelli 457,,Mendoza,4,5500,AR,2024-05-07 23:19:48
2205,25 de Mayo 1744,Piso 8 Dto D,Mendoza,4,5500,AR,2024-05-07 23:22:26
2206,Pueyrredón 1059,Piso 6 Dto C,Godoy Cruz,4,5501,AR,2024-05-08 08:53:06
2207,Alsina 2829,Piso 5 Dto A,Mendoza,4,5500,AR,2024-05-08 13:29:48
2208,9 de Julio 1647,Piso 7 Dto C,Quilmes,1,1878,AR,2024-05-08 13:48:56
2209,Av. Pellegrini 2352,Piso 7 Dto B,San Rafael,4,5600,AR,2024-05-08 20:20:27
2210,Independencia 2639,Piso 12 Dto B,La Plata,1,1900,AR,2024-05-09 08:20:59
2211,Av. Pellegrini 4557,Piso 10 Dto B,Santa Fe,3,3000,AR,2024-05-09 12:57:41
2212,Alsina 3677,Piso 6 Dto F,Córdoba,2,5000,AR,2024-05-09 19:45:24
2213,Alsina 481,Piso 10 Dto E,Rosario,3,2000,AR,2024-05-09 19:47:44
2214,9 de Julio 4373,,San Rafael,4,5600,AR,2024-05-09 23:00:25
2215,Av. Pellegrini 3482,,Mar del Plata,1,7600,AR,2024-05-10 00:43:07
2216,Moreno 1896,,San Isidro,1,1642,AR,2024-05-10 15:02:39
2217,Pueyrredón 2056,Piso 5 Dto A,San Isidro,1,1642,AR,2024-05-10 17:20:41
2218,25 de Mayo 2170,,Mendoza,4,5500,AR,2024-05-10 20:28:06
2219,Belgrano 283,Piso 5 Dto A,Mendoza,4,5500,AR,2024-05-11 12:06:56
2220,Maipú 3288,Piso 12 Dto F,Mar del Plata,1,7600,AR,2024-05-11 16:15:59
2221,Independencia 1977,,Córdoba,2,5000,AR,2024-05-11 17:32:20
2222,Pueyrredón 2183,,Río Cuarto,2,5800,AR,2024-05-11 17:49:04
2223,España 2365,,Mendoza,4,5500,AR,2024-05-11 18:18:32
2224,Salta 3531,,San Isidro,1,1642,AR,2024-05-12 16:42:31
2225,Güemes 4847,,Santa Fe,3,3000,AR,2024-05-13 09:27:30
2226,Independencia 2908,Piso 6 Dto C,Mar del Plata,1,7600,AR,2024-05-13 09:32:47
2227,Pueyrredón 3596,Piso 11 Dto D,Río Cuarto,2,5800,AR,2024-05-13 10:05:58
2228,Mitre 425,,Córdoba,2,5000,AR,2024-05-13 11:12:03
2229,Alsina 3995,,Mar del Plata,1,7600,AR,2024-05-13 11:47:02
2230,9 de Julio 3312,Piso 9 Dto F,Quilmes,1,1878,AR,2024-05-13 14:46:07
2231,Belgrano 4268,,La Plata,1,1900,AR,2024-05-13 18:05:12
2232,Av. Colón 1411,,Córdoba,2,5000,AR,2024-05-13 18:09:30
2233,Mitre 2315,Piso 2 Dto D,Rosario,3,2000,AR,2024-05-13 18:35:33
2234,Chacabuco 4967,,Quilmes,1,1878,AR,2024-05-13 20:17:12
2235,Alem 3112,Piso 8 Dto F,Rosario,3,2000,AR,2024-05-13 22:22:45
2236,Av. Colón 4530,,Córdoba,2,5000,AR,2024-05-14 10:08:14
2237,Tucumán 1873,Piso 9 Dto A,San Isidro,1,1642,AR,2024-05-14 11:20:07
2238,Rivadavia 1938,,Mendoza,4,5500,AR,2024-05-14 12:42:20
2239,España 4704,Piso 9 Dto B,Santa Fe,3,3000,AR,2024-05-14 12:59:12
2240,Las Heras 2561,,Mendoza,4,5500,AR,2024-05-14 13:05:13
2241,Tucumán 4886,,Córdoba,2,5000,AR,2024-05-14 13:33:17
2242,Güemes 537,,Mendoza,4,5500,AR,2024-05-14 13:44:21
2243,Castelli 3951,,Mar del Plata,1,7600,AR,2024-05-14 14:39:00
2244,Italia 3849,Piso 7 Dto C,Córdoba,2,5000,AR,2024-05-14 16:12:54
2245,España 1989,,Quilmes,1,1878,AR,2024-05-14 18:01:36
2246,Pueyrredón 2158,Piso 10 Dto D,Río Cuarto,2,5800,AR,2024-05-14 18:05:55
2247,Pueyrredón 3267,,Mendoza,4,5500,AR,2024-05-14 21:01:30
2248,Castelli 1906,,Córdoba,2,5000,AR,2024-05-14 22:13:41
2249,España 1384,,Mar del Plata,1,7600,AR,2024-05-15 06:03:01
2250,9 de Julio 4834,Piso 2 Dto C,Mar del Plata,1,7600,AR,2024-05-15 11:15:45
2251,Tucumán 454,,Quilmes,1,1878,AR,2024-05-15 11:17:40
2252,Italia 3478,,Mar del Plata,1,7600,AR,2024-05-15 13:27:29
2253,Moreno 3766,Piso 11 Dto E,Mar del Plata,1,7600,AR,2024-05-15 15:21:03
2254,Pueyrredón 3773,Piso 11 Dto D,Córdoba,2,5000,AR,2024-05-15 15:55:45
2255,9 de Julio 650,,Córdoba,2,5000,AR,2024-05-15 15:56:02
2256,Urquiza 1963,,Rafaela,3,2300,AR,2024-05-15 18:11:39
2257,Av. Pellegrini 1125,Piso 1 Dto F,Godoy Cruz,4,5501,AR,2024-05-15 19:34:53
2258,Belgrano 4668,,Rosario,3,2000,AR,2024-05-15 19:37:42
2259,Urquiza 961,,San Isidro,1,1642,AR,2024-05-15 20:05:11
2260,Brown 4583,Piso 8 Dto E,La Plata,1,1900,AR,2024-05-15 20:29:24
2261,Chacabuco 2634,,San Rafael,4,5600,AR,2024-05-15 22:49:32
2262,Independencia 3940,,Córdoba,2,5000,AR,2024-05-16 07:36:03
2263,Brown 2218,,Rosario,3,2000,AR,2024-05-16 12:30:08
2264,Laprida 2713,,Rafaela,3,2300,AR,2024-05-17 12:25:16
2265,9 de Julio 3639,Piso 6 Dto D,Mendoza,4,5500,AR,2024-05-17 13:24:30
2266,Belgrano 3865,,Mar del Plata,1,7600,AR,2024-05-17 16:59:54
2267,Dorrego 4061,,Mendoza,4,5500,AR,2024-05-18 13:18:07
2268,Av. Pellegrini 989,,Rosario,3,2000,AR,2024-05-18 14:39:35
2269,Mitre 1244,,San Isidro,1,1642,AR,2024-05-18 14:52:41
2270,Lavalle 1427,Piso 11 Dto A,Río Cuarto,2,5800,AR,2024-05-18 23:51:48
2271,Maipú 3046,,Rosario,3,2000,AR,2024-05-19 12:33:45
2272,Belgrano 3586,,Córdoba,2,5000,AR,2024-05-19 17:19:18
2273,Tucumán 547,Piso 8 Dto A,Quilmes,1,1878,AR,2024-05-19 19:44:36
2274,Lavalle 3732,,Quilmes,1,1878,AR,2024-05-19 20:05:43
2275,Italia 3394,,Rosario,3,2000,AR,2024-05-20 11:07:07
2276,Chacabuco 2723,,Rosario,3,2000,AR,2024-05-20 16:16:05
2277,Mitre 1816,,Río Cuarto,2,5800,AR,2024-05-20 20:30:31
2278,Balcarce 2225,,Quilmes,1,1878,AR,2024-05-21 12:49:27
2279,Av. San Martín 3960,Piso 7 Dto F,Rosario,3,2000,AR,2024-05-21 14:03:18
2280,Belgrano 4762,Piso 3 Dto C,Villa Carlos Paz,2,5152,AR,2024-05-21 15:33:59
2281,Lavalle 356,,San Isidro,1,1642,AR,2024-05-21 18:12:25
2282,Belgrano 1818,,San Isidro,1,1642,AR,2024-05-22 10:57:21
2283,Av. Pellegrini 4210,,Rosario,3,2000,AR,2024-05-22 13:20:26
2284,Rivadavia 4716,,Quilmes,1,1878,AR,2024-05-22 18:50:39
2285,Sarmiento 4486,Piso 9 Dto C,Rosario,3,2000,AR,2024-05-23 02:10:25
2286,Maipú 3366,,Río Cuarto,2,5800,AR,2024-05-23 02:28:19
2287,Belgrano 4192,,La Plata,1,1900,AR,2024-05-23 11:02:56
2288,Tucumán 2044,,San Isidro,1,1642,AR,2024-05-23 14:01:02
2289,Av. Pellegrini 2205,Piso 9 Dto C,San Isidro,1,1642,AR,2024-05-23 18:09:56
2290,Laprida 3946,,Mendoza,4,5500,AR,2024-05-23 18:56:51
2291,Rivadavia 1008,,Villa Carlos Paz,2,5152,AR,2024-05-23 20:56:12
2292,Independencia 2164,,Río Cuarto,2,5800,AR,2024-05-23 21:18:24
2293,Rivadavia 1026,Piso 9 Dto D,Quilmes,1,1878,AR,2024-05-24 16:41:43
2294,Urquiza 673,Piso 6 Dto E,Córdoba,2,5000,AR,2024-05-24 17:23:58
2295,Castelli 4850,Piso 12 Dto F,Mendoza,4,5500,AR,2024-05-24 17:47:26
2296,Mitre 1045,Piso 9 Dto A,San Isidro,1,1642,AR,2024-05-24 20:50:10
2297,Dorrego 3615,Piso 5 Dto D,La Plata,1,1900,AR,2024-05-24 22:11:34
2298,Belgrano 838,,Mendoza,4,5500,AR,2024-05-25 11:08:47
2299,Entre Ríos 4148,,Rafaela,3,2300,AR,2024-05-25 11:26:08
2300,9 de Julio 604,Piso 6 Dto B,Godoy Cruz,4,5501,AR,2024-05-25 15:12:03
2301,Las Heras 1396,Piso 12 Dto E,San Isidro,1,1642,AR,2024-05-26 17:29:36
2302,Alem 3856,,Mar del Plata,1,7600,AR,2024-05-26 17:36:04
2303,Las Heras 1874,,Quilmes,1,1878,AR,2024-05-26 18:34:08
2304,Laprida 4546,Piso 5 Dto C,Córdoba,2,5000,AR,2024-05-27 11:10:21
2305,Belgrano 3135,Piso 11 Dto A,La Plata,1,1900,AR,2024-05-27 12:30:23
2306,Alsina 2163,,Villa Carlos Paz,2,5152,AR,2024-05-27 13:16:50
2307,Av. San Martín 1932,,Mar del Plata,1,7600,AR,2024-05-27 13:35:05
2308,Güemes 455,Piso 8 Dto E,Rosario,3,2000,AR,2024-05-27 13:37:12
2309,Mitre 353,,San Rafael,4,5600,AR,2024-05-27 16:54:26
2310,Rivadavia 734,Piso 4 Dto F,La Plata,1,1900,AR,2024-05-27 18:38:44
2311,Salta 4962,,Mar del Plata,1,7600,AR,2024-05-27 21:00:36
2312,Salta 2783,Piso 10 Dto D,San Isidro,1,1642,AR,2024-05-27 21:19:55
2313,Laprida 3907,Piso 9 Dto B,La Plata,1,1900,AR,2024-05-28 15:10:32
2314,25 de Mayo 4803,Piso 11 Dto D,Mar del Plata,1,7600,AR,2024-05-28 19:21:28
2315,Urquiza 775,,Córdoba,2,5000,AR,2024-05-29 11:16:06
2316,Pueyrredón 2618,Piso 12 Dto F,Córdoba,2,5000,AR,2024-05-29 19:24:28
2317,Sarmiento 4137,Piso 6 Dto A,Villa Carlos Paz,2,5152,AR,2024-05-29 20:45:25
2318,9 de Julio 1326,,Quilmes,1,1878,AR,2024-05-30 04:09:12
2319,Lavalle 3570,Piso 5 Dto F,Río Cuarto,2,5800,AR,2024-05-30 10:01:56
2320,Tucumán 213,Piso 11 Dto A,Mendoza,4,5500,AR,2024-05-30 17:25:37
2321,Laprida 4346,Piso 2 Dto F,La Plata,1,1900,AR,2024-05-30 17:58:26
2322,Moreno 1376,Piso 12 Dto C,Rosario,3,2000,AR,2024-05-30 19:30:55
2323,Chacabuco 4739,Piso 8 Dto C,Rosario,3,2000,AR,2024-05-30 19:35:52
2324,Urquiza 3889,,Mar del Plata,1,7600,AR,2024-05-30 20:50:45
2325,Urquiza 3265,,La Plata,1,1900,AR,2024-05-31 14:35:45
2326,Av. Colón 3825,,Mar del Plata,1,7600,AR,2024-06-01 05:36:56
2327,Rivadavia 2421,Piso 6 Dto A,Rosario,3,2000,AR,2024-06-01 11:19:11
2328,Maipú 4970,Piso 10 Dto F,Córdoba,2,5000,AR,2024-06-01 14:26:26
2329,Alem 3438,,Mendoza,4,5500,AR,2024-06-01 18:05:52
2330,Belgrano 937,Piso 3 Dto D,Mar del Plata,1,7600,AR,2024-06-02 13:07:06
2331,Sarmiento 2259,,Río Cuarto,2,5800,AR,2024-06-02 21:02:04
2332,Alsina 1548,,La Plata,1,1900,AR,2024-06-03 04:43:55
2333,Entre Ríos 4049,Piso 5 Dto E,Córdoba,2,5000,AR,2024-06-03 11:00:04
2334,Belgrano 743,,Córdoba,2,5000,AR,2024-06-03 11:02:25
2335,Av. Pellegrini 269,,Córdoba,2,5000,AR,2024-06-03 11:02:42
2336,9 de Julio 2966,,San Isidro,1,1642,AR,2024-06-03 13:05:16
2337,Pueyrredón 1238,Piso 7 Dto A,Quilmes,1,1878,AR,2024-06-03 15:14:28
2338,Dorrego 1496,,Santa Fe,3,3000,AR,2024-06-04 07:33:09
2339,Alem 2650,,La Plata,1,1900,AR,2024-06-04 08:01:12
2340,Belgrano 4999,,Rafaela,3,2300,AR,2024-06-04 08:20:05
2341,Urquiza 4338,Piso 1 Dto B,Rafaela,3,2300,AR,2024-06-04 16:54:45
2342,Av. San Martín 2510,Piso 7 Dto E,Santa Fe,3,3000,AR,2024-06-04 18:25:23
2343,Salta 936,,Rafaela,3,2300,AR,2024-06-04 18:29:22
2344,Castelli 3052,,San Rafael,4,5600,AR,2024-06-04 19:28:04
2345,Dorrego 249,,Rafaela,3,2300,AR,2024-06-04 23:09:47
2346,Salta 1161,,Rosario,3,2000,AR,2024-06-05 08:06:40
2347,Alsina 4120,Piso 5 Dto E,Villa Carlos Paz,2,5152,AR,2024-06-05 16:05:46
2348,Belgrano 4774,,Córdoba,2,5000,AR,2024-06-05 17:37:21
2349,Tucumán 1041,Piso 8 Dto C,Santa Fe,3,3000,AR,2024-06-05 18:32:36
2350,Av. Pellegrini 3395,,Godoy Cruz,4,5501,AR,2024-06-06 11:15:21
2351,Sarmiento 1876,Piso 12 Dto D,La Plata,1,1900,AR,2024-06-06 12:12:54
2352,España 2082,Piso 9 Dto E,La Plata,1,1900,AR,2024-06-06 17:13:23
2353,Rivadavia 2621,,La Plata,1,1900,AR,2024-06-06 19:07:16
2354,Rivadavia 594,,Mendoza,4,5500,AR,2024-06-06 23:13:27
2355,Av. Pellegrini 1368,,Río Cuarto,2,5800,AR,2024-06-07 12:13:27
2356,25 de Mayo 3204,,Godoy Cruz,4,5501,AR,2024-06-07 13:35:26
2357,Pueyrredón 3914,,Rosario,3,2000,AR,2024-06-07 13:58:18
2358,Dorrego 2732,,Rosario,3,2000,AR,2024-06-07 14:49:16
2359,Las Heras 2904,,Río Cuarto,2,5800,AR,2024-06-07 18:31:41
2360,Av. San Martín 4814,Piso 8 Dto F,Mar del Plata,1,7600,AR,2024-06-07 19:00:11
2361,Lavalle 1382,,Mar del Plata,1,7600,AR,2024-06-07 20:42:50
2362,Av. Pellegrini 4893,,San Isidro,1,1642,AR,2024-06-07 20:51:49
2363,Alsina 391,Piso 3 Dto F,Rosario,3,2000,AR,2024-06-07 22:38:09
2364,Av. San Martín 303,Piso 6 Dto B,La Plata,1,1900,AR,2024-06-07 23:05:47
2365,Castelli 2993,,Bahía Blanca,1,8000,AR,2024-06-07 23:19:03
2366,Alem 2617,,San Isidro,1,1642,AR,2024-06-07 23:32:33
2367,Italia 242,,Mar del Plata,1,7600,AR,2024-06-08 11:37:26
2368,Maipú 1716,Piso 7 Dto E,Godoy Cruz,4,5501,AR,2024-06-08 12:56:25
2369,Av. Pellegrini 3316,Piso 11 Dto B,San Isidro,1,1642,AR,2024-06-08 13:37:34
2370,25 de Mayo 213,,Córdoba,2,5000,AR,2024-06-08 13:40:09
2371,Tucumán 1369,Piso 11 Dto F,San Rafael,4,5600,AR,2024-06-08 13:50:58
2372,Alsina 865,,La Plata,1,1900,AR,2024-06-08 14:07:23
2373,Independencia 4306,Piso 12 Dto F,Quilmes,1,1878,AR,2024-06-08 14:36:05
2374,Alsina 540,,Quilmes,1,1878,AR,2024-06-08 16:09:10
2375,Laprida 4314,,Córdoba,2,5000,AR,2024-06-08 16:55:59
2376,Balcarce 3619,,Córdoba,2,5000,AR,2024-06-08 18:49:37
2377,Laprida 701,Piso 6 Dto B,Bahía Blanca,1,8000,AR,2024-06-08 19:22:51
2378,Laprida 4775,Piso 9 Dto B,San Rafael,4,5600,AR,2024-06-08 22:55:42
2379,Güemes 4322,Piso 2 Dto E,Godoy Cruz,4,5501,AR,2024-06-09 20:33:51
2380,Alsina 2056,Piso 1 Dto D,Rosario,3,2000,AR,2024-06-09 21:39:01
2381,Av. Pellegrini 4138,Piso 3 Dto C,San Isidro,1,1642,AR,2024-06-10 08:40:12
2382,Balcarce 2926,Piso 11 Dto B,Santa Fe,3,3000,AR,2024-06-10 20:26:25
2383,Av. Colón 217,,Mendoza,4,5500,AR,2024-06-10 20:39:08
2384,Chacabuco 700,,Villa Carlos Paz,2,5152,AR,2024-06-10 23:36:43
2385,Urquiza 1100,,Córdoba,2,5000,AR,2024-06-11 01:08:43
2386,Maipú 4106,,La Plata,1,1900,AR,2024-06-11 18:06:39
2387,Tucumán 2233,,Quilmes,1,1878,AR,2024-06-11 19:09:16
2388,Italia 3708,,Rafaela,3,2300,AR,2024-06-12 10:36:08
2389,Tucumán 1999,Piso 6 Dto A,Bahía Blanca,1,8000,AR,2024-06-12 11:38:13
2390,Maipú 3770,Piso 6 Dto C,San Isidro,1,1642,AR,2024-06-12 12:28:28
2391,Sarmiento 3657,,Rosario,3,2000,AR,2024-06-12 17:03:09
2392,Balcarce 318,,Mendoza,4,5500,AR,2024-06-12 17:32:37
2393,Urquiza 3404,,Córdoba,2,5000,AR,2024-06-12 19:28:42
2394,Balcarce 3048,Piso 10 Dto E,Río Cuarto,2,5800,AR,2024-06-12 20:29:22
2395,Alem 4035,Piso 12 Dto D,Córdoba,2,5000,AR,2024-06-12 23:30:33
2396,Urquiza 3854,Piso 3 Dto C,La Plata,1,1900,AR,2024-06-13 09:05:38
2397,Pueyrredón 664,,Córdoba,2,5000,AR,2024-06-13 13:13:28
2398,España 3468,,Córdoba,2,5000,AR,2024-06-13 14:18:16
2399,Chacabuco 4546,,Córdoba,2,5000,AR,2024-06-13 15:08:27
2400,Maipú 3760,Piso 10 Dto E,Córdoba,2,5000,AR,2024-06-13 16:11:19
2401,Av. Pellegrini 3831,Piso 12 Dto E,Mendoza,4,5500,AR,2024-06-13 19:34:41
2402,Urquiza 3647,Piso 6 Dto E,La Plata,1,1900,AR,2024-06-13 23:26:12
2403,Italia 2701,,Quilmes,1,1878,AR,2024-06-14 14:10:21
2404,Independencia 161,,Bahía Blanca,1,8000,AR,2024-06-14 15:40:26
2405,Mitre 3151,,Quilmes,1,1878,AR,2024-06-14 18:22:56
2406,Italia 3674,,Mendoza,4,5500,AR,2024-06-14 19:18:30
2407,España 3218,,Córdoba,2,5000,AR,2024-06-14 20:49:14
2408,Balcarce 257,Piso 4 Dto A,Villa Carlos Paz,2,5152,AR,2024-06-14 20:53:22
2409,Pueyrredón 2368,Piso 4 Dto E,Quilmes,1,1878,AR,2024-06-14 23:26:24
2410,Mitre 4962,,Godoy Cruz,4,5501,AR,2024-06-15 06:55:01
2411,Entre Ríos 1825,Piso 1 Dto F,Santa Fe,3,3000,AR,2024-06-15 07:39:39
2412,9 de Julio 3924,Piso 11 Dto F,Córdoba,2,5000,AR,2024-06-15 07:43:09
2413,Sarmiento 589,,Córdoba,2,5000,AR,2024-06-15 10:52:00
2414,Castelli 2917,Piso 3 Dto F,Rafaela,3,2300,AR,2024-06-15 11:35:08
2415,Entre Ríos 1437,Piso 12 Dto C,San Isidro,1,1642,AR,2024-06-15 13:26:39
2416,Sarmiento 2879,Piso 7 Dto C,San Rafael,4,5600,AR,2024-06-15 14:15:18
2417,Alsina 3521,Piso 5 Dto E,Villa Carlos Paz,2,5152,AR,2024-06-15 14:43:44
2418,España 4248,,Santa Fe,3,3000,AR,2024-06-15 23:38:29
2419,Dorrego 1018,,San Isidro,1,1642,AR,2024-06-16 07:10:48
2420,Belgrano 982,,Santa Fe,3,3000,AR,2024-06-16 11:55:04
2421,Balcarce 2941,,Córdoba,2,5000,AR,2024-06-16 12:00:59
2422,Independencia 2393,Piso 4 Dto F,Quilmes,1,1878,AR,2024-06-16 14:53:55
2423,Moreno 2080,,Mar del Plata,1,7600,AR,2024-06-17 06:36:55
2424,Dorrego 880,Piso 9 Dto A,La Plata,1,1900,AR,2024-06-17 11:31:41
2425,Balcarce 2957,,Bahía Blanca,1,8000,AR,2024-06-17 15:14:28
2426,Sarmiento 1700,Piso 1 Dto C,San Rafael,4,5600,AR,2024-06-17 17:26:14
2427,25 de Mayo 4589,,Rosario,3,2000,AR,2024-06-18 00:52:26
2428,Urquiza 2950,,Villa Carlos Paz,2,5152,AR,2024-06-18 08:41:44
2429,Pueyrredón 4152,,Mendoza,4,5500,AR,2024-06-18 11:07:32
2430,Av. Pellegrini 3789,Piso 7 Dto A,Bahía Blanca,1,8000,AR,2024-06-18 12:53:54
2431,Maipú 4449,Piso 3 Dto A,Rosario,3,2000,AR,2024-06-18 13:32:06
2432,Güemes 4406,,Río Cuarto,2,5800,AR,2024-06-18 18:05:23
2433,Alsina 3486,,Córdoba,2,5000,AR,2024-06-18 20:22:27
2434,Av. San Martín 3629,,Bahía Blanca,1,8000,AR,2024-06-19 13:38:05
2435,Av. Pellegrini 4158,,Rosario,3,2000,AR,2024-06-19 18:53:04
2436,Güemes 1732,Piso 3 Dto C,Mendoza,4,5500,AR,2024-06-19 19:40:49
2437,Av. Colón 4055,,La Plata,1,1900,AR,2024-06-20 08:51:14
2438,Lavalle 1078,Piso 9 Dto E,Mendoza,4,5500,AR,2024-06-20 17:12:50
2439,Castelli 4160,,La Plata,1,1900,AR,2024-06-20 19:40:40
2440,Independencia 1348,,San Isidro,1,1642,AR,2024-06-21 06:43:49
2441,Independencia 1078,Piso 6 Dto F,Godoy Cruz,4,5501,AR,2024-06-21 13:15:16
2442,Av. San Martín 504,,Rosario,3,2000,AR,2024-06-21 17:58:35
2443,25 de Mayo 520,,Quilmes,1,1878,AR,2024-06-21 22:31:41
2444,Chacabuco 2612,,La Plata,1,1900,AR,2024-06-22 14:34:01
2445,Rivadavia 2410,Piso 12 Dto D,Rafaela,3,2300,AR,2024-06-22 16:27:05
2446,Tucumán 529,,San Rafael,4,5600,AR,2024-06-22 16:58:04
2447,Av. San Martín 3303,Piso 9 Dto E,Mar del Plata,1,7600,AR,2024-06-23 11:11:02
2448,Laprida 3615,,Córdoba,2,5000,AR,2024-06-23 16:23:03
2449,Sarmiento 3872,,Córdoba,2,5000,AR,2024-06-23 16:28:07
2450,Alsina 2380,,Rafaela,3,2300,AR,2024-06-23 16:39:12
2451,25 de Mayo 4712,Piso 5 Dto F,Santa Fe,3,3000,AR,2024-06-24 14:18:45
2452,Castelli 610,Piso 9 Dto C,Mar del Plata,1,7600,AR,2024-06-24 16:07:47
2453,Güemes 1474,,La Plata,1,1900,AR,2024-06-24 18:29:27
2454,Moreno 1392,Piso 10 Dto C,Bahía Blanca,1,8000,AR,2024-06-25 08:39:46
2455,Pueyrredón 234,Piso 3 Dto F,Rosario,3,2000,AR,2024-06-25 15:49:31
2456,Castelli 3020,,Mendoza,4,5500,AR,2024-06-25 20:36:38
2457,Tucumán 3278,Piso 10 Dto A,Santa Fe,3,3000,AR,2024-06-25 22:09:42
2458,Laprida 952,Piso 6 Dto A,Villa Carlos Paz,2,5152,AR,2024-06-25 23:23:24
2459,Urquiza 3120,,San Isidro,1,1642,AR,2024-06-26 09:59:38
2460,Belgrano 2551,,Córdoba,2,5000,AR,2024-06-26 14:43:31
2461,Tucumán 4925,Piso 2 Dto E,Villa Carlos Paz,2,5152,AR,2024-06-26 17:15:56
2462,Las Heras 4514,,Santa Fe,3,3000,AR,2024-06-26 20:08:51
2463,Tucumán 4219,Piso 9 Dto F,Quilmes,1,1878,AR,2024-06-26 23:29:25
2464,Laprida 3298,Piso 11 Dto B,Rafaela,3,2300,AR,2024-06-27 10:36:09
2465,Balcarce 2246,,La Plata,1,1900,AR,2024-06-27 11:49:38
2466,Maipú 2062,Piso 10 Dto B,Córdoba,2,5000,AR,2024-06-27 17:47:14
2467,Moreno 3449,,Rosario,3,2000,AR,2024-06-27 20:10:21
2468,Tucumán 3010,,Rosario,3,2000,AR,2024-06-27 21:08:52
2469,Belgrano 993,,San Isidro,1,1642,AR,2024-06-28 06:16:56
2470,Castelli 1309,,La Plata,1,1900,AR,2024-06-28 19:29:26
2471,Maipú 534,,Mendoza,4,5500,AR,2024-06-28 19:42:46
2472,Brown 4382,,La Plata,1,1900,AR,2024-06-29 11:16:37
2473,Mitre 524,,Godoy Cruz,4,5501,AR,2024-06-29 13:23:43
2474,Av. San Martín 2779,Piso 10 Dto F,San Rafael,4,5600,AR,2024-06-29 13:46:04
2475,Pueyrredón 3094,Piso 1 Dto C,La Plata,1,1900,AR,2024-06-29 15:03:38
2476,Lavalle 1840,Piso 8 Dto A,Córdoba,2,5000,AR,2024-06-29 15:32:58
2477,Av. Colón 1635,,Godoy Cruz,4,5501,AR,2024-06-29 18:23:56
2478,9 de Julio 3369,,Córdoba,2,5000,AR,2024-06-30 15:09:04
2479,Balcarce 3355,,Mendoza,4,5500,AR,2024-06-30 17:18:37
2480,Las Heras 3007,Piso 12 Dto C,Río Cuarto,2,5800,AR,2024-06-30 23:58:37
2481,Av. Colón 2268,,La Plata,1,1900,AR,2024-07-01 00:51:29
2482,Tucumán 2623,Piso 7 Dto A,La Plata,1,1900,AR,2024-07-01 00:59:03
2483,Av. Pellegrini 2846,Piso 10 Dto C,Santa Fe,3,3000,AR,2024-07-01 14:05:59
2484,25 de Mayo 3538,Piso 3 Dto D,San Isidro,1,1642,AR,2024-07-01 19:06:07
2485,Lavalle 2725,,Mar del Plata,1,7600,AR,2024-07-02 10:16:43
2486,Pueyrredón 2974,,Godoy Cruz,4,5501,AR,2024-07-02 14:16:48
2487,Av. Colón 2608,,Godoy Cruz,4,5501,AR,2024-07-03 12:06:57
2488,Moreno 3387,Piso 11 Dto B,Godoy Cruz,4,5501,AR,2024-07-03 12:21:22
2489,Belgrano 3253,,Rosario,3,2000,AR,2024-07-03 18:31:29
2490,Sarmiento 471,,Córdoba,2,5000,AR,2024-07-03 19:13:41
2491,Brown 912,,Santa Fe,3,3000,AR,2024-07-04 08:48:23
2492,Sarmiento 3429,Piso 4 Dto D,Quilmes,1,1878,AR,2024-07-04 13:56:19
2493,España 2312,,Mendoza,4,5500,AR,2024-07-04 17:30:15
2494,25 de Mayo 1663,,Mendoza,4,5500,AR,2024-07-04 17:37:52
2495,Lavalle 2776,,Quilmes,1,1878,AR,2024-07-04 18:48:21
2496,Pueyrredón 4334,,Córdoba,2,5000,AR,2024-07-04 19:02:29
2497,Mitre 2116,Piso 12 Dto C,Mar del Plata,1,7600,AR,2024-07-04 19:46:17
2498,Castelli 1734,Piso 1 Dto B,Quilmes,1,1878,AR,2024-07-04 21:17:04
2499,Entre Ríos 229,,Santa Fe,3,3000,AR,2024-07-04 22:18:59
2500,Belgrano 1580,,Córdoba,2,5000,AR,2024-07-05 13:50:52
2501,Sarmiento 2543,,La Plata,1,1900,AR,2024-07-05 17:34:50
2502,Castelli 2254,,Rosario,3,2000,AR,2024-07-05 19:30:11
2503,Sarmiento 1258,Piso 7 Dto F,San Isidro,1,1642,AR,2024-07-06 18:27:26
2504,Maipú 519,Piso 10 Dto A,Córdoba,2,5000,AR,2024-07-06 20:12:48
2505,Moreno 3992,,Bahía Blanca,1,8000,AR,2024-07-06 22:45:36
2506,Av. San Martín 242,,San Isidro,1,1642,AR,2024-07-07 10:20:11
2507,Maipú 3760,,La Plata,1,1900,AR,2024-07-07 21:34:44
2508,Av. Pellegrini 2747,,San Isidro,1,1642,AR,2024-07-08 00:16:43
2509,Chacabuco 355,,La Plata,1,1900,AR,2024-07-08 12:30:16
2510,Balcarce 2710,Piso 3 Dto B,Rosario,3,2000,AR,2024-07-08 16:44:34
2511,25 de Mayo 1163,,Córdoba,2,5000,AR,2024-07-08 21:26:27
2512,Las Heras 4037,Piso 1 Dto A,Córdoba,2,5000,AR,2024-07-09 10:55:52
2513,Entre Ríos 546,,Córdoba,2,5000,AR,2024-07-09 11:48:59
2514,Av. Colón 1247,Piso 8 Dto B,Mendoza,4,5500,AR,2024-07-09 17:01:29
2515,Maipú 2088,Piso 11 Dto B,San Isidro,1,1642,AR,2024-07-09 20:06:35
2516,Sarmiento 1356,,Rafaela,3,2300,AR,2024-07-09 20:23:40
2517,Balcarce 1976,,La Plata,1,1900,AR,2024-07-09 21:41:10
2518,Dorrego 3050,,Mendoza,4,5500,AR,2024-07-10 11:46:12
2519,Brown 4957,,Godoy Cruz,4,5501,AR,2024-07-10 17:56:44
2520,25 de Mayo 2425,Piso 8 Dto B,Rosario,3,2000,AR,2024-07-10 23:42:40
2521,Av. Colón 2999,,Mar del Plata,1,7600,AR,2024-07-11 17:56:58
2522,Mitre 3471,,Mendoza,4,5500,AR,2024-07-11 18:37:24
2523,Dorrego 3902,Piso 8 Dto F,Rosario,3,2000,AR,2024-07-12 03:03:27
2524,Entre Ríos 4852,,Rosario,3,2000,AR,2024-07-12 17:18:17
2525,Pueyrredón 1168,,Quilmes,1,1878,AR,2024-07-13 14:34:43
2526,Mitre 4081,Piso 9 Dto F,Córdoba,2,5000,AR,2024-07-13 18:18:37
2527,Chacabuco 1649,,Santa Fe,3,3000,AR,2024-07-13 23:55:51
2528,Independencia 3007,Piso 12 Dto A,Santa Fe,3,3000,AR,2024-07-14 00:19:47
2529,Mitre 1692,Piso 2 Dto F,Quilmes,1,1878,AR,2024-07-14 11:30:12
2530,Brown 3167,,Rosario,3,2000,AR,2024-07-14 17:03:11
2531,Alsina 3050,,La Plata,1,1900,AR,2024-07-14 21:07:50
2532,Pueyrredón 4124,,Rosario,3,2000,AR,2024-07-14 22:51:04
2533,Urquiza 2511,Piso 8 Dto C,Quilmes,1,1878,AR,2024-07-15 09:27:18
2534,España 4748,,Mendoza,4,5500,AR,2024-07-15 09:40:07
2535,Mitre 987,Piso 3 Dto D,Mar del Plata,1,7600,AR,2024-07-15 11:00:50
2536,Mitre 4329,Piso 7 Dto E,Córdoba,2,5000,AR,2024-07-15 17:26:50
2537,Av. San Martín 3183,,La Plata,1,1900,AR,2024-07-15 19:48:58
2538,Castelli 3230,Piso 11 Dto B,Rosario,3,2000,AR,2024-07-15 22:12:03
2539,Tucumán 2160,,Villa Carlos Paz,2,5152,AR,2024-07-17 11:19:04
2540,Mitre 2031,,Rosario,3,2000,AR,2024-07-17 13:34:36
2541,Dorrego 4697,,Río Cuarto,2,5800,AR,2024-07-17 14:06:46
2542,Alem 1741,,Rosario,3,2000,AR,2024-07-17 16:07:16
2543,Independencia 1899,Piso 6 Dto D,Córdoba,2,5000,AR,2024-07-18 13:55:07
2544,Rivadavia 4776,,San Isidro,1,1642,AR,2024-07-18 18:00:02
2545,Laprida 813,,Mendoza,4,5500,AR,2024-07-19 14:44:53
2546,Mitre 4997,,Mar del Plata,1,7600,AR,2024-07-19 18:00:27
2547,Sarmiento 1244,Piso 1 Dto F,Godoy Cruz,4,5501,AR,2024-07-19 19:51:39
2548,Urquiza 194,Piso 1 Dto C,Santa Fe,3,3000,AR,2024-07-19 20:45:36
2549,Chacabuco 3901,,Córdoba,2,5000,AR,2024-07-20 11:14:11
2550,Alsina 742,Piso 11 Dto D,Córdoba,2,5000,AR,2024-07-20 11:28:21
2551,Entre Ríos 3215,,La Plata,1,1900,AR,2024-07-20 12:39:41
2552,Tucumán 3211,,Santa Fe,3,3000,AR,2024-07-20 17:15:24
2553,Belgrano 361,,Córdoba,2,5000,AR,2024-07-20 17:17:42
2554,Lavalle 3798,Piso 9 Dto F,Córdoba,2,5000,AR,2024-07-20 17:37:18
2555,Italia 2017,,Mendoza,4,5500,AR,2024-07-20 18:42:41
2556,Güemes 2578,,Córdoba,2,5000,AR,2024-07-21 13:39:02
2557,Independencia 3525,Piso 8 Dto B,Mar del Plata,1,7600,AR,2024-07-21 16:44:36
2558,Maipú 2467,Piso 1 Dto F,San Isidro,1,1642,AR,2024-07-21 17:32:09
2559,9 de Julio 2441,Piso 5 Dto A,Córdoba,2,5000,AR,2024-07-22 09:04:26
2560,Tucumán 3594,,San Rafael,4,5600,AR,2024-07-22 14:22:55
2561,Brown 200,Piso 6 Dto F,La Plata,1,1900,AR,2024-07-22 18:37:13
2562,Castelli 2377,Piso 9 Dto A,Rosario,3,2000,AR,2024-07-22 18:47:00
2563,Chacabuco 1933,,La Plata,1,1900,AR,2024-07-23 08:20:53
2564,Entre Ríos 4444,,Mendoza,4,5500,AR,2024-07-23 10:56:41
2565,Independencia 1991,Piso 11 Dto E,Río Cuarto,2,5800,AR,2024-07-23 14:44:49
2566,Salta 3513,Piso 4 Dto E,Rosario,3,2000,AR,2024-07-23 16:55:31
2567,Tucumán 2356,,Rosario,3,2000,AR,2024-07-23 17:09:21
2568,Salta 1820,Piso 11 Dto E,San Isidro,1,1642,AR,2024-07-24 10:12:28
2569,Lavalle 3857,,San Rafael,4,5600,AR,2024-07-24 12:35:04
2570,Av. San Martín 246,Piso 6 Dto B,Córdoba,2,5000,AR,2024-07-25 07:00:51
2571,Italia 2137,,La Plata,1,1900,AR,2024-07-25 12:28:25
2572,Av. Pellegrini 4206,Piso 5 Dto E,La Plata,1,1900,AR,2024-07-25 16:37:46
2573,Av. Colón 3882,,San Rafael,4,5600,AR,2024-07-26 12:26:21
2574,España 4215,,La Plata,1,1900,AR,2024-07-26 13:45:04
2575,Güemes 4693,Piso 8 Dto D,San Isidro,1,1642,AR,2024-07-26 14:02:11
2576,Brown 1618,,Rosario,3,2000,AR,2024-07-26 14:05:28
2577,Güemes 1430,Piso 10 Dto F,Villa Carlos Paz,2,5152,AR,2024-07-26 14:54:40
2578,25 de Mayo 4300,Piso 4 Dto D,Quilmes,1,1878,AR,2024-07-26 15:20:12
2579,Rivadavia 2423,,San Isidro,1,1642,AR,2024-07-26 17:05:45
2580,Tucumán 2512,,San Rafael,4,5600,AR,2024-07-26 18:00:26
2581,Tucumán 3594,,San Isidro,1,1642,AR,2024-07-26 21:09:06
2582,Castelli 3734,,La Plata,1,1900,AR,2024-07-27 10:56:35
2583,Güemes 3264,,La Plata,1,1900,AR,2024-07-27 13:14:53
2584,Rivadavia 3666,,Bahía Blanca,1,8000,AR,2024-07-27 13:26:20
2585,Pueyrredón 1630,Piso 2 Dto D,Mendoza,4,5500,AR,2024-07-27 13:58:44
2586,Mitre 3505,,Córdoba,2,5000,AR,2024-07-27 20:04:05
2587,9 de Julio 1222,Piso 8 Dto B,Rafaela,3,2300,AR,2024-07-28 11:30:38
2588,Entre Ríos 2361,,Villa Carlos Paz,2,5152,AR,2024-07-28 20:44:38
2589,Urquiza 1900,,Rafaela,3,2300,AR,2024-07-29 00:04:42
2590,Pueyrredón 1387,,Quilmes,1,1878,AR,2024-07-29 09:48:50
2591,Salta 1918,Piso 3 Dto B,San Isidro,1,1642,AR,2024-07-29 10:03:55
2592,Urquiza 2279,,Rafaela,3,2300,AR,2024-07-29 12:22:58
2593,Alem 949,Piso 9 Dto B,La Plata,1,1900,AR,2024-07-29 13:26:22
2594,Independencia 3628,,Rafaela,3,2300,AR,2024-07-29 14:43:30
2595,España 626,Piso 1 Dto A,Córdoba,2,5000,AR,2024-07-30 10:41:12
2596,Av. Colón 995,,Rosario,3,2000,AR,2024-07-30 17:32:19
2597,Güemes 4002,Piso 7 Dto D,Rosario,3,2000,AR,2024-07-30 18:35:41
2598,Belgrano 3875,,Córdoba,2,5000,AR,2024-07-30 18:45:14
2599,Balcarce 1069,Piso 11 Dto A,Rafaela,3,2300,AR,2024-07-30 19:49:50
2600,Rivadavia 1757,Piso 9 Dto C,Rosario,3,2000,AR,2024-07-30 20:29:00
2601,Laprida 3641,,Córdoba,2,5000,AR,2024-07-31 11:02:24
2602,Pueyrredón 861,,Córdoba,2,5000,AR,2024-07-31 15:44:57
2603,Av. Pellegrini 2110,,Santa Fe,3,3000,AR,2024-07-31 19:40:17
2604,Italia 2470,,Mar del Plata,1,7600,AR,2024-07-31 21:45:05
2605,Pueyrredón 2998,,Córdoba,2,5000,AR,2024-07-31 23:17:26
2606,Chacabuco 554,Piso 4 Dto F,Villa Carlos Paz,2,5152,AR,2024-07-31 23:43:45
2607,Alsina 2486,Piso 6 Dto F,Mar del Plata,1,7600,AR,2024-08-01 10:47:21
2608,Las Heras 113,Piso 11 Dto F,Santa Fe,3,3000,AR,2024-08-01 12:16:43
2609,España 3343,,Mendoza,4,5500,AR,2024-08-01 16:41:28
2610,Balcarce 3435,,San Isidro,1,1642,AR,2024-08-01 16:44:54
2611,Entre Ríos 1950,Piso 9 Dto B,Rosario,3,2000,AR,2024-08-01 17:03:13
2612,Laprida 3028,,Córdoba,2,5000,AR,2024-08-01 20:19:33
2613,Salta 3220,,Río Cuarto,2,5800,AR,2024-08-01 22:42:38
2614,Lavalle 214,,Mar del Plata,1,7600,AR,2024-08-02 04:52:22
2615,España 1082,,Mar del Plata,1,7600,AR,2024-08-02 12:32:37
2616,Salta 3455,,Quilmes,1,1878,AR,2024-08-02 19:23:05
2617,Chacabuco 4913,Piso 10 Dto C,Rosario,3,2000,AR,2024-08-02 20:37:34
2618,Salta 4160,Piso 3 Dto A,Córdoba,2,5000,AR,2024-08-03 11:11:34
2619,Tucumán 4601,,San Isidro,1,1642,AR,2024-08-03 12:30:20
2620,Dorrego 1608,Piso 3 Dto B,Mendoza,4,5500,AR,2024-08-03 16:52:38
2621,Pueyrredón 660,Piso 3 Dto E,Rafaela,3,2300,AR,2024-08-03 19:51:05
2622,Balcarce 3957,Piso 8 Dto E,Rafaela,3,2300,AR,2024-08-03 21:42:05
2623,Italia 2177,Piso 12 Dto C,Quilmes,1,1878,AR,2024-08-04 14:48:22
2624,Brown 3650,,Santa Fe,3,3000,AR,2024-08-04 19:29:17
2625,Pueyrredón 509,,Villa Carlos Paz,2,5152,AR,2024-08-05 09:19:16
2626,Las Heras 1575,,Quilmes,1,1878,AR,2024-08-05 18:13:09
2627,Rivadavia 722,Piso 5 Dto D,Bahía Blanca,1,8000,AR,2024-08-05 18:17:34
2628,25 de Mayo 3446,,Rosario,3,2000,AR,2024-08-05 18:27:57
2629,Dorrego 526,Piso 10 Dto A,Villa Carlos Paz,2,5152,AR,2024-08-05 22:22:03
2630,9 de Julio 4053,,San Isidro,1,1642,AR,2024-08-06 09:16:25
2631,Balcarce 4944,Piso 3 Dto F,Santa Fe,3,3000,AR,2024-08-06 10:13:30
2632,Castelli 807,Piso 3 Dto C,Córdoba,2,5000,AR,2024-08-06 10:15:20
2633,Laprida 3279,,La Plata,1,1900,AR,2024-08-06 11:09:09
2634,Belgrano 713,Piso 9 Dto A,Villa Carlos Paz,2,5152,AR,2024-08-06 18:39:32
2635,España 1414,Piso 9 Dto D,Rosario,3,2000,AR,2024-08-06 20:04:39
2636,Av. Colón 4623,Piso 6 Dto E,San Isidro,1,1642,AR,2024-08-06 21:12:10
2637,Brown 2413,,Córdoba,2,5000,AR,2024-08-07 05:41:12
2638,Rivadavia 1567,Piso 4 Dto C,Santa Fe,3,3000,AR,2024-08-07 14:09:15
2639,Sarmiento 790,,Santa Fe,3,3000,AR,2024-08-07 16:48:32
2640,Entre Ríos 249,Piso 1 Dto F,La Plata,1,1900,AR,2024-08-07 20:39:07
2641,Moreno 1698,,San Isidro,1,1642,AR,2024-08-08 08:29:16
2642,25 de Mayo 1963,Piso 12 Dto B,Mar del Plata,1,7600,AR,2024-08-08 08:31:24
2643,Chacabuco 1764,Piso 1 Dto D,Mar del Plata,1,7600,AR,2024-08-08 08:42:16
2644,Av. Colón 2838,Piso 3 Dto E,Córdoba,2,5000,AR,2024-08-08 10:20:59
2645,Av. Colón 1906,Piso 7 Dto D,La Plata,1,1900,AR,2024-08-08 20:07:59
2646,Pueyrredón 1846,Piso 1 Dto F,Mar del Plata,1,7600,AR,2024-08-10 09:14:20
2647,Av. Pellegrini 473,,Córdoba,2,5000,AR,2024-08-10 09:18:35
2648,Castelli 292,,Rafaela,3,2300,AR,2024-08-10 12:13:58
2649,Av. San Martín 3330,,Córdoba,2,5000,AR,2024-08-10 16:45:02
2650,Rivadavia 1932,,Villa Carlos Paz,2,5152,AR,2024-08-10 19:26:25
2651,25 de Mayo 1654,,Santa Fe,3,3000,AR,2024-08-11 20:11:22
2652,Rivadavia 4692,Piso 11 Dto F,Mar del Plata,1,7600,AR,2024-08-12 10:01:02
2653,Belgrano 3774,Piso 6 Dto C,Mendoza,4,5500,AR,2024-08-12 18:03:33
2654,Tucumán 3153,,La Plata,1,1900,AR,2024-08-12 18:44:53
2655,Brown 1125,Piso 3 Dto B,Villa Carlos Paz,2,5152,AR,2024-08-13 06:09:58
2656,Güemes 2138,,Mendoza,4,5500,AR,2024-08-13 09:11:37
2657,Alsina 4002,,Santa Fe,3,3000,AR,2024-08-13 11:06:24
2658,Urquiza 1797,Piso 1 Dto E,Mar del Plata,1,7600,AR,2024-08-13 11:51:20
2659,Alsina 321,,Córdoba,2,5000,AR,2024-08-13 13:34:13
2660,Dorrego 3928,Piso 12 Dto D,Mar del Plata,1,7600,AR,2024-08-13 18:20:17
2661,Moreno 1871,,San Isidro,1,1642,AR,2024-08-13 19:13:34
2662,Av. Pellegrini 3007,Piso 1 Dto A,Rosario,3,2000,AR,2024-08-13 20:18:50
2663,Av. Colón 4273,,Río Cuarto,2,5800,AR,2024-08-14 11:56:52
2664,Maipú 1623,,Rosario,3,2000,AR,2024-08-14 18:52:08
2665,Dorrego 949,Piso 10 Dto E,Río Cuarto,2,5800,AR,2024-08-14 21:04:29
2666,Castelli 275,,Río Cuarto,2,5800,AR,2024-08-15 07:20:45
2667,Urquiza 2517,Piso 10 Dto C,Bahía Blanca,1,8000,AR,2024-08-15 08:58:17
2668,Güemes 102,Piso 12 Dto F,Santa Fe,3,3000,AR,2024-08-15 17:15:27
2669,Mitre 4080,Piso 5 Dto A,San Rafael,4,5600,AR,2024-08-15 18:26:50
2670,Laprida 4340,,Mendoza,4,5500,AR,2024-08-15 20:08:16
2671,España 705,Piso 5 Dto C,La Plata,1,1900,AR,2024-08-15 20:27:27
2672,Salta 1072,,Mar del Plata,1,7600,AR,2024-08-15 21:05:01
2673,Av. Colón 4451,,Villa Carlos Paz,2,5152,AR,2024-08-16 09:50:21
2674,9 de Julio 4744,Piso 11 Dto E,Quilmes,1,1878,AR,2024-08-16 10:16:53
2675,Alsina 2202,Piso 4 Dto D,La Plata,1,1900,AR,2024-08-16 10:18:14
2676,Lavalle 4178,,Quilmes,1,1878,AR,2024-08-16 11:27:13
2677,Güemes 2253,,Rosario,3,2000,AR,2024-08-16 14:59:40
2678,Salta 3051,,La Plata,1,1900,AR,2024-08-16 18:04:21
2679,Independencia 2936,Piso 5 Dto C,Villa Carlos Paz,2,5152,AR,2024-08-16 21:47:41
2680,Salta 1470,,Río Cuarto,2,5800,AR,2024-08-16 21:55:36
2681,Sarmiento 3252,,La Plata,1,1900,AR,2024-08-17 10:52:27
2682,Italia 3002,Piso 2 Dto D,San Isidro,1,1642,AR,2024-08-17 13:29:31
2683,Mitre 1373,Piso 1 Dto F,Mendoza,4,5500,AR,2024-08-17 18:33:42
2684,Laprida 387,,Quilmes,1,1878,AR,2024-08-17 21:27:39
2685,Italia 4825,,Córdoba,2,5000,AR,2024-08-18 12:53:01
2686,Güemes 3894,,Río Cuarto,2,5800,AR,2024-08-18 12:56:41
2687,Brown 4220,Piso 1 Dto A,Córdoba,2,5000,AR,2024-08-19 06:03:39
2688,Moreno 1356,Piso 7 Dto B,Santa Fe,3,3000,AR,2024-08-19 12:18:00
2689,25 de Mayo 3587,Piso 12 Dto E,Córdoba,2,5000,AR,2024-08-19 16:19:57
2690,Maipú 567,,Rosario,3,2000,AR,2024-08-19 17:40:48
2691,Chacabuco 3280,Piso 1 Dto B,Mendoza,4,5500,AR,2024-08-19 19:14:27
2692,Entre Ríos 2661,Piso 4 Dto B,Rosario,3,2000,AR,2024-08-19 20:51:20
2693,Tucumán 2659,Piso 1 Dto E,San Rafael,4,5600,AR,2024-08-19 22:21:03
2694,Chacabuco 3916,Piso 12 Dto E,Mar del Plata,1,7600,AR,2024-08-20 02:04:59
2695,Rivadavia 2319,,Mendoza,4,5500,AR,2024-08-20 19:00:36
2696,Moreno 3726,,Bahía Blanca,1,8000,AR,2024-08-20 20:19:20
2697,Güemes 2527,,Córdoba,2,5000,AR,2024-08-20 20:31:55
2698,Belgrano 2297,Piso 5 Dto C,Quilmes,1,1878,AR,2024-08-21 18:22:00
2699,Laprida 2491,,Córdoba,2,5000,AR,2024-08-21 19:01:54
2700,Sarmiento 3228,,Mendoza,4,5500,AR,2024-08-21 19:38:52
2701,Brown 3795,Piso 1 Dto D,Villa Carlos Paz,2,5152,AR,2024-08-21 21:15:05
2702,Castelli 818,Piso 11 Dto B,Godoy Cruz,4,5501,AR,2024-08-22 08:20:51
2703,Balcarce 3011,Piso 1 Dto A,Córdoba,2,5000,AR,2024-08-22 08:44:14
2704,Balcarce 1382,Piso 5 Dto E,Rafaela,3,2300,AR,2024-08-22 10:17:37
2705,España 2251,,Quilmes,1,1878,AR,2024-08-22 12:33:34
2706,Maipú 4381,Piso 2 Dto F,San Isidro,1,1642,AR,2024-08-22 12:53:38
2707,Las Heras 1444,Piso 2 Dto F,La Plata,1,1900,AR,2024-08-22 15:22:56
2708,Chacabuco 1042,Piso 1 Dto A,Quilmes,1,1878,AR,2024-08-22 15:26:49
2709,Brown 939,Piso 1 Dto E,Córdoba,2,5000,AR,2024-08-22 15:44:03
2710,25 de Mayo 3733,Piso 4 Dto D,Córdoba,2,5000,AR,2024-08-22 15:48:05
2711,Belgrano 3609,Piso 7 Dto D,Santa Fe,3,3000,AR,2024-08-22 17:22:04
2712,Balcarce 2076,,San Isidro,1,1642,AR,2024-08-22 18:13:37
2713,Av. Pellegrini 4447,,Bahía Blanca,1,8000,AR,2024-08-23 10:26:33
2714,Lavalle 565,,Villa Carlos Paz,2,5152,AR,2024-08-23 15:32:17
2715,Av. San Martín 2174,,Quilmes,1,1878,AR,2024-08-23 17:04:44
2716,Brown 3551,Piso 9 Dto E,La Plata,1,1900,AR,2024-08-23 21:01:14
2717,Belgrano 3239,Piso 10 Dto A,Quilmes,1,1878,AR,2024-08-23 21:21:07
2718,Castelli 1353,,Bahía Blanca,1,8000,AR,2024-08-23 23:54:19
2719,Italia 1303,,Quilmes,1,1878,AR,2024-08-24 15:14:55
2720,Laprida 2545,,Córdoba,2,5000,AR,2024-08-24 17:59:31
2721,Alem 1872,,La Plata,1,1900,AR,2024-08-25 22:06:58
2722,Laprida 643,Piso 7 Dto D,Córdoba,2,5000,AR,2024-08-26 01:34:39
2723,Av. Pellegrini 1866,Piso 12 Dto A,Córdoba,2,5000,AR,2024-08-26 10:51:30
2724,Alsina 4602,,Bahía Blanca,1,8000,AR,2024-08-27 12:47:41
2725,Mitre 3256,,Santa Fe,3,3000,AR,2024-08-27 18:25:52
2726,Av. Colón 3153,,Quilmes,1,1878,AR,2024-08-27 21:03:45
2727,Entre Ríos 2656,Piso 10 Dto D,San Isidro,1,1642,AR,2024-08-28 07:26:37
2728,Castelli 4572,Piso 1 Dto A,Córdoba,2,5000,AR,2024-08-28 20:41:16
2729,Sarmiento 4750,Piso 5 Dto C,La Plata,1,1900,AR,2024-08-28 22:53:05
2730,Rivadavia 838,,Santa Fe,3,3000,AR,2024-08-29 07:07:09
2731,Sarmiento 4798,,San Rafael,4,5600,AR,2024-08-29 10:09:56
2732,Belgrano 2423,,Córdoba,2,5000,AR,2024-08-29 16:47:53
2733,Av. San Martín 3108,,Córdoba,2,5000,AR,2024-08-29 18:38:22
2734,Pueyrredón 4804,,Rosario,3,2000,AR,2024-08-29 19:39:37
2735,Brown 1240,Piso 1 Dto A,Quilmes,1,1878,AR,2024-08-29 20:25:30
2736,Av. Colón 3968,Piso 1 Dto D,Mendoza,4,5500,AR,2024-08-29 21:17:25
2737,Alem 3020,Piso 6 Dto D,Mar del Plata,1,7600,AR,2024-08-30 01:02:43
2738,Moreno 1946,Piso 10 Dto E,San Rafael,4,5600,AR,2024-08-30 10:31:03
2739,Tucumán 1994,Piso 9 Dto F,Mendoza,4,5500,AR,2024-08-30 13:24:28
2740,Las Heras 4988,Piso 3 Dto B,Rafaela,3,2300,AR,2024-08-30 13:39:40
2741,Urquiza 4203,Piso 11 Dto F,La Plata,1,1900,AR,2024-08-30 21:14:11
2742,Tucumán 4738,Piso 4 Dto E,Río Cuarto,2,5800,AR,2024-08-31 05:22:24
2743,Sarmiento 1091,Piso 3 Dto D,Santa Fe,3,3000,AR,2024-08-31 12:10:56
2744,Italia 4598,Piso 2 Dto E,La Plata,1,1900,AR,2024-08-31 12:27:20
2745,Av. Colón 724,,Godoy Cruz,4,5501,AR,2024-08-31 14:01:25
2746,Sarmiento 782,,Mendoza,4,5500,AR,2024-08-31 18:29:23
2747,Chacabuco 1386,Piso 10 Dto B,Quilmes,1,1878,AR,2024-08-31 19:04:09
2748,Salta 974,Piso 12 Dto E,Mendoza,4,5500,AR,2024-08-31 19:33:26
2749,Güemes 3034,Piso 11 Dto D,Córdoba,2,5000,AR,2024-08-31 21:54:18
2750,Alsina 4992,,Rosario,3,2000,AR,2024-09-01 13:08:45
2751,Urquiza 619,Piso 11 Dto C,La Plata,1,1900,AR,2024-09-01 18:07:46
2752,Av. Colón 4322,,San Isidro,1,1642,AR,2024-09-01 18:16:14
2753,Entre Ríos 3671,,Godoy Cruz,4,5501,AR,2024-09-01 19:23:45
2754,Brown 809,Piso 8 Dto B,Rafaela,3,2300,AR,2024-09-02 18:01:54
2755,Independencia 2837,Piso 11 Dto C,La Plata,1,1900,AR,2024-09-02 18:50:17
2756,9 de Julio 2309,,Mar del Plata,1,7600,AR,2024-09-03 10:26:59
2757,Pueyrredón 4941,,Mendoza,4,5500,AR,2024-09-03 12:32:28
2758,Entre Ríos 1272,,Mar del Plata,1,7600,AR,2024-09-03 20:22:25
2759,Salta 1340,,Córdoba,2,5000,AR,2024-09-04 07:31:44
2760,Las Heras 4023,Piso 7 Dto D,Quilmes,1,1878,AR,2024-09-04 14:01:31
2761,9 de Julio 4495,Piso 11 Dto D,San Isidro,1,1642,AR,2024-09-04 19:26:48
2762,Balcarce 4165,Piso 3 Dto F,San Rafael,4,5600,AR,2024-09-04 19:27:32
2763,Dorrego 4418,Piso 5 Dto C,Villa Carlos Paz,2,5152,AR,2024-09-04 23:58:48
2764,Mitre 2363,Piso 3 Dto F,La Plata,1,1900,AR,2024-09-05 11:13:18
2765,Italia 2289,Piso 6 Dto F,Córdoba,2,5000,AR,2024-09-05 11:37:45
2766,Pueyrredón 3812,,Mar del Plata,1,7600,AR,2024-09-05 12:32:33
2767,Güemes 1599,Piso 11 Dto C,Rosario,3,2000,AR,2024-09-05 21:33:22
2768,España 1916,,Córdoba,2,5000,AR,2024-09-05 22:43:01
2769,Lavalle 2323,,Córdoba,2,5000,AR,2024-09-05 22:51:43
2770,Rivadavia 794,Piso 10 Dto E,Córdoba,2,5000,AR,2024-09-06 00:33:04
2771,Av. Pellegrini 4917,Piso 2 Dto A,Rafaela,3,2300,AR,2024-09-06 17:50:31
2772,Dorrego 2875,,Rafaela,3,2300,AR,2024-09-06 19:47:26
2773,9 de Julio 2059,Piso 11 Dto B,Córdoba,2,5000,AR,2024-09-06 21:58:02
2774,Chacabuco 3846,,Quilmes,1,1878,AR,2024-09-07 12:38:58
2775,Sarmiento 4839,,Villa Carlos Paz,2,5152,AR,2024-09-07 17:35:42
2776,Chacabuco 2829,,Quilmes,1,1878,AR,2024-09-07 18:16:59
2777,Pueyrredón 3537,,Rafaela,3,2300,AR,2024-09-07 19:11:00
2778,Tucumán 3484,,La Plata,1,1900,AR,2024-09-08 04:39:30
2779,Güemes 2446,Piso 4 Dto B,Santa Fe,3,3000,AR,2024-09-08 08:50:45
2780,Maipú 4530,,La Plata,1,1900,AR,2024-09-08 23:36:06
2781,Belgrano 786,,Quilmes,1,1878,AR,2024-09-08 23:47:11
2782,Av. San Martín 2102,,Bahía Blanca,1,8000,AR,2024-09-09 13:48:43
2783,Av. Colón 3305,Piso 10 Dto A,San Rafael,4,5600,AR,2024-09-09 17:28:13
2784,Brown 198,,Mar del Plata,1,7600,AR,2024-09-09 19:43:38
2785,Italia 4850,Piso 8 Dto D,Mar del Plata,1,7600,AR,2024-09-10 05:56:29
2786,Balcarce 254,,Río Cuarto,2,5800,AR,2024-09-10 06:24:16
2787,España 510,,Mar del Plata,1,7600,AR,2024-09-10 10:04:26
2788,Maipú 3935,,Rosario,3,2000,AR,2024-09-10 10:19:22
2789,Av. Colón 822,,Córdoba,2,5000,AR,2024-09-10 12:22:52
2790,Italia 116,Piso 10 Dto C,Bahía Blanca,1,8000,AR,2024-09-10 16:33:09
2791,Dorrego 2198,,San Rafael,4,5600,AR,2024-09-10 18:42:53
2792,España 3333,Piso 1 Dto A,San Isidro,1,1642,AR,2024-09-10 22:43:29
2793,Moreno 4348,Piso 5 Dto C,Rosario,3,2000,AR,2024-09-10 22:46:44
2794,Av. San Martín 1770,,La Plata,1,1900,AR,2024-09-11 10:56:05
2795,Laprida 3725,Piso 9 Dto E,Mar del Plata,1,7600,AR,2024-09-11 11:46:06
2796,Pueyrredón 2353,Piso 8 Dto C,Mar del Plata,1,7600,AR,2024-09-11 12:20:34
2797,Las Heras 3321,,Córdoba,2,5000,AR,2024-09-11 16:01:36
2798,Güemes 1104,,San Isidro,1,1642,AR,2024-09-11 18:24:05
2799,Dorrego 4999,,Río Cuarto,2,5800,AR,2024-09-11 20:11:56
2800,Castelli 4331,,Rosario,3,2000,AR,2024-09-11 23:14:21
2801,Av. Colón 908,,Córdoba,2,5000,AR,2024-09-12 10:27:42
2802,Las Heras 1475,Piso 5 Dto B,San Rafael,4,5600,AR,2024-09-13 11:33:58
2803,Salta 345,,Santa Fe,3,3000,AR,2024-09-13 12:06:42
2804,Lavalle 474,,Mendoza,4,5500,AR,2024-09-13 17:19:50
2805,Brown 4203,Piso 10 Dto D,Mendoza,4,5500,AR,2024-09-14 11:26:41
2806,España 4168,Piso 9 Dto C,Rosario,3,2000,AR,2024-09-14 15:02:03
2807,Las Heras 4537,Piso 12 Dto B,Córdoba,2,5000,AR,2024-09-14 17:41:45
2808,Pueyrredón 612,Piso 1 Dto F,Quilmes,1,1878,AR,2024-09-14 18:19:36
2809,Lavalle 1050,,Santa Fe,3,3000,AR,2024-09-14 18:34:15
2810,Las Heras 3550,Piso 12 Dto F,Mar del Plata,1,7600,AR,2024-09-14 21:11:22
2811,Tucumán 354,,Quilmes,1,1878,AR,2024-09-14 21:47:11
2812,Brown 1814,Piso 10 Dto C,Mendoza,4,5500,AR,2024-09-15 05:45:29
2813,Chacabuco 3083,Piso 11 Dto B,Mar del Plata,1,7600,AR,2024-09-15 08:12:14
2814,Urquiza 4645,,La Plata,1,1900,AR,2024-09-15 12:39:59
2815,Balcarce 4624,,Mar del Plata,1,7600,AR,2024-09-15 21:23:57
2816,Castelli 1000,Piso 4 Dto D,Rosario,3,2000,AR,2024-09-16 09:33:18
2817,Balcarce 612,,Rosario,3,2000,AR,2024-09-16 19:38:50
2818,Castelli 2198,Piso 1 Dto C,Mar del Plata,1,7600,AR,2024-09-16 20:11:49
2819,Av. San Martín 986,Piso 9 Dto A,La Plata,1,1900,AR,2024-09-17 11:44:36
2820,Las Heras 1740,,Córdoba,2,5000,AR,2024-09-17 12:53:53
2821,Belgrano 3803,Piso 8 Dto D,Córdoba,2,5000,AR,2024-09-17 14:31:25
2822,Balcarce 3532,Piso 9 Dto D,Córdoba,2,5000,AR,2024-09-17 15:46:30
2823,Mitre 3900,Piso 5 Dto A,La Plata,1,1900,AR,2024-09-17 21:37:25
2824,Italia 570,,La Plata,1,1900,AR,2024-09-17 21:44:24
2825,Laprida 1109,Piso 5 Dto F,La Plata,1,1900,AR,2024-09-18 10:58:33
2826,Alsina 4709,,Córdoba,2,5000,AR,2024-09-18 12:57:03
2827,Moreno 3277,Piso 10 Dto F,La Plata,1,1900,AR,2024-09-18 13:01:45
2828,Independencia 1311,Piso 11 Dto A,San Isidro,1,1642,AR,2024-09-18 13:13:08
2829,Lavalle 3745,Piso 7 Dto B,Córdoba,2,5000,AR,2024-09-18 15:14:02
2830,Moreno 2880,Piso 11 Dto E,Rosario,3,2000,AR,2024-09-18 15:15:14
2831,Dorrego 3959,Piso 5 Dto B,Santa Fe,3,3000,AR,2024-09-18 16:49:53
2832,Italia 815,,Córdoba,2,5000,AR,2024-09-18 21:28:30
2833,Moreno 2566,,Rafaela,3,2300,AR,2024-09-18 21:38:45
2834,España 2241,,Mar del Plata,1,7600,AR,2024-09-19 08:45:51
2835,Lavalle 4545,,Bahía Blanca,1,8000,AR,2024-09-19 15:45:29
2836,Av. Colón 776,,Mar del Plata,1,7600,AR,2024-09-19 15:50:35
2837,Italia 2595,Piso 12 Dto A,Mar del Plata,1,7600,AR,2024-09-19 16:21:03
2838,Salta 2755,Piso 11 Dto B,Mendoza,4,5500,AR,2024-09-19 16:37:47
2839,Entre Ríos 2800,Piso 2 Dto B,San Isidro,1,1642,AR,2024-09-19 19:06:59
2840,Alsina 3468,,Godoy Cruz,4,5501,AR,2024-09-19 19:49:40
2841,Castelli 1751,Piso 11 Dto D,La Plata,1,1900,AR,2024-09-19 22:01:54
2842,25 de Mayo 2349,,Río Cuarto,2,5800,AR,2024-09-20 11:54:05
2843,25 de Mayo 2270,,Godoy Cruz,4,5501,AR,2024-09-20 11:56:14
2844,Tucumán 4761,,Bahía Blanca,1,8000,AR,2024-09-20 12:03:08
2845,Brown 2139,Piso 1 Dto E,San Isidro,1,1642,AR,2024-09-20 17:36:16
2846,9 de Julio 2933,Piso 1 Dto F,Mar del Plata,1,7600,AR,2024-09-20 19:08:57
2847,Balcarce 4913,,Mendoza,4,5500,AR,2024-09-20 20:56:25
2848,Av. Colón 4115,,Villa Carlos Paz,2,5152,AR,2024-09-20 21:31:37
2849,Maipú 658,,San Isidro,1,1642,AR,2024-09-20 23:43:29
2850,Av. San Martín 2262,Piso 2 Dto F,Villa Carlos Paz,2,5152,AR,2024-09-21 07:28:27
2851,Urquiza 1295,,Córdoba,2,5000,AR,2024-09-21 07:35:03
2852,Chacabuco 3356,Piso 9 Dto C,Mendoza,4,5500,AR,2024-09-21 12:19:53
2853,Belgrano 2515,,San Isidro,1,1642,AR,2024-09-21 12:38:34
2854,Italia 879,Piso 8 Dto C,Godoy Cruz,4,5501,AR,2024-09-21 13:33:09
2855,Av. Pellegrini 4613,,Mar del Plata,1,7600,AR,2024-09-21 14:58:29
2856,Mitre 2217,Piso 5 Dto D,Godoy Cruz,4,5501,AR,2024-09-21 17:33:01
2857,Dorrego 925,,La Plata,1,1900,AR,2024-09-21 20:17:26
2858,Rivadavia 966,,Bahía Blanca,1,8000,AR,2024-09-22 01:46:48
2859,Independencia 2730,Piso 12 Dto B,Rosario,3,2000,AR,2024-09-22 17:47:55
2860,Dorrego 1448,Piso 10 Dto A,Río Cuarto,2,5800,AR,2024-09-22 19:58:00
2861,Maipú 3364,,Villa Carlos Paz,2,5152,AR,2024-09-23 09:25:47
2862,Italia 1487,,Santa Fe,3,3000,AR,2024-09-23 09:45:10
2863,9 de Julio 800,,Rosario,3,2000,AR,2024-09-23 18:25:09
2864,Alem 2615,,La Plata,1,1900,AR,2024-09-23 18:49:55
2865,Alem 1894,Piso 3 Dto C,Córdoba,2,5000,AR,2024-09-23 20:16:23
2866,Italia 4529,,Rosario,3,2000,AR,2024-09-24 00:01:00
2867,Italia 3140,Piso 11 Dto A,Río Cuarto,2,5800,AR,2024-09-24 12:33:20
2868,Av. Colón 302,,Rosario,3,2000,AR,2024-09-24 14:10:44
2869,Pueyrredón 4047,Piso 9 Dto A,Mar del Plata,1,7600,AR,2024-09-24 15:18:36
2870,Sarmiento 4544,,Godoy Cruz,4,5501,AR,2024-09-24 16:28:58
2871,Mitre 4464,,Mendoza,4,5500,AR,2024-09-24 17:54:12
2872,Laprida 3129,,Rosario,3,2000,AR,2024-09-24 19:40:32
2873,Italia 3368,,San Isidro,1,1642,AR,2024-09-25 12:20:41
2874,Rivadavia 1916,Piso 9 Dto D,La Plata,1,1900,AR,2024-09-25 17:32:13
2875,Pueyrredón 2281,,Bahía Blanca,1,8000,AR,2024-09-26 10:02:09
2876,Independencia 1853,Piso 7 Dto C,Villa Carlos Paz,2,5152,AR,2024-09-26 11:18:45
2877,Castelli 1345,,Córdoba,2,5000,AR,2024-09-26 14:11:01
2878,9 de Julio 524,Piso 7 Dto B,Santa Fe,3,3000,AR,2024-09-26 15:05:55
2879,Castelli 1054,,Godoy Cruz,4,5501,AR,2024-09-26 17:13:07
2880,Independencia 1041,Piso 7 Dto F,San Rafael,4,5600,AR,2024-09-26 17:56:22
2881,Chacabuco 3466,Piso 2 Dto D,Rosario,3,2000,AR,2024-09-27 22:13:44
2882,Dorrego 913,,Córdoba,2,5000,AR,2024-09-28 04:02:52
2883,Moreno 2824,Piso 4 Dto E,Rosario,3,2000,AR,2024-09-28 13:47:08
2884,Salta 3962,,Córdoba,2,5000,AR,2024-09-28 14:32:07
2885,Chacabuco 3029,,La Plata,1,1900,AR,2024-09-28 17:05:37
2886,Alem 2353,,San Isidro,1,1642,AR,2024-09-28 22:28:37
2887,Alem 3254,Piso 11 Dto F,Córdoba,2,5000,AR,2024-09-29 21:34:39
2888,Maipú 3086,Piso 4 Dto E,Córdoba,2,5000,AR,2024-09-29 21:40:27
2889,Balcarce 2212,Piso 5 Dto B,Quilmes,1,1878,AR,2024-09-29 21:46:04
2890,Sarmiento 2033,Piso 2 Dto B,Santa Fe,3,3000,AR,2024-09-29 22:41:10
2891,Belgrano 2110,Piso 12 Dto F,Córdoba,2,5000,AR,2024-09-30 14:31:28
2892,Rivadavia 3414,Piso 3 Dto D,San Isidro,1,1642,AR,2024-09-30 20:59:40
2893,Las Heras 1656,,San Isidro,1,1642,AR,2024-09-30 22:34:54
2894,9 de Julio 4999,,La Plata,1,1900,AR,2024-10-01 05:15:50
2895,España 3732,,Rosario,3,2000,AR,2024-10-01 08:33:55
2896,Sarmiento 1523,,La Plata,1,1900,AR,2024-10-01 17:25:20
2897,España 898,,Mar del Plata,1,7600,AR,2024-10-02 04:09:19
2898,Rivadavia 4930,,Mar del Plata,1,7600,AR,2024-10-02 11:29:18
2899,Chacabuco 4760,,Mar del Plata,1,7600,AR,2024-10-02 21:12:21
2900,Sarmiento 1317,Piso 11 Dto E,Rosario,3,2000,AR,2024-10-03 15:10:30
2901,España 539,,Bahía Blanca,1,8000,AR,2024-10-03 17:48:20
2902,Laprida 4477,,Quilmes,1,1878,AR,2024-10-03 20:18:13
2903,Av. Colón 1203,,Quilmes,1,1878,AR,2024-10-03 21:46:09
2904,Güemes 3011,,Mar del Plata,1,7600,AR,2024-10-03 23:06:17
2905,Pueyrredón 4232,,Quilmes,1,1878,AR,2024-10-03 23:17:25
2906,Brown 3081,Piso 2 Dto C,Córdoba,2,5000,AR,2024-10-04 15:45:14
2907,Pueyrredón 404,Piso 9 Dto F,Godoy Cruz,4,5501,AR,2024-10-04 19:51:11
2908,Salta 270,,Rosario,3,2000,AR,2024-10-04 20:12:23
2909,Rivadavia 354,Piso 9 Dto C,Rosario,3,2000,AR,2024-10-04 23:41:40
2910,Av. Colón 4606,,Río Cuarto,2,5800,AR,2024-10-05 07:21:04
2911,Salta 1191,Piso 5 Dto D,Rosario,3,2000,AR,2024-10-05 14:00:59
2912,Balcarce 3191,,Mendoza,4,5500,AR,2024-10-05 14:07:38
2913,España 4276,,Córdoba,2,5000,AR,2024-10-05 15:10:00
2914,Rivadavia 2028,,Mar del Plata,1,7600,AR,2024-10-05 15:19:30
2915,Las Heras 1621,,Santa Fe,3,3000,AR,2024-10-05 16:43:40
2916,Alsina 4198,Piso 7 Dto B,Quilmes,1,1878,AR,2024-10-05 21:49:45
2917,Italia 3246,,Rosario,3,2000,AR,2024-10-06 00:27:14
2918,Italia 2274,,Rosario,3,2000,AR,2024-10-06 18:44:05
2919,9 de Julio 3719,,Córdoba,2,5000,AR,2024-10-07 07:52:48
2920,Pueyrredón 2998,Piso 4 Dto B,Córdoba,2,5000,AR,2024-10-07 10:32:16
2921,Av. Colón 4333,,Río Cuarto,2,5800,AR,2024-10-07 12:56:33
2922,Av. San Martín 2589,Piso 5 Dto F,Quilmes,1,1878,AR,2024-10-07 22:30:19
2923,Urquiza 2203,,La Plata,1,1900,AR,2024-10-07 22:37:59
2924,Italia 3186,Piso 2 Dto F,Villa Carlos Paz,2,5152,AR,2024-10-08 11:27:15
2925,9 de Julio 3728,,Godoy Cruz,4,5501,AR,2024-10-08 12:22:27
2926,España 4229,Piso 4 Dto F,Santa Fe,3,3000,AR,2024-10-08 19:23:52
2927,Las Heras 2304,,Rosario,3,2000,AR,2024-10-08 20:12:13
2928,Italia 4964,Piso 11 Dto D,San Isidro,1,1642,AR,2024-10-09 07:53:02
2929,España 775,,San Isidro,1,1642,AR,2024-10-09 10:25:38
2930,Rivadavia 908,,Bahía Blanca,1,8000,AR,2024-10-09 11:46:07
2931,Mitre 1636,Piso 2 Dto C,Villa Carlos Paz,2,5152,AR,2024-10-09 17:47:07
2932,Lavalle 3969,,San Rafael,4,5600,AR,2024-10-09 18:34:50
2933,25 de Mayo 4125,,Santa Fe,3,3000,AR,2024-10-10 00:09:17
2934,Salta 620,Piso 1 Dto F,Santa Fe,3,3000,AR,2024-10-10 13:36:19
2935,Pueyrredón 4039,,Mendoza,4,5500,AR,2024-10-10 14:27:14
2936,Brown 3719,Piso 3 Dto C,Bahía Blanca,1,8000,AR,2024-10-10 17:36:30
2937,Italia 4557,Piso 6 Dto B,Godoy Cruz,4,5501,AR,2024-10-10 19:05:09
2938,Independencia 4402,,Mar del Plata,1,7600,AR,2024-10-11 10:08:20
2939,España 586,,La Plata,1,1900,AR,2024-10-11 11:02:55
2940,Alem 2351,Piso 2 Dto F,Córdoba,2,5000,AR,2024-10-11 11:09:07
2941,25 de Mayo 3183,,La Plata,1,1900,AR,2024-10-11 14:07:26
2942,Balcarce 3548,Piso 1 Dto C,Córdoba,2,5000,AR,2024-10-11 15:06:03
2943,Alem 3023,Piso 2 Dto B,Santa Fe,3,3000,AR,2024-10-11 16:01:54
2944,Rivadavia 236,Piso 8 Dto E,San Isidro,1,1642,AR,2024-10-11 17:45:57
2945,Balcarce 2269,Piso 8 Dto D,Mendoza,4,5500,AR,2024-10-11 21:05:11
2946,Mitre 1845,,Mar del Plata,1,7600,AR,2024-10-12 00:58:43
2947,Brown 2577,Piso 11 Dto C,Mendoza,4,5500,AR,2024-10-12 11:15:16
2948,Alsina 2363,Piso 12 Dto F,Rosario,3,2000,AR,2024-10-12 12:30:49
2949,Dorrego 633,,San Isidro,1,1642,AR,2024-10-12 13:21:22
2950,Sarmiento 3805,,Godoy Cruz,4,5501,AR,2024-10-12 13:53:43
2951,25 de Mayo 1973,,Santa Fe,3,3000,AR,2024-10-12 15:01:17
2952,Independencia 4149,Piso 3 Dto D,Godoy Cruz,4,5501,AR,2024-10-12 15:45:47
2953,Rivadavia 4074,,Villa Carlos Paz,2,5152,AR,2024-10-12 16:20:39
2954,Av. Colón 4976,,Rafaela,3,2300,AR,2024-10-12 17:24:12
2955,Entre Ríos 3032,Piso 6 Dto F,La Plata,1,1900,AR,2024-10-12 18:35:08
2956,Güemes 4414,,Godoy Cruz,4,5501,AR,2024-10-12 23:18:12
2957,Alsina 2215,,Godoy Cruz,4,5501,AR,2024-10-12 23:28:48
2958,Moreno 3956,Piso 4 Dto A,San Isidro,1,1642,AR,2024-10-13 11:31:31
2959,25 de Mayo 2954,,Santa Fe,3,3000,AR,2024-10-13 20:06:04
2960,Italia 2753,,Rosario,3,2000,AR,2024-10-13 20:27:03
2961,Castelli 3737,,Mendoza,4,5500,AR,2024-10-14 01:50:43
2962,Av. Pellegrini 2550,,Godoy Cruz,4,5501,AR,2024-10-14 12:11:24
2963,España 2220,Piso 10 Dto B,San Isidro,1,1642,AR,2024-10-14 13:14:13
2964,Tucumán 275,Piso 11 Dto A,La Plata,1,1900,AR,2024-10-14 13:27:07
2965,Italia 3100,,Rosario,3,2000,AR,2024-10-14 18:52:39
2966,Sarmiento 2458,,Córdoba,2,5000,AR,2024-10-15 11:20:12
2967,Las Heras 149,,Córdoba,2,5000,AR,2024-10-15 12:23:53
2968,Moreno 4830,Piso 4 Dto E,Rosario,3,2000,AR,2024-10-15 12:36:44
2969,Chacabuco 677,Piso 5 Dto C,Córdoba,2,5000,AR,2024-10-15 13:26:52
2970,Urquiza 269,Piso 8 Dto A,Quilmes,1,1878,AR,2024-10-15 18:34:59
2971,Laprida 984,Piso 1 Dto D,Rosario,3,2000,AR,2024-10-16 10:26:50
2972,Independencia 1036,Piso 12 Dto A,La Plata,1,1900,AR,2024-10-16 10:42:51
2973,Av. San Martín 1830,Piso 9 Dto E,Córdoba,2,5000,AR,2024-10-16 12:37:20
2974,Rivadavia 4241,,Mendoza,4,5500,AR,2024-10-16 15:31:07
2975,Balcarce 4619,Piso 11 Dto A,Rosario,3,2000,AR,2024-10-16 19:35:28
2976,Güemes 1820,,Mar del Plata,1,7600,AR,2024-10-17 00:35:33
2977,Güemes 4713,Piso 8 Dto A,Río Cuarto,2,5800,AR,2024-10-17 11:35:31
2978,Alem 4982,,Rosario,3,2000,AR,2024-10-17 12:25:51
2979,Chacabuco 437,Piso 5 Dto B,Mendoza,4,5500,AR,2024-10-17 17:35:58
2980,Las Heras 4251,,Godoy Cruz,4,5501,AR,2024-10-17 18:15:49
2981,Italia 532,Piso 12 Dto F,Bahía Blanca,1,8000,AR,2024-10-17 19:05:28
2982,Güemes 509,,La Plata,1,1900,AR,2024-10-18 00:03:32
2983,Alsina 1951,Piso 1 Dto B,Córdoba,2,5000,AR,2024-10-18 15:48:42
2984,Las Heras 3564,,Mar del Plata,1,7600,AR,2024-10-18 18:03:44
2985,Entre Ríos 1766,,La Plata,1,1900,AR,2024-10-18 22:11:39
2986,Lavalle 2190,,La Plata,1,1900,AR,2024-10-19 17:29:57
2987,25 de Mayo 384,,San Isidro,1,1642,AR,2024-10-20 01:44:23
2988,Av. San Martín 161,,San Rafael,4,5600,AR,2024-10-20 09:55:41
2989,Tucumán 1889,Piso 12 Dto B,Santa Fe,3,3000,AR,2024-10-20 11:15:55
2990,Dorrego 414,,La Plata,1,1900,AR,2024-10-21 12:54:45
2991,Entre Ríos 1306,,Bahía Blanca,1,8000,AR,2024-10-22 01:46:43
2992,Pueyrredón 3776,Piso 5 Dto D,Quilmes,1,1878,AR,2024-10-22 07:06:56
2993,Balcarce 849,Piso 9 Dto C,Bahía Blanca,1,8000,AR,2024-10-22 09:01:19
2994,Dorrego 1069,,La Plata,1,1900,AR,2024-10-22 11:26:16
2995,Brown 3467,Piso 12 Dto E,San Rafael,4,5600,AR,2024-10-22 13:04:14
2996,Castelli 3920,,Mendoza,4,5500,AR,2024-10-22 18:22:51
2997,Av. Pellegrini 4485,,Rosario,3,2000,AR,2024-10-22 19:36:02
2998,Tucumán 743,Piso 5 Dto F,Villa Carlos Paz,2,5152,AR,2024-10-22 19:37:41
2999,Laprida 4113,Piso 7 Dto E,Mar del Plata,1,7600,AR,2024-10-23 13:41:29
3000,Sarmiento 4643,Piso 9 Dto A,San Rafael,4,5600,AR,2024-10-23 14:31:51
3001,Chacabuco 4971,,Santa Fe,3,3000,AR,2024-10-23 15:42:00
3002,Castelli 1317,,San Rafael,4,5600,AR,2024-10-23 23:18:41
3003,Alem 2730,,Villa Carlos Paz,2,5152,AR,2024-10-24 15:01:13
3004,Entre Ríos 1031,Piso 8 Dto D,Villa Carlos Paz,2,5152,AR,2024-10-24 19:55:59
3005,Italia 2312,Piso 9 Dto C,Quilmes,1,1878,AR,2024-10-25 02:03:58
3006,Urquiza 2249,,Rosario,3,2000,AR,2024-10-25 07:38:53
3007,Güemes 4258,Piso 8 Dto A,Santa Fe,3,3000,AR,2024-10-25 12:52:27
3008,Alsina 2596,Piso 12 Dto A,Mendoza,4,5500,AR,2024-10-25 17:49:13
3009,España 3512,,Rosario,3,2000,AR,2024-10-25 19:58:05
3010,Laprida 690,Piso 1 Dto D,Rosario,3,2000,AR,2024-10-25 20:28:00
3011,Tucumán 4233,Piso 2 Dto B,Rafaela,3,2300,AR,2024-10-26 10:42:43
3012,Independencia 2490,,Rosario,3,2000,AR,2024-10-26 11:20:51
3013,Av. Pellegrini 4871,,Mar del Plata,1,7600,AR,2024-10-26 12:21:31
3014,Las Heras 1356,Piso 1 Dto D,Río Cuarto,2,5800,AR,2024-10-26 18:51:00
3015,Sarmiento 4651,Piso 8 Dto D,Río Cuarto,2,5800,AR,2024-10-26 19:13:25
3016,Av. Pellegrini 457,Piso 6 Dto B,Río Cuarto,2,5800,AR,2024-10-27 16:15:03
3017,Sarmiento 100,,Río Cuarto,2,5800,AR,2024-10-27 18:16:27
3018,Pueyrredón 2957,,Mar del Plata,1,7600,AR,2024-10-27 23:20:46
3019,Independencia 837,Piso 11 Dto D,Mar del Plata,1,7600,AR,2024-10-28 09:11:24
3020,Tucumán 986,Piso 11 Dto D,San Rafael,4,5600,AR,2024-10-28 11:05:57
3021,Chacabuco 139,,La Plata,1,1900,AR,2024-10-28 12:06:13
3022,Güemes 2820,,San Rafael,4,5600,AR,2024-10-28 12:15:37
3023,Las Heras 3243,Piso 1 Dto E,Quilmes,1,1878,AR,2024-10-28 12:25:45
3024,9 de Julio 4531,Piso 9 Dto F,Santa Fe,3,3000,AR,2024-10-28 16:17:11
3025,Av. Colón 1752,,Mar del Plata,1,7600,AR,2024-10-28 19:48:03
3026,Urquiza 1594,,Rosario,3,2000,AR,2024-10-29 15:59:22
3027,Sarmiento 2659,,Santa Fe,3,3000,AR,2024-10-29 17:33:20
3028,Av. San Martín 1087,Piso 1 Dto A,Córdoba,2,5000,AR,2024-10-30 01:47:35
3029,Pueyrredón 1214,Piso 3 Dto E,Santa Fe,3,3000,AR,2024-10-30 06:56:09
3030,Av. Pellegrini 2133,Piso 2 Dto C,Rosario,3,2000,AR,2024-10-30 07:05:55
3031,Alem 684,Piso 9 Dto C,Córdoba,2,5000,AR,2024-10-30 09:35:05
3032,Tucumán 3723,,Quilmes,1,1878,AR,2024-10-30 10:17:22
3033,Av. Colón 4011,,Río Cuarto,2,5800,AR,2024-10-30 16:53:24
3034,Tucumán 2435,,Córdoba,2,5000,AR,2024-10-30 17:30:18
3035,Rivadavia 4792,,Villa Carlos Paz,2,5152,AR,2024-10-30 20:37:06
3036,Av. Colón 909,,La Plata,1,1900,AR,2024-10-31 14:22:57
3037,España 2144,,Mendoza,4,5500,AR,2024-10-31 18:57:51
3038,Chacabuco 811,Piso 1 Dto A,Villa Carlos Paz,2,5152,AR,2024-11-01 13:25:40
3039,Alsina 3711,Piso 8 Dto B,Rafaela,3,2300,AR,2024-11-01 13:34:25
3040,Independencia 810,,Rosario,3,2000,AR,2024-11-01 16:43:10
3041,25 de Mayo 422,Piso 1 Dto D,Córdoba,2,5000,AR,2024-11-01 19:13:46
3042,Italia 3591,,Villa Carlos Paz,2,5152,AR,2024-11-02 13:10:36
3043,Lavalle 1901,Piso 7 Dto D,Godoy Cruz,4,5501,AR,2024-11-02 16:42:28
3044,Urquiza 3370,Piso 3 Dto C,La Plata,1,1900,AR,2024-11-02 19:30:24
3045,Rivadavia 1286,,Mendoza,4,5500,AR,2024-11-03 10:41:52
3046,Av. Colón 3887,,Córdoba,2,5000,AR,2024-11-03 13:40:57
3047,Moreno 4003,,La Plata,1,1900,AR,2024-11-03 20:06:49
3048,Lavalle 3889,Piso 8 Dto D,Mendoza,4,5500,AR,2024-11-03 21:27:55
3049,Lavalle 3563,Piso 1 Dto E,Rosario,3,2000,AR,2024-11-03 22:33:21
3050,Av. San Martín 1454,Piso 12 Dto A,Rosario,3,2000,AR,2024-11-04 02:26:06
3051,Alsina 2465,,Río Cuarto,2,5800,AR,2024-11-04 10:51:32
3052,Salta 4471,Piso 2 Dto E,Santa Fe,3,3000,AR,2024-11-04 11:29:06
3053,Pueyrredón 2046,,Rafaela,3,2300,AR,2024-11-04 12:32:49
3054,Dorrego 2742,Piso 1 Dto D,Rosario,3,2000,AR,2024-11-04 15:13:58
3055,Chacabuco 3212,,Godoy Cruz,4,5501,AR,2024-11-04 15:47:55
3056,Maipú 1763,,Mendoza,4,5500,AR,2024-11-04 20:33:20
3057,9 de Julio 4939,Piso 2 Dto C,Bahía Blanca,1,8000,AR,2024-11-04 20:34:24
3058,Italia 1425,,Mar del Plata,1,7600,AR,2024-11-04 22:56:56
3059,Brown 1150,,Mar del Plata,1,7600,AR,2024-11-04 23:13:18
3060,Laprida 186,,La Plata,1,1900,AR,2024-11-05 08:05:11
3061,Chacabuco 4416,Piso 12 Dto E,Río Cuarto,2,5800,AR,2024-11-05 11:25:39
3062,Chacabuco 1768,Piso 5 Dto C,Quilmes,1,1878,AR,2024-11-05 13:40:46
3063,Alem 4295,Piso 3 Dto C,Mar del Plata,1,7600,AR,2024-11-05 14:16:35
3064,Dorrego 3817,Piso 4 Dto B,Mendoza,4,5500,AR,2024-11-05 15:45:24
3065,Rivadavia 2042,Piso 1 Dto C,San Isidro,1,1642,AR,2024-11-05 18:02:46
3066,Moreno 1686,,San Rafael,4,5600,AR,2024-11-05 20:37:51
3067,Mitre 743,Piso 3 Dto A,Mendoza,4,5500,AR,2024-11-05 22:07:36
3068,Sarmiento 4938,,Godoy Cruz,4,5501,AR,2024-11-05 23:54:53
3069,Pueyrredón 420,,Mar del Plata,1,7600,AR,2024-11-06 01:20:05
3070,Entre Ríos 886,Piso 2 Dto B,Quilmes,1,1878,AR,2024-11-06 05:26:49
3071,Rivadavia 2318,Piso 8 Dto C,Río Cuarto,2,5800,AR,2024-11-06 08:25:19
3072,Av. Pellegrini 4498,,Quilmes,1,1878,AR,2024-11-06 11:27:29
3073,Independencia 3432,,Córdoba,2,5000,AR,2024-11-06 12:10:57
3074,25 de Mayo 3365,Piso 7 Dto A,Mar del Plata,1,7600,AR,2024-11-06 15:35:09
3075,Lavalle 1708,,Córdoba,2,5000,AR,2024-11-06 17:33:41
3076,Chacabuco 2517,,La Plata,1,1900,AR,2024-11-06 18:30:57
3077,Salta 1907,,La Plata,1,1900,AR,2024-11-06 18:40:43
3078,Sarmiento 1025,Piso 12 Dto B,Córdoba,2,5000,AR,2024-11-06 18:46:18
3079,Chacabuco 4107,,Córdoba,2,5000,AR,2024-11-06 18:51:18
3080,Balcarce 3391,Piso 4 Dto D,Bahía Blanca,1,8000,AR,2024-11-06 21:38:35
3081,Urquiza 319,Piso 9 Dto A,Godoy Cruz,4,5501,AR,2024-11-06 21:45:59
3082,Mitre 624,Piso 10 Dto D,Córdoba,2,5000,AR,2024-11-06 21:46:59
3083,Urquiza 2605,,La Plata,1,1900,AR,2024-11-07 13:06:43
3084,Tucumán 4871,,Córdoba,2,5000,AR,2024-11-07 14:26:29
3085,Independencia 3556,,La Plata,1,1900,AR,2024-11-07 19:08:53
3086,Moreno 4885,,Bahía Blanca,1,8000,AR,2024-11-07 23:02:21
3087,Alsina 1180,,Córdoba,2,5000,AR,2024-11-08 16:42:41
3088,Laprida 940,,Córdoba,2,5000,AR,2024-11-08 16:45:19
3089,España 3264,Piso 10 Dto B,La Plata,1,1900,AR,2024-11-08 19:30:56
3090,Moreno 4888,Piso 10 Dto B,Córdoba,2,5000,AR,2024-11-08 19:52:42
3091,España 3264,,Córdoba,2,5000,AR,2024-11-08 20:11:48
3092,Alsina 3311,,Bahía Blanca,1,8000,AR,2024-11-08 21:41:48
3093,Brown 3099,Piso 3 Dto E,La Plata,1,1900,AR,2024-11-08 21:45:50
3094,Alsina 1963,,Córdoba,2,5000,AR,2024-11-09 03:36:32
3095,Mitre 1594,,Córdoba,2,5000,AR,2024-11-09 08:45:24
3096,Av. Pellegrini 4928,,Rosario,3,2000,AR,2024-11-09 12:41:44
3097,Av. Colón 1550,Piso 9 Dto A,Rafaela,3,2300,AR,2024-11-09 15:08:31
3098,Salta 2030,Piso 10 Dto E,La Plata,1,1900,AR,2024-11-09 17:05:55
3099,Moreno 334,Piso 2 Dto F,San Rafael,4,5600,AR,2024-11-09 19:28:37
3100,Alem 3920,,Quilmes,1,1878,AR,2024-11-09 21:50:51
3101,Independencia 4675,Piso 3 Dto F,Río Cuarto,2,5800,AR,2024-11-09 22:54:04
3102,Av. Pellegrini 4082,,Rosario,3,2000,AR,2024-11-09 22:56:56
3103,Av. San Martín 3421,,Villa Carlos Paz,2,5152,AR,2024-11-09 23:05:15
3104,Balcarce 1360,Piso 12 Dto C,Mar del Plata,1,7600,AR,2024-11-10 22:48:58
3105,Chacabuco 2661,Piso 3 Dto A,Córdoba,2,5000,AR,2024-11-11 17:44:28
3106,Castelli 1103,,San Isidro,1,1642,AR,2024-11-11 21:31:16
3107,25 de Mayo 1805,,San Isidro,1,1642,AR,2024-11-12 08:52:12
3108,Urquiza 2681,Piso 9 Dto E,La Plata,1,1900,AR,2024-11-12 11:22:17
3109,Dorrego 2936,Piso 3 Dto B,Quilmes,1,1878,AR,2024-11-12 12:14:56
3110,Tucumán 4213,,Mendoza,4,5500,AR,2024-11-12 12:21:16
3111,Güemes 4749,,Bahía Blanca,1,8000,AR,2024-11-12 13:13:49
3112,Italia 1950,,Córdoba,2,5000,AR,2024-11-12 16:14:56
3113,Tucumán 4263,Piso 8 Dto E,Rosario,3,2000,AR,2024-11-12 19:22:45
3114,Chacabuco 1559,,Mar del Plata,1,7600,AR,2024-11-12 21:11:48
3115,Maipú 1756,Piso 8 Dto C,La Plata,1,1900,AR,2024-11-13 05:09:46
3116,Maipú 2029,,Córdoba,2,5000,AR,2024-11-13 10:11:03
3117,Dorrego 3560,,San Isidro,1,1642,AR,2024-11-13 12:25:45
3118,Entre Ríos 3730,,Villa Carlos Paz,2,5152,AR,2024-11-13 13:40:05
3119,Laprida 2927,,Río Cuarto,2,5800,AR,2024-11-13 16:18:47
3120,Av. San Martín 1325,,Mar del Plata,1,7600,AR,2024-11-13 16:19:03
3121,Av. Colón 3056,Piso 2 Dto A,Santa Fe,3,3000,AR,2024-11-13 20:36:19
3122,Moreno 2178,Piso 1 Dto A,La Plata,1,1900,AR,2024-11-13 22:23:39
3123,Independencia 3656,Piso 8 Dto D,Godoy Cruz,4,5501,AR,2024-11-14 04:10:50
3124,Lavalle 2980,,Godoy Cruz,4,5501,AR,2024-11-14 08:28:28
3125,Sarmiento 3929,Piso 12 Dto F,Bahía Blanca,1,8000,AR,2024-11-14 08:36:13
3126,Mitre 3988,Piso 11 Dto B,Quilmes,1,1878,AR,2024-11-14 09:48:10
3127,Alsina 1498,Piso 3 Dto A,San Isidro,1,1642,AR,2024-11-14 09:53:04
3128,Güemes 3056,,Rafaela,3,2300,AR,2024-11-14 12:50:29
3129,Moreno 1599,Piso 10 Dto D,La Plata,1,1900,AR,2024-11-14 13:14:15
3130,Av. San Martín 281,,Rosario,3,2000,AR,2024-11-14 17:15:27
3131,Chacabuco 4340,Piso 12 Dto A,Rosario,3,2000,AR,2024-11-14 17:35:26
3132,Tucumán 1095,,La Plata,1,1900,AR,2024-11-14 21:19:50
3133,Alsina 3741,,Quilmes,1,1878,AR,2024-11-14 22:35:42
3134,Alsina 4639,,San Rafael,4,5600,AR,2024-11-15 13:03:07
3135,Brown 4708,,Río Cuarto,2,5800,AR,2024-11-15 19:04:21
3136,Moreno 4610,,Bahía Blanca,1,8000,AR,2024-11-15 20:03:07
3137,Las Heras 1902,Piso 12 Dto D,Mendoza,4,5500,AR,2024-11-16 01:23:56
3138,Lavalle 2927,Piso 6 Dto B,Córdoba,2,5000,AR,2024-11-16 13:31:23
3139,Moreno 2084,,Rosario,3,2000,AR,2024-11-16 13:57:56
3140,Independencia 4506,Piso 6 Dto E,Mar del Plata,1,7600,AR,2024-11-16 15:01:25
3141,Av. San Martín 121,Piso 5 Dto A,Mendoza,4,5500,AR,2024-11-16 19:56:52
3142,Dorrego 1182,,Rosario,3,2000,AR,2024-11-16 20:09:41
3143,Tucumán 1460,,Córdoba,2,5000,AR,2024-11-17 12:34:33
3144,Urquiza 1797,,La Plata,1,1900,AR,2024-11-18 11:15:14
3145,Salta 4103,Piso 9 Dto E,Córdoba,2,5000,AR,2024-11-18 14:28:11
3146,Moreno 4560,,Mar del Plata,1,7600,AR,2024-11-18 15:52:52
3147,Alem 2311,Piso 10 Dto F,Mar del Plata,1,7600,AR,2024-11-18 20:00:57
3148,Salta 4806,,La Plata,1,1900,AR,2024-11-18 20:10:50
3149,Sarmiento 365,,Santa Fe,3,3000,AR,2024-11-19 10:04:33
3150,Maipú 1132,Piso 6 Dto D,San Isidro,1,1642,AR,2024-11-19 10:26:50
3151,Las Heras 1691,Piso 5 Dto A,Bahía Blanca,1,8000,AR,2024-11-19 14:16:13
3152,Urquiza 1338,Piso 10 Dto B,Mendoza,4,5500,AR,2024-11-19 14:51:12
3153,Mitre 102,,Mar del Plata,1,7600,AR,2024-11-19 15:29:59
3154,Brown 2637,,Córdoba,2,5000,AR,2024-11-19 18:38:03
3155,Chacabuco 2385,,Villa Carlos Paz,2,5152,AR,2024-11-19 19:27:19
3156,Av. Colón 1474,,Quilmes,1,1878,AR,2024-11-20 08:08:19
3157,Castelli 2918,Piso 11 Dto E,Rosario,3,2000,AR,2024-11-20 13:33:41
3158,Av. Colón 1575,,San Isidro,1,1642,AR,2024-11-20 14:31:12
3159,Mitre 2282,Piso 3 Dto D,Santa Fe,3,3000,AR,2024-11-20 20:30:50
3160,Av. Colón 4517,Piso 4 Dto B,San Isidro,1,1642,AR,2024-11-21 23:54:19
3161,Tucumán 4858,Piso 12 Dto C,Rosario,3,2000,AR,2024-11-22 08:16:16
3162,Av. San Martín 3335,,Quilmes,1,1878,AR,2024-11-22 13:47:57
3163,Las Heras 1819,Piso 1 Dto F,Godoy Cruz,4,5501,AR,2024-11-22 14:12:13
3164,Maipú 4632,,La Plata,1,1900,AR,2024-11-22 14:13:51
3165,25 de Mayo 4340,Piso 11 Dto C,Bahía Blanca,1,8000,AR,2024-11-22 14:41:55
3166,Güemes 541,,San Isidro,1,1642,AR,2024-11-22 16:04:06
3167,Sarmiento 2012,Piso 5 Dto C,Mar del Plata,1,7600,AR,2024-11-22 16:59:59
3168,Moreno 3681,,Rosario,3,2000,AR,2024-11-22 19:44:36
3169,9 de Julio 998,,Córdoba,2,5000,AR,2024-11-22 20:09:30
3170,Laprida 3622,Piso 2 Dto A,Río Cuarto,2,5800,AR,2024-11-22 20:20:09
3171,Dorrego 3176,Piso 4 Dto A,Córdoba,2,5000,AR,2024-11-23 10:25:50
3172,Salta 3417,Piso 8 Dto F,Córdoba,2,5000,AR,2024-11-23 12:25:43
3173,Alem 3782,,Córdoba,2,5000,AR,2024-11-23 14:05:21
3174,Chacabuco 4014,Piso 10 Dto D,Rafaela,3,2300,AR,2024-11-23 17:46:21
3175,Av. Colón 2596,,Mar del Plata,1,7600,AR,2024-11-23 23:25:54
3176,Alsina 3899,Piso 4 Dto F,Rosario,3,2000,AR,2024-11-24 03:02:59
3177,Italia 3126,,Córdoba,2,5000,AR,2024-11-24 03:17:55
3178,Av. Colón 1655,Piso 11 Dto F,La Plata,1,1900,AR,2024-11-24 09:49:04
3179,Lavalle 4628,Piso 4 Dto B,San Isidro,1,1642,AR,2024-11-25 11:56:05
3180,Sarmiento 431,Piso 2 Dto B,Santa Fe,3,3000,AR,2024-11-25 14:42:14
3181,Tucumán 3375,,Quilmes,1,1878,AR,2024-11-25 19:52:31
3182,Entre Ríos 2894,,Quilmes,1,1878,AR,2024-11-26 14:28:45
3183,Maipú 691,,Córdoba,2,5000,AR,2024-11-26 21:39:29
3184,25 de Mayo 2544,Piso 9 Dto A,San Isidro,1,1642,AR,2024-11-27 13:59:28
3185,Alem 3780,Piso 12 Dto C,Bahía Blanca,1,8000,AR,2024-11-27 16:38:58
3186,25 de Mayo 2170,,Mendoza,4,5500,AR,2024-11-27 19:16:37
3187,Dorrego 2078,,Rosario,3,2000,AR,2024-11-27 19:43:57
3188,Alem 1531,,Rosario,3,2000,AR,2024-11-28 06:33:47
3189,Alem 444,,La Plata,1,1900,AR,2024-11-28 12:13:55
3190,Las Heras 729,,Rosario,3,2000,AR,2024-11-28 13:21:43
3191,Brown 1327,,Mar del Plata,1,7600,AR,2024-11-28 14:03:09
3192,Salta 334,,Rafaela,3,2300,AR,2024-11-28 16:49:01
3193,Rivadavia 1117,,Córdoba,2,5000,AR,2024-11-28 19:17:28
3194,Lavalle 4201,Piso 5 Dto B,La Plata,1,1900,AR,2024-11-29 11:09:12
3195,España 4946,Piso 5 Dto C,Santa Fe,3,3000,AR,2024-11-29 15:58:14
3196,Belgrano 3294,Piso 10 Dto D,Quilmes,1,1878,AR,2024-11-29 17:02:01
3197,9 de Julio 3437,Piso 2 Dto A,Quilmes,1,1878,AR,2024-11-29 18:49:23
3198,Independencia 824,,Mar del Plata,1,7600,AR,2024-11-29 20:07:48
3199,9 de Julio 3531,,Mendoza,4,5500,AR,2024-11-29 20:23:55
3200,Güemes 251,,Rosario,3,2000,AR,2024-11-29 22:36:12
3201,Independencia 1704,,Villa Carlos Paz,2,5152,AR,2024-11-29 23:40:54
3202,Maipú 2765,,San Isidro,1,1642,AR,2024-11-30 07:24:14
3203,Urquiza 4690,Piso 2 Dto B,Mendoza,4,5500,AR,2024-11-30 11:36:05
3204,Mitre 4874,,Córdoba,2,5000,AR,2024-11-30 14:15:34
3205,Güemes 4958,Piso 5 Dto D,Bahía Blanca,1,8000,AR,2024-11-30 15:13:07
3206,Güemes 2623,Piso 2 Dto E,Río Cuarto,2,5800,AR,2024-11-30 16:25:35
3207,Pueyrredón 3442,,Rosario,3,2000,AR,2024-11-30 19:14:00
3208,Chacabuco 3028,,Mar del Plata,1,7600,AR,2024-12-01 11:40:44
3209,Alem 151,,Quilmes,1,1878,AR,2024-12-01 11:44:03
3210,25 de Mayo 2981,,Godoy Cruz,4,5501,AR,2024-12-01 13:29:31
3211,Laprida 3950,Piso 12 Dto D,Rosario,3,2000,AR,2024-12-01 13:30:16
3212,Av. San Martín 4586,Piso 10 Dto D,Córdoba,2,5000,AR,2024-12-01 17:24:13
3213,Av. San Martín 1617,,Río Cuarto,2,5800,AR,2024-12-01 18:36:03
3214,Las Heras 4145,,Mendoza,4,5500,AR,2024-12-01 21:37:51
3215,Salta 4664,,Mendoza,4,5500,AR,2024-12-01 21:45:03
3216,Güemes 1078,,Mar del Plata,1,7600,AR,2024-12-02 01:07:47
3217,España 3806,,Bahía Blanca,1,8000,AR,2024-12-02 03:08:01
3218,Güemes 3722,Piso 8 Dto A,La Plata,1,1900,AR,2024-12-02 11:47:44
3219,Av. Colón 1105,,Rosario,3,2000,AR,2024-12-02 12:45:54
3220,Av. San Martín 4251,,Villa Carlos Paz,2,5152,AR,2024-12-02 13:01:24
3221,Dorrego 2438,,Quilmes,1,1878,AR,2024-12-02 13:12:09
3222,Av. San Martín 830,,Córdoba,2,5000,AR,2024-12-02 16:32:09
3223,Sarmiento 753,Piso 9 Dto D,Rosario,3,2000,AR,2024-12-02 20:11:43
3224,Alsina 1650,Piso 10 Dto C,Quilmes,1,1878,AR,2024-12-02 20:42:41
3225,Entre Ríos 3519,,Córdoba,2,5000,AR,2024-12-03 01:59:40
3226,Laprida 4620,Piso 1 Dto E,Rosario,3,2000,AR,2024-12-03 08:58:28
3227,Belgrano 936,,La Plata,1,1900,AR,2024-12-03 15:52:49
3228,Moreno 411,,Godoy Cruz,4,5501,AR,2024-12-03 18:53:07
3229,Güemes 494,,San Isidro,1,1642,AR,2024-12-03 20:47:39
3230,Lavalle 717,,Córdoba,2,5000,AR,2024-12-03 20:50:46
3231,Independencia 653,,Mar del Plata,1,7600,AR,2024-12-03 20:53:46
3232,Av. Pellegrini 3465,,Mar del Plata,1,7600,AR,2024-12-03 21:01:29
3233,Dorrego 268,Piso 9 Dto A,Godoy Cruz,4,5501,AR,2024-12-04 11:58:12
3234,25 de Mayo 256,Piso 7 Dto B,La Plata,1,1900,AR,2024-12-04 14:47:58
3235,Castelli 4039,,Rosario,3,2000,AR,2024-12-04 20:31:33
3236,Maipú 1674,Piso 7 Dto E,Santa Fe,3,3000,AR,2024-12-04 20:40:17
3237,Urquiza 491,,Bahía Blanca,1,8000,AR,2024-12-05 13:06:33
3238,Balcarce 3963,Piso 1 Dto C,San Isidro,1,1642,AR,2024-12-05 19:30:32
3239,Av. Pellegrini 286,Piso 1 Dto F,La Plata,1,1900,AR,2024-12-06 11:56:44
3240,Chacabuco 1093,,Quilmes,1,1878,AR,2024-12-06 12:40:03
3241,Tucumán 4708,Piso 2 Dto E,San Isidro,1,1642,AR,2024-12-06 15:47:24
3242,Italia 2128,Piso 12 Dto B,Villa Carlos Paz,2,5152,AR,2024-12-07 12:06:16
3243,Av. Pellegrini 865,,Mendoza,4,5500,AR,2024-12-07 21:39:02
3244,Salta 3040,,Mendoza,4,5500,AR,2024-12-07 22:57:34
3245,Güemes 3142,Piso 10 Dto F,San Isidro,1,1642,AR,2024-12-08 00:40:43
3246,Salta 1198,Piso 12 Dto A,Godoy Cruz,4,5501,AR,2024-12-08 12:30:04
3247,Salta 895,Piso 9 Dto C,Mendoza,4,5500,AR,2024-12-08 17:33:34
3248,Av. Pellegrini 4640,,Quilmes,1,1878,AR,2024-12-08 17:51:25
3249,Mitre 3875,,La Plata,1,1900,AR,2024-12-08 17:58:11
3250,Entre Ríos 3603,,Córdoba,2,5000,AR,2024-12-08 22:04:19
3251,Alsina 2807,,Córdoba,2,5000,AR,2024-12-08 22:11:57
3252,Salta 4987,Piso 6 Dto C,Rosario,3,2000,AR,2024-12-08 22:24:59
3253,Italia 2855,Piso 8 Dto F,Río Cuarto,2,5800,AR,2024-12-09 08:48:53
3254,Rivadavia 360,,Rafaela,3,2300,AR,2024-12-09 15:04:14
3255,Italia 4148,Piso 5 Dto E,Córdoba,2,5000,AR,2024-12-09 17:45:15
3256,Av. San Martín 2165,Piso 10 Dto D,Córdoba,2,5000,AR,2024-12-10 11:30:32
3257,Castelli 1003,,Villa Carlos Paz,2,5152,AR,2024-12-10 12:25:33
3258,Lavalle 2019,,La Plata,1,1900,AR,2024-12-10 12:55:53
3259,Güemes 1892,Piso 8 Dto E,Córdoba,2,5000,AR,2024-12-10 14:01:32
3260,Av. San Martín 2253,Piso 11 Dto E,Mar del Plata,1,7600,AR,2024-12-10 14:22:56
3261,Laprida 2395,,Rosario,3,2000,AR,2024-12-10 16:12:49
3262,Tucumán 4162,Piso 6 Dto D,Mendoza,4,5500,AR,2024-12-10 17:17:22
3263,Pueyrredón 1733,Piso 3 Dto F,Villa Carlos Paz,2,5152,AR,2024-12-10 17:32:17
3264,Rivadavia 4300,,La Plata,1,1900,AR,2024-12-10 18:57:48
3265,Balcarce 3152,Piso 5 Dto D,Río Cuarto,2,5800,AR,2024-12-10 20:17:06
3266,Independencia 197,,La Plata,1,1900,AR,2024-12-10 21:26:58
3267,Castelli 4703,Piso 12 Dto A,Santa Fe,3,3000,AR,2024-12-10 22:23:11
3268,Moreno 550,Piso 5 Dto D,San Isidro,1,1642,AR,2024-12-11 15:43:31
3269,Independencia 2723,,Córdoba,2,5000,AR,2024-12-11 15:49:48
3270,Italia 251,Piso 11 Dto F,San Rafael,4,5600,AR,2024-12-11 16:14:25
3271,Alem 983,,Santa Fe,3,3000,AR,2024-12-11 17:46:24
3272,Alsina 476,,La Plata,1,1900,AR,2024-12-11 17:50:01
3273,Entre Ríos 1849,Piso 6 Dto C,Córdoba,2,5000,AR,2024-12-11 18:41:34
3274,Dorrego 3481,,Bahía Blanca,1,8000,AR,2024-12-11 19:22:27
3275,Av. San Martín 3000,,Mendoza,4,5500,AR,2024-12-11 19:49:33
3276,Las Heras 1590,,Santa Fe,3,3000,AR,2024-12-11 21:28:47
3277,Av. Pellegrini 548,Piso 5 Dto C,Santa Fe,3,3000,AR,2024-12-11 21:47:35
3278,Moreno 2621,,Rosario,3,2000,AR,2024-12-11 21:49:12
3279,Güemes 3868,,Córdoba,2,5000,AR,2024-12-12 14:52:42
3280,Salta 853,Piso 1 Dto D,Mendoza,4,5500,AR,2024-12-12 15:54:03
3281,Las Heras 1053,,Río Cuarto,2,5800,AR,2024-12-12 16:19:35
3282,Laprida 2185,,Quilmes,1,1878,AR,2024-12-12 16:23:11
3283,25 de Mayo 1140,Piso 5 Dto A,San Rafael,4,5600,AR,2024-12-12 17:10:28
3284,Alem 2066,Piso 11 Dto B,Córdoba,2,5000,AR,2024-12-12 17:43:13
3285,Belgrano 1720,Piso 12 Dto D,Córdoba,2,5000,AR,2024-12-12 19:37:34
3286,Dorrego 2172,,La Plata,1,1900,AR,2024-12-12 19:48:18
3287,9 de Julio 2532,,Rosario,3,2000,AR,2024-12-12 19:56:00
3288,Belgrano 2081,,La Plata,1,1900,AR,2024-12-12 20:55:37
3289,25 de Mayo 1710,,Quilmes,1,1878,AR,2024-12-12 21:30:18
3290,Balcarce 1883,,Rosario,3,2000,AR,2024-12-12 22:07:34
3291,Pueyrredón 4051,,Santa Fe,3,3000,AR,2024-12-12 22:13:36
3292,Laprida 263,,Mar del Plata,1,7600,AR,2024-12-12 23:07:34
3293,Rivadavia 3448,,La Plata,1,1900,AR,2024-12-13 06:48:52
3294,Belgrano 4264,,La Plata,1,1900,AR,2024-12-13 11:14:18
3295,9 de Julio 339,,Rosario,3,2000,AR,2024-12-13 11:59:12
3296,Maipú 1272,,Córdoba,2,5000,AR,2024-12-13 12:08:30
3297,Av. Colón 1695,Piso 10 Dto D,Mendoza,4,5500,AR,2024-12-13 13:23:36
3298,Las Heras 2212,,Santa Fe,3,3000,AR,2024-12-13 13:57:44
3299,Balcarce 4134,,Godoy Cruz,4,5501,AR,2024-12-13 18:22:24
3300,España 2708,Piso 10 Dto A,Villa Carlos Paz,2,5152,AR,2024-12-13 18:35:47
3301,Urquiza 3514,Piso 5 Dto A,Quilmes,1,1878,AR,2024-12-13 19:39:03
3302,Las Heras 4970,Piso 12 Dto C,La Plata,1,1900,AR,2024-12-13 20:53:32
3303,Alem 2846,Piso 10 Dto B,Rosario,3,2000,AR,2024-12-14 10:07:54
3304,Mitre 3897,Piso 8 Dto B,Río Cuarto,2,5800,AR,2024-12-14 13:24:44
3305,Lavalle 1965,Piso 11 Dto E,Río Cuarto,2,5800,AR,2024-12-14 14:28:04
3306,Av. San Martín 762,Piso 9 Dto B,La Plata,1,1900,AR,2024-12-14 15:43:51
3307,Mitre 3198,Piso 8 Dto B,La Plata,1,1900,AR,2024-12-14 19:10:19
3308,Güemes 3762,Piso 1 Dto D,Quilmes,1,1878,AR,2024-12-15 11:12:40
3309,Independencia 3502,,Bahía Blanca,1,8000,AR,2024-12-15 12:29:24
3310,Av. Pellegrini 1019,Piso 11 Dto F,Rosario,3,2000,AR,2024-12-15 12:44:40
3311,Balcarce 3576,,Rosario,3,2000,AR,2024-12-15 17:58:01
3312,Chacabuco 2560,,Córdoba,2,5000,AR,2024-12-15 19:37:36
3313,Pueyrredón 828,Piso 11 Dto F,Rosario,3,2000,AR,2024-12-15 20:35:33
3314,Belgrano 1941,Piso 1 Dto B,San Isidro,1,1642,AR,2024-12-15 23:23:27
3315,Independencia 2249,,Rosario,3,2000,AR,2024-12-16 07:49:01
3316,Urquiza 974,,San Isidro,1,1642,AR,2024-12-16 11:48:35
3317,Av. San Martín 2955,,La Plata,1,1900,AR,2024-12-16 12:16:25
3318,Mitre 4520,,Rosario,3,2000,AR,2024-12-16 15:11:05
3319,Lavalle 4454,Piso 7 Dto F,Quilmes,1,1878,AR,2024-12-16 16:07:37
3320,Belgrano 1015,Piso 7 Dto E,Río Cuarto,2,5800,AR,2024-12-16 16:13:03
3321,Pueyrredón 140,,Mar del Plata,1,7600,AR,2024-12-16 16:33:13
3322,Sarmiento 2827,,San Rafael,4,5600,AR,2024-12-16 18:38:31
3323,España 2280,Piso 8 Dto A,Córdoba,2,5000,AR,2024-12-16 18:50:03
3324,25 de Mayo 175,,Santa Fe,3,3000,AR,2024-12-17 00:08:52
3325,Entre Ríos 2323,,La Plata,1,1900,AR,2024-12-17 11:02:22
3326,Av. San Martín 4995,,Quilmes,1,1878,AR,2024-12-17 12:21:57
3327,Belgrano 4156,,La Plata,1,1900,AR,2024-12-17 13:37:38
3328,Las Heras 4489,Piso 5 Dto E,Quilmes,1,1878,AR,2024-12-17 20:07:14
3329,Independencia 2493,,Rosario,3,2000,AR,2024-12-17 20:10:55
3330,Chacabuco 819,,Mar del Plata,1,7600,AR,2024-12-17 20:58:35
3331,Las Heras 2504,,Godoy Cruz,4,5501,AR,2024-12-18 09:43:17
3332,Av. Colón 2212,Piso 11 Dto B,Córdoba,2,5000,AR,2024-12-18 10:53:09
3333,Balcarce 1160,,La Plata,1,1900,AR,2024-12-18 17:26:41
3334,Belgrano 2576,Piso 4 Dto A,Mendoza,4,5500,AR,2024-12-18 17:42:10
3335,Balcarce 4897,,Villa Carlos Paz,2,5152,AR,2024-12-18 18:11:43
3336,Brown 687,Piso 9 Dto B,La Plata,1,1900,AR,2024-12-18 18:36:12
3337,Castelli 3362,Piso 11 Dto C,Río Cuarto,2,5800,AR,2024-12-19 08:57:28
3338,Belgrano 4250,Piso 8 Dto E,Villa Carlos Paz,2,5152,AR,2024-12-19 16:25:03
3339,25 de Mayo 2095,,Río Cuarto,2,5800,AR,2024-12-19 16:51:30
3340,9 de Julio 816,,Río Cuarto,2,5800,AR,2024-12-19 17:09:00
3341,Las Heras 4213,,Quilmes,1,1878,AR,2024-12-19 18:04:18
3342,Maipú 2872,,Mendoza,4,5500,AR,2024-12-19 18:51:40
3343,Moreno 120,,Mar del Plata,1,7600,AR,2024-12-19 20:26:00
3344,Entre Ríos 2407,,Rosario,3,2000,AR,2024-12-19 21:59:32
3345,Brown 2503,,La Plata,1,1900,AR,2024-12-19 22:30:55
3346,Av. Colón 2872,Piso 4 Dto D,Rafaela,3,2300,AR,2024-12-19 23:13:56
3347,25 de Mayo 3122,,Rosario,3,2000,AR,2024-12-20 12:31:36
3348,Castelli 3067,Piso 10 Dto A,Rosario,3,2000,AR,2024-12-20 12:56:09
3349,Castelli 1731,,La Plata,1,1900,AR,2024-12-20 13:16:33
3350,Chacabuco 898,,Mendoza,4,5500,AR,2024-12-20 14:39:29
3351,Brown 1917,Piso 8 Dto F,La Plata,1,1900,AR,2024-12-20 16:16:38
3352,Güemes 2026,Piso 1 Dto C,Mar del Plata,1,7600,AR,2024-12-20 16:23:09
3353,Salta 1419,,La Plata,1,1900,AR,2024-12-20 16:28:02
3354,Alem 1100,Piso 7 Dto A,Córdoba,2,5000,AR,2024-12-20 18:09:48
3355,Av. San Martín 396,,San Isidro,1,1642,AR,2024-12-20 18:36:41
3356,Balcarce 909,Piso 4 Dto B,Villa Carlos Paz,2,5152,AR,2024-12-20 19:11:42
3357,Chacabuco 1330,Piso 5 Dto A,Córdoba,2,5000,AR,2024-12-20 19:56:09
3358,Belgrano 1498,Piso 5 Dto B,Mar del Plata,1,7600,AR,2024-12-20 21:01:09
3359,Dorrego 1718,,Mar del Plata,1,7600,AR,2024-12-21 05:41:58
3360,Urquiza 3002,,Quilmes,1,1878,AR,2024-12-21 12:10:00
3361,Salta 3764,,Mendoza,4,5500,AR,2024-12-21 14:42:26
3362,Italia 2245,,Santa Fe,3,3000,AR,2024-12-21 17:21:37
3363,Av. San Martín 182,,Rosario,3,2000,AR,2024-12-21 19:46:20
3364,Rivadavia 618,Piso 10 Dto C,Quilmes,1,1878,AR,2024-12-21 19:52:21
3365,Chacabuco 3267,Piso 6 Dto B,San Isidro,1,1642,AR,2024-12-21 21:22:16
3366,Lavalle 3840,,Quilmes,1,1878,AR,2024-12-22 12:34:38
3367,9 de Julio 2653,,Bahía Blanca,1,8000,AR,2024-12-22 15:52:11
3368,Independencia 3454,Piso 5 Dto B,Quilmes,1,1878,AR,2024-12-22 18:50:31
3369,Chacabuco 2210,,La Plata,1,1900,AR,2024-12-22 19:47:10
3370,Laprida 2834,,Rosario,3,2000,AR,2024-12-22 23:57:23
3371,Italia 889,,Quilmes,1,1878,AR,2024-12-23 10:57:03
3372,Balcarce 1038,Piso 7 Dto C,Mar del Plata,1,7600,AR,2024-12-23 11:08:40
3373,Alsina 2370,Piso 6 Dto D,La Plata,1,1900,AR,2024-12-23 18:22:37
3374,Salta 4579,,Córdoba,2,5000,AR,2024-12-23 18:58:22
3375,Moreno 3336,,Rosario,3,2000,AR,2024-12-23 19:34:50
3376,Castelli 3529,,Santa Fe,3,3000,AR,2024-12-23 21:06:03
3377,Alsina 1608,,Córdoba,2,5000,AR,2024-12-23 21:12:13
3378,Entre Ríos 702,,Mendoza,4,5500,AR,2024-12-23 23:32:35
3379,Alsina 4732,,Mar del Plata,1,7600,AR,2024-12-24 07:17:03
3380,Maipú 4228,Piso 6 Dto E,Quilmes,1,1878,AR,2024-12-24 07:27:49
3381,Independencia 1069,,San Rafael,4,5600,AR,2024-12-24 11:21:40
3382,Urquiza 2535,,Bahía Blanca,1,8000,AR,2024-12-24 11:53:45
3383,25 de Mayo 4760,,La Plata,1,1900,AR,2024-12-24 12:47:05
3384,25 de Mayo 1766,,Mar del Plata,1,7600,AR,2024-12-24 13:31:00
3385,Balcarce 1100,Piso 8 Dto E,Mendoza,4,5500,AR,2024-12-24 14:41:48
3386,Mitre 1387,,Rosario,3,2000,AR,2024-12-24 15:11:30
3387,Chacabuco 3337,Piso 10 Dto C,Córdoba,2,5000,AR,2024-12-24 17:49:34
3388,Urquiza 371,,San Isidro,1,1642,AR,2024-12-24 17:50:10
3389,9 de Julio 2379,Piso 2 Dto B,Santa Fe,3,3000,AR,2024-12-24 18:12:31
3390,Mitre 1924,Piso 7 Dto B,Córdoba,2,5000,AR,2024-12-24 18:45:29
3391,Lavalle 3582,,Bahía Blanca,1,8000,AR,2024-12-24 20:43:36
3392,Brown 3158,,Mendoza,4,5500,AR,2024-12-24 21:40:39
3393,Lavalle 181,Piso 6 Dto A,Córdoba,2,5000,AR,2024-12-24 22:35:41
3394,Las Heras 246,,Santa Fe,3,3000,AR,2024-12-25 05:57:02
3395,Urquiza 3642,,Quilmes,1,1878,AR,2024-12-25 15:18:22
3396,Alem 4799,Piso 6 Dto A,Mar del Plata,1,7600,AR,2024-12-26 10:38:24
3397,Entre Ríos 4479,,San Isidro,1,1642,AR,2024-12-26 18:58:06
3398,Alsina 3772,,La Plata,1,1900,AR,2024-12-26 19:06:39
3399,Independencia 356,Piso 11 Dto B,Mendoza,4,5500,AR,2024-12-26 19:59:03
3400,Güemes 3385,Piso 5 Dto C,La Plata,1,1900,AR,2024-12-26 23:38:08
3401,Urquiza 1641,,Córdoba,2,5000,AR,2024-12-27 10:51:06
3402,Av. San Martín 145,Piso 7 Dto F,Bahía Blanca,1,8000,AR,2024-12-27 12:22:57
3403,Urquiza 4201,,Quilmes,1,1878,AR,2024-12-27 13:07:42
3404,Alem 2460,Piso 7 Dto E,Godoy Cruz,4,5501,AR,2024-12-27 13:28:05
3405,Las Heras 326,,Quilmes,1,1878,AR,2024-12-27 13:51:16
3406,Salta 1722,Piso 5 Dto B,La Plata,1,1900,AR,2024-12-27 14:31:44
3407,Güemes 3613,Piso 8 Dto A,Córdoba,2,5000,AR,2024-12-27 15:07:03
3408,Maipú 3042,,Santa Fe,3,3000,AR,2024-12-27 16:31:27
3409,Balcarce 2766,Piso 9 Dto C,Mar del Plata,1,7600,AR,2024-12-27 18:27:37
3410,Entre Ríos 261,,La Plata,1,1900,AR,2024-12-27 19:15:17
3411,Brown 4691,,San Isidro,1,1642,AR,2024-12-27 21:05:12
3412,Las Heras 4497,Piso 3 Dto B,Mar del Plata,1,7600,AR,2024-12-27 21:16:17
3413,Güemes 2289,Piso 12 Dto C,Quilmes,1,1878,AR,2024-12-27 21:43:28
3414,Brown 2225,Piso 1 Dto E,Rosario,3,2000,AR,2024-12-27 22:37:21
3415,Alsina 4478,Piso 11 Dto F,Rosario,3,2000,AR,2024-12-27 22:57:58
3416,9 de Julio 2411,,Santa Fe,3,3000,AR,2024-12-28 08:38:19
3417,Av. Colón 4955,Piso 2 Dto E,La Plata,1,1900,AR,2024-12-28 12:29:31
3418,Chacabuco 2864,Piso 4 Dto E,San Rafael,4,5600,AR,2024-12-28 13:14:13
3419,Mitre 819,Piso 6 Dto E,Mendoza,4,5500,AR,2024-12-28 15:04:11
3420,Alem 477,,La Plata,1,1900,AR,2024-12-28 16:55:03
3421,Pueyrredón 200,Piso 8 Dto D,Quilmes,1,1878,AR,2024-12-28 17:46:58
3422,Entre Ríos 1307,,La Plata,1,1900,AR,2024-12-28 19:30:56
3423,Av. Colón 1066,Piso 7 Dto D,Mar del Plata,1,7600,AR,2024-12-28 20:37:09
3424,Entre Ríos 4947,,Rosario,3,2000,AR,2024-12-28 20:39:59
3425,Rivadavia 1611,,Quilmes,1,1878,AR,2024-12-28 21:00:39
3426,Pueyrredón 4138,Piso 4 Dto B,La Plata,1,1900,AR,2024-12-28 21:30:47
3427,25 de Mayo 4972,,Quilmes,1,1878,AR,2024-12-28 21:34:22
3428,Av. San Martín 781,,Río Cuarto,2,5800,AR,2024-12-29 14:09:27
3429,Mitre 2417,Piso 1 Dto C,San Isidro,1,1642,AR,2024-12-29 19:19:06
3430,Laprida 2312,Piso 10 Dto F,Córdoba,2,5000,AR,2024-12-29 21:42:57
3431,Balcarce 153,,Mar del Plata,1,7600,AR,2024-12-30 10:45:29
3432,Tucumán 2513,Piso 6 Dto C,San Isidro,1,1642,AR,2024-12-30 10:58:27
3433,Pueyrredón 3515,Piso 8 Dto C,Río Cuarto,2,5800,AR,2024-12-30 12:11:03
3434,9 de Julio 2348,Piso 6 Dto B,La Plata,1,1900,AR,2024-12-30 13:33:27
3435,25 de Mayo 2865,,Mendoza,4,5500,AR,2024-12-31 10:34:07
3436,Rivadavia 1007,,Mendoza,4,5500,AR,2024-12-31 11:29:08
3437,25 de Mayo 2337,,Santa Fe,3,3000,AR,2024-12-31 18:52:45
3438,Mitre 1704,,Mar del Plata,1,7600,AR,2024-12-31 21:53:38
3439,Chacabuco 907,Piso 12 Dto A,San Isidro,1,1642,AR,2024-12-31 22:28:25
3440,Dorrego 3644,Piso 9 Dto B,Godoy Cruz,4,5501,AR,2025-01-01 15:53:51
3441,Av. Pellegrini 1534,Piso 12 Dto F,San Rafael,4,5600,AR,2025-01-01 15:58:34
3442,Dorrego 2251,,Santa Fe,3,3000,AR,2025-01-01 21:06:37
3443,Las Heras 4013,,Río Cuarto,2,5800,AR,2025-01-01 22:20:03
3444,Av. San Martín 2531,Piso 3 Dto F,Córdoba,2,5000,AR,2025-01-01 22:35:05
3445,Dorrego 4271,Piso 7 Dto F,Mar del Plata,1,7600,AR,2025-01-01 22:39:02
3446,Lavalle 1097,,Santa Fe,3,3000,AR,2025-01-02 02:37:07
3447,Entre Ríos 1275,,San Isidro,1,1642,AR,2025-01-02 11:16:32
3448,Independencia 2238,Piso 10 Dto D,Bahía Blanca,1,8000,AR,2025-01-02 11:30:25
3449,Pueyrredón 1578,Piso 12 Dto F,Quilmes,1,1878,AR,2025-01-02 11:44:21
3450,Belgrano 1804,,Rosario,3,2000,AR,2025-01-02 11:59:10
3451,Tucumán 988,,Córdoba,2,5000,AR,2025-01-02 13:48:56
3452,Av. Colón 4560,,Rosario,3,2000,AR,2025-01-02 15:01:39
3453,Av. Colón 4360,,Córdoba,2,5000,AR,2025-01-02 17:55:12
3454,Chacabuco 3927,,Rosario,3,2000,AR,2025-01-02 18:43:16
3455,Castelli 2317,Piso 6 Dto F,Mar del Plata,1,7600,AR,2025-01-02 19:37:27
3456,Castelli 3945,,San Isidro,1,1642,AR,2025-01-03 11:11:25
3457,Laprida 2401,Piso 12 Dto E,Rosario,3,2000,AR,2025-01-03 11:29:58
3458,Entre Ríos 3849,Piso 5 Dto B,Bahía Blanca,1,8000,AR,2025-01-03 12:14:12
3459,Mitre 4857,,Córdoba,2,5000,AR,2025-01-03 23:25:26
3460,Entre Ríos 1067,,Quilmes,1,1878,AR,2025-01-04 06:45:40
3461,Balcarce 1532,Piso 11 Dto A,Godoy Cruz,4,5501,AR,2025-01-04 10:29:30
3462,Chacabuco 4560,,Quilmes,1,1878,AR,2025-01-04 13:03:37
3463,Av. Pellegrini 3497,,Córdoba,2,5000,AR,2025-01-04 13:18:09
3464,Balcarce 983,Piso 9 Dto F,Rosario,3,2000,AR,2025-01-04 14:37:55
3465,Las Heras 3683,Piso 8 Dto B,Rosario,3,2000,AR,2025-01-04 16:52:16
3466,Brown 4120,,Rosario,3,2000,AR,2025-01-04 17:46:22
3467,Av. Pellegrini 1002,,Mendoza,4,5500,AR,2025-01-04 18:30:39
3468,Lavalle 4911,,La Plata,1,1900,AR,2025-01-04 18:41:26
3469,Urquiza 3316,Piso 3 Dto C,Santa Fe,3,3000,AR,2025-01-04 19:24:25
3470,Alem 4952,Piso 4 Dto B,La Plata,1,1900,AR,2025-01-05 16:23:20
3471,Belgrano 4779,,La Plata,1,1900,AR,2025-01-05 16:25:12
3472,Alem 2368,,San Isidro,1,1642,AR,2025-01-06 00:28:47
3473,Independencia 4918,Piso 2 Dto F,Villa Carlos Paz,2,5152,AR,2025-01-06 06:59:02
3474,Mitre 1231,Piso 3 Dto F,Córdoba,2,5000,AR,2025-01-06 12:42:48
3475,Alem 1599,,Córdoba,2,5000,AR,2025-01-06 14:50:12
3476,Independencia 565,Piso 5 Dto A,Mar del Plata,1,7600,AR,2025-01-06 15:18:00
3477,Av. San Martín 2820,Piso 10 Dto C,Rosario,3,2000,AR,2025-01-06 15:36:08
3478,Av. San Martín 2409,Piso 3 Dto D,La Plata,1,1900,AR,2025-01-06 18:38:57
3479,25 de Mayo 3497,Piso 3 Dto B,San Isidro,1,1642,AR,2025-01-07 07:39:01
3480,Mitre 331,,La Plata,1,1900,AR,2025-01-07 07:47:29
3481,Urquiza 749,,San Rafael,4,5600,AR,2025-01-07 10:12:29
3482,Pueyrredón 1234,,Rosario,3,2000,AR,2025-01-07 12:35:32
3483,España 4184,Piso 10 Dto A,Villa Carlos Paz,2,5152,AR,2025-01-07 19:49:08
3484,Mitre 2696,Piso 11 Dto A,Bahía Blanca,1,8000,AR,2025-01-07 19:57:55
3485,Tucumán 2083,,San Isidro,1,1642,AR,2025-01-07 20:37:08
3486,Maipú 1766,,Rosario,3,2000,AR,2025-01-08 06:18:42
3487,Moreno 3622,Piso 4 Dto F,Rosario,3,2000,AR,2025-01-08 11:48:32
3488,Lavalle 4963,Piso 8 Dto A,Mendoza,4,5500,AR,2025-01-08 12:43:06
3489,Brown 1948,Piso 7 Dto A,Godoy Cruz,4,5501,AR,2025-01-08 12:51:04
3490,Balcarce 4286,,Santa Fe,3,3000,AR,2025-01-08 14:43:23
3491,Güemes 3987,,Rosario,3,2000,AR,2025-01-08 19:08:41
3492,Dorrego 609,Piso 9 Dto B,Mendoza,4,5500,AR,2025-01-09 09:13:32
3493,Brown 741,,Córdoba,2,5000,AR,2025-01-10 13:48:28
3494,Independencia 919,Piso 3 Dto A,Santa Fe,3,3000,AR,2025-01-10 15:42:15
3495,Independencia 4499,,Mendoza,4,5500,AR,2025-01-10 17:12:52
3496,Urquiza 712,,La Plata,1,1900,AR,2025-01-10 18:13:06
3497,Pueyrredón 3296,Piso 9 Dto E,Bahía Blanca,1,8000,AR,2025-01-10 21:59:15
3498,Entre Ríos 4499,Piso 2 Dto A,Santa Fe,3,3000,AR,2025-01-10 23:11:03
3499,Brown 1360,,La Plata,1,1900,AR,2025-01-11 00:55:49
3500,Salta 267,,Córdoba,2,5000,AR,2025-01-11 01:20:07
3501,Chacabuco 129,Piso 10 Dto A,San Rafael,4,5600,AR,2025-01-11 15:23:18
3502,España 2101,,Río Cuarto,2,5800,AR,2025-01-11 17:52:13
3503,9 de Julio 4134,,La Plata,1,1900,AR,2025-01-11 22:38:24
3504,Chacabuco 1771,,Córdoba,2,5000,AR,2025-01-12 11:22:25
3505,9 de Julio 1807,Piso 9 Dto D,Rosario,3,2000,AR,2025-01-12 13:19:29
3506,Entre Ríos 4721,Piso 5 Dto A,La Plata,1,1900,AR,2025-01-12 16:27:10
3507,Av. Pellegrini 1655,Piso 12 Dto C,Rosario,3,2000,AR,2025-01-12 21:57:14
3508,Av. Pellegrini 2725,,Mar del Plata,1,7600,AR,2025-01-13 10:45:32
3509,Castelli 1290,,Quilmes,1,1878,AR,2025-01-13 18:34:35
3510,Pueyrredón 3399,,La Plata,1,1900,AR,2025-01-13 21:11:33
3511,Dorrego 886,,San Isidro,1,1642,AR,2025-01-14 13:16:47
3512,Independencia 3062,,San Isidro,1,1642,AR,2025-01-14 17:25:36
3513,Av. Pellegrini 4491,Piso 4 Dto D,Mendoza,4,5500,AR,2025-01-14 17:48:05
3514,Laprida 3855,,Bahía Blanca,1,8000,AR,2025-01-14 18:59:46
3515,Maipú 280,,Mendoza,4,5500,AR,2025-01-14 19:12:31
3516,Av. Pellegrini 1287,,Rafaela,3,2300,AR,2025-01-15 08:56:51
3517,Independencia 3626,,Rosario,3,2000,AR,2025-01-15 15:07:20
3518,Dorrego 3719,,Mendoza,4,5500,AR,2025-01-15 15:36:45
3519,Alem 2351,Piso 11 Dto D,Santa Fe,3,3000,AR,2025-01-15 17:36:27
3520,Güemes 2071,Piso 3 Dto C,Santa Fe,3,3000,AR,2025-01-15 19:21:31
3521,25 de Mayo 1953,Piso 8 Dto D,La Plata,1,1900,AR,2025-01-15 19:27:41
3522,Brown 4733,Piso 12 Dto B,Córdoba,2,5000,AR,2025-01-16 14:31:35
3523,Alsina 627,Piso 11 Dto D,La Plata,1,1900,AR,2025-01-16 15:40:40
3524,Maipú 3303,Piso 1 Dto B,La Plata,1,1900,AR,2025-01-16 17:03:18
3525,Brown 383,,Quilmes,1,1878,AR,2025-01-16 17:39:06
3526,Av. San Martín 1196,,La Plata,1,1900,AR,2025-01-16 21:36:31
3527,Av. Colón 3974,Piso 3 Dto E,Mar del Plata,1,7600,AR,2025-01-16 22:14:55
3528,Balcarce 1529,,Río Cuarto,2,5800,AR,2025-01-17 12:53:59
3529,Castelli 4023,,Córdoba,2,5000,AR,2025-01-17 17:27:41
3530,Av. Colón 2369,,Bahía Blanca,1,8000,AR,2025-01-17 17:30:49
3531,Las Heras 929,,Santa Fe,3,3000,AR,2025-01-17 18:01:08
3532,Chacabuco 4020,Piso 10 Dto A,Quilmes,1,1878,AR,2025-01-17 22:45:18
3533,Pueyrredón 3558,,Santa Fe,3,3000,AR,2025-01-18 10:07:43
3534,25 de Mayo 2585,,Rafaela,3,2300,AR,2025-01-18 10:22:08
3535,9 de Julio 3447,,Bahía Blanca,1,8000,AR,2025-01-18 13:27:37
3536,Av. San Martín 4875,,Río Cuarto,2,5800,AR,2025-01-18 13:44:53
3537,Pueyrredón 4491,,Bahía Blanca,1,8000,AR,2025-01-18 13:46:20
3538,Salta 527,Piso 5 Dto D,Godoy Cruz,4,5501,AR,2025-01-19 11:23:28
3539,Independencia 1371,,Godoy Cruz,4,5501,AR,2025-01-19 17:50:49
3540,Urquiza 4717,,Rosario,3,2000,AR,2025-01-19 20:24:01
3541,Entre Ríos 4102,,Córdoba,2,5000,AR,2025-01-19 23:53:58
3542,Güemes 2461,,Córdoba,2,5000,AR,2025-01-20 05:18:46
3543,Alem 3223,,Río Cuarto,2,5800,AR,2025-01-20 09:44:34
3544,Independencia 1769,Piso 10 Dto F,Córdoba,2,5000,AR,2025-01-20 17:00:35
3545,Entre Ríos 3992,Piso 9 Dto F,San Isidro,1,1642,AR,2025-01-20 17:54:22
3546,Mitre 1759,Piso 8 Dto D,Santa Fe,3,3000,AR,2025-01-20 18:30:56
3547,Av. Pellegrini 1235,,La Plata,1,1900,AR,2025-01-20 22:54:46
3548,Lavalle 3140,Piso 5 Dto F,Mar del Plata,1,7600,AR,2025-01-21 07:46:55
3549,Dorrego 2598,,La Plata,1,1900,AR,2025-01-21 07:48:59
3550,Av. Colón 1826,,Mendoza,4,5500,AR,2025-01-21 08:13:32
3551,Laprida 4883,,Santa Fe,3,3000,AR,2025-01-21 15:59:15
3552,Alem 4296,Piso 11 Dto C,La Plata,1,1900,AR,2025-01-21 16:25:09
3553,Alsina 3887,Piso 1 Dto B,Godoy Cruz,4,5501,AR,2025-01-21 16:37:28
3554,Alsina 783,,Córdoba,2,5000,AR,2025-01-22 00:48:29
3555,Av. San Martín 2134,Piso 5 Dto E,Mar del Plata,1,7600,AR,2025-01-22 08:24:21
3556,Rivadavia 3735,Piso 11 Dto E,Quilmes,1,1878,AR,2025-01-22 11:35:12
3557,Chacabuco 149,Piso 3 Dto D,Mendoza,4,5500,AR,2025-01-22 15:13:25
3558,España 444,Piso 4 Dto D,Quilmes,1,1878,AR,2025-01-22 15:36:24
3559,Belgrano 2203,,Rosario,3,2000,AR,2025-01-22 17:21:59
3560,Independencia 1946,,Mendoza,4,5500,AR,2025-01-22 18:16:35
3561,Castelli 377,,San Rafael,4,5600,AR,2025-01-22 19:49:11
3562,Laprida 3642,Piso 1 Dto C,Córdoba,2,5000,AR,2025-01-22 21:37:20
3563,Balcarce 2075,Piso 9 Dto C,Rosario,3,2000,AR,2025-01-23 17:51:49
3564,Pueyrredón 3989,,Quilmes,1,1878,AR,2025-01-23 19:50:15
3565,Italia 3551,,La Plata,1,1900,AR,2025-01-23 19:54:06
3566,Las Heras 4414,,La Plata,1,1900,AR,2025-01-24 13:48:22
3567,9 de Julio 580,,Santa Fe,3,3000,AR,2025-01-24 14:59:11
3568,Tucumán 4674,,Córdoba,2,5000,AR,2025-01-24 15:59:42
3569,Las Heras 884,Piso 2 Dto C,Mar del Plata,1,7600,AR,2025-01-24 18:13:51
3570,Entre Ríos 1368,Piso 10 Dto D,Córdoba,2,5000,AR,2025-01-24 20:06:27
3571,Castelli 3597,Piso 6 Dto C,Córdoba,2,5000,AR,2025-01-24 20:44:58
3572,Italia 4300,,Rosario,3,2000,AR,2025-01-24 20:51:43
3573,Mitre 4106,,Mendoza,4,5500,AR,2025-01-25 08:05:01
3574,Salta 3413,Piso 10 Dto A,Godoy Cruz,4,5501,AR,2025-01-25 12:00:50
3575,Moreno 4919,,Córdoba,2,5000,AR,2025-01-25 12:49:25
3576,Castelli 1126,,Córdoba,2,5000,AR,2025-01-26 09:49:19
3577,Mitre 2596,,San Isidro,1,1642,AR,2025-01-26 12:04:57
3578,Belgrano 836,,Quilmes,1,1878,AR,2025-01-27 10:22:38
3579,Entre Ríos 4878,Piso 6 Dto D,La Plata,1,1900,AR,2025-01-27 15:13:36
3580,Chacabuco 4227,,Río Cuarto,2,5800,AR,2025-01-27 17:01:40
3581,9 de Julio 4201,Piso 8 Dto F,Rosario,3,2000,AR,2025-01-27 19:02:06
3582,Dorrego 254,,La Plata,1,1900,AR,2025-01-28 01:34:46
3583,Dorrego 4100,,Mendoza,4,5500,AR,2025-01-28 10:58:00
3584,9 de Julio 1891,,Mendoza,4,5500,AR,2025-01-28 11:23:08
3585,Av. San Martín 1689,,Córdoba,2,5000,AR,2025-01-28 22:01:23
3586,Av. Colón 1779,Piso 1 Dto D,Bahía Blanca,1,8000,AR,2025-01-29 08:09:39
3587,Sarmiento 1774,Piso 3 Dto C,Bahía Blanca,1,8000,AR,2025-01-29 08:16:50
3588,Laprida 822,Piso 4 Dto F,Rosario,3,2000,AR,2025-01-29 12:16:19
3589,Av. San Martín 1245,,Mendoza,4,5500,AR,2025-01-29 15:31:03
3590,Balcarce 2679,,Villa Carlos Paz,2,5152,AR,2025-01-29 16:07:12
3591,Lavalle 1418,Piso 8 Dto B,Córdoba,2,5000,AR,2025-01-30 10:05:41
3592,Castelli 4648,,Rosario,3,2000,AR,2025-01-30 10:13:20
3593,9 de Julio 2877,Piso 6 Dto C,San Isidro,1,1642,AR,2025-01-30 18:02:59
3594,Independencia 631,Piso 9 Dto A,La Plata,1,1900,AR,2025-01-30 18:27:21
3595,Las Heras 4208,Piso 10 Dto C,Bahía Blanca,1,8000,AR,2025-01-30 20:02:24
3596,Alsina 4472,,Santa Fe,3,3000,AR,2025-01-31 10:58:53
3597,Pueyrredón 4037,Piso 4 Dto D,Córdoba,2,5000,AR,2025-01-31 17:53:08
3598,25 de Mayo 2193,Piso 9 Dto E,La Plata,1,1900,AR,2025-01-31 18:03:43
3599,Lavalle 1528,,Río Cuarto,2,5800,AR,2025-01-31 20:05:56
3600,Salta 1920,Piso 2 Dto B,Villa Carlos Paz,2,5152,AR,2025-02-01 12:33:44
3601,Tucumán 2476,Piso 2 Dto B,Córdoba,2,5000,AR,2025-02-01 13:28:44
3602,Balcarce 3255,Piso 7 Dto C,La Plata,1,1900,AR,2025-02-01 14:49:04
3603,Las Heras 3843,,Rosario,3,2000,AR,2025-02-01 14:49:34
3604,Av. Colón 2073,Piso 8 Dto C,Mar del Plata,1,7600,AR,2025-02-01 18:34:29
3605,Av. Colón 1494,,Mendoza,4,5500,AR,2025-02-01 19:48:25
3606,Chacabuco 4288,Piso 11 Dto B,Córdoba,2,5000,AR,2025-02-02 21:06:17
3607,Independencia 919,,Mar del Plata,1,7600,AR,2025-02-03 02:51:14
3608,Güemes 1834,,La Plata,1,1900,AR,2025-02-03 14:44:36
3609,Balcarce 2758,,Rosario,3,2000,AR,2025-02-03 18:19:47
3610,Av. Pellegrini 778,,Quilmes,1,1878,AR,2025-02-03 19:54:23
3611,Av. Colón 4842,Piso 1 Dto C,La Plata,1,1900,AR,2025-02-03 20:37:39
3612,Belgrano 1401,Piso 8 Dto D,La Plata,1,1900,AR,2025-02-04 12:07:30
3613,Lavalle 4277,Piso 2 Dto B,Mendoza,4,5500,AR,2025-02-04 12:53:45
3614,Mitre 200,Piso 3 Dto E,La Plata,1,1900,AR,2025-02-04 17:39:00
3615,25 de Mayo 1895,,Santa Fe,3,3000,AR,2025-02-04 18:31:27
3616,Av. San Martín 3462,,Bahía Blanca,1,8000,AR,2025-02-04 18:42:59
3617,Güemes 1660,,Mar del Plata,1,7600,AR,2025-02-04 19:08:52
3618,Rivadavia 4240,,Córdoba,2,5000,AR,2025-02-05 09:16:25
3619,Tucumán 1177,,Rosario,3,2000,AR,2025-02-05 12:04:36
3620,Alsina 3356,Piso 8 Dto C,Rosario,3,2000,AR,2025-02-05 12:41:47
3621,9 de Julio 4126,Piso 1 Dto B,Rafaela,3,2300,AR,2025-02-06 00:40:14
3622,Lavalle 262,,Santa Fe,3,3000,AR,2025-02-06 00:43:33
3623,España 714,,Mendoza,4,5500,AR,2025-02-06 14:01:42
3624,Güemes 4668,,Bahía Blanca,1,8000,AR,2025-02-06 17:21:43
3625,Dorrego 2203,Piso 3 Dto D,Mar del Plata,1,7600,AR,2025-02-06 19:44:37
3626,Italia 3896,,La Plata,1,1900,AR,2025-02-06 22:11:46
3627,España 850,Piso 6 Dto A,Godoy Cruz,4,5501,AR,2025-02-07 11:44:41
3628,25 de Mayo 3811,Piso 3 Dto B,Mendoza,4,5500,AR,2025-02-07 15:00:47
3629,Dorrego 2266,,La Plata,1,1900,AR,2025-02-07 16:14:35
3630,Brown 4554,Piso 3 Dto B,La Plata,1,1900,AR,2025-02-07 16:21:01
3631,Rivadavia 2714,,Mendoza,4,5500,AR,2025-02-07 18:22:48
3632,Maipú 2103,,Córdoba,2,5000,AR,2025-02-07 22:01:19
3633,Moreno 4656,Piso 5 Dto B,Mendoza,4,5500,AR,2025-02-08 06:34:13
3634,25 de Mayo 474,,Mendoza,4,5500,AR,2025-02-08 06:49:41
3635,Av. Pellegrini 2124,,La Plata,1,1900,AR,2025-02-08 11:30:14
3636,25 de Mayo 3430,Piso 9 Dto B,Córdoba,2,5000,AR,2025-02-08 11:37:09
3637,Av. San Martín 1812,Piso 3 Dto D,Quilmes,1,1878,AR,2025-02-08 11:53:46
3638,9 de Julio 613,,San Rafael,4,5600,AR,2025-02-08 12:51:36
3639,Italia 417,,Quilmes,1,1878,AR,2025-02-08 14:39:54
3640,Balcarce 2087,,Córdoba,2,5000,AR,2025-02-08 15:19:46
3641,Maipú 2901,,Mendoza,4,5500,AR,2025-02-08 17:50:38
3642,Güemes 129,,Santa Fe,3,3000,AR,2025-02-08 18:30:51
3643,Moreno 4856,,Quilmes,1,1878,AR,2025-02-08 22:52:52
3644,Urquiza 3573,,Godoy Cruz,4,5501,AR,2025-02-08 22:56:27
3645,Entre Ríos 4939,Piso 2 Dto B,Villa Carlos Paz,2,5152,AR,2025-02-08 22:57:29
3646,Alem 3690,Piso 1 Dto C,Villa Carlos Paz,2,5152,AR,2025-02-09 18:45:09
3647,Belgrano 4851,Piso 10 Dto F,Quilmes,1,1878,AR,2025-02-10 07:36:58
3648,España 284,Piso 5 Dto D,Santa Fe,3,3000,AR,2025-02-10 13:20:10
3649,Alem 794,,Rosario,3,2000,AR,2025-02-10 15:43:41
3650,Alsina 3013,,Rosario,3,2000,AR,2025-02-10 17:02:28
3651,Av. Colón 3611,Piso 12 Dto A,San Isidro,1,1642,AR,2025-02-11 10:03:37
3652,Italia 550,,Córdoba,2,5000,AR,2025-02-11 11:31:51
3653,Brown 4734,,Córdoba,2,5000,AR,2025-02-11 12:32:49
3654,Alsina 1314,,Rosario,3,2000,AR,2025-02-11 13:25:57
3655,Italia 3574,,Villa Carlos Paz,2,5152,AR,2025-02-11 13:53:12
3656,Av. Colón 2649,Piso 9 Dto D,Bahía Blanca,1,8000,AR,2025-02-11 18:52:35
3657,Moreno 1092,,Quilmes,1,1878,AR,2025-02-11 19:50:53
3658,Balcarce 3147,Piso 8 Dto D,Córdoba,2,5000,AR,2025-02-11 20:06:57
3659,Balcarce 3899,,San Rafael,4,5600,AR,2025-02-11 22:02:53
3660,España 4585,,Godoy Cruz,4,5501,AR,2025-02-12 00:35:57
3661,Salta 3311,Piso 5 Dto C,Mendoza,4,5500,AR,2025-02-12 00:39:52
3662,Mitre 686,,San Rafael,4,5600,AR,2025-02-12 17:13:22
3663,Tucumán 1777,Piso 11 Dto B,Bahía Blanca,1,8000,AR,2025-02-12 17:37:47
3664,Moreno 132,,Quilmes,1,1878,AR,2025-02-12 18:26:38
3665,Güemes 958,,Córdoba,2,5000,AR,2025-02-12 21:39:50
3666,Av. Pellegrini 838,,Villa Carlos Paz,2,5152,AR,2025-02-12 21:42:20
3667,Moreno 2620,Piso 1 Dto F,Quilmes,1,1878,AR,2025-02-13 09:55:21
3668,Dorrego 3708,Piso 9 Dto C,La Plata,1,1900,AR,2025-02-13 10:06:57
3669,Mitre 3250,Piso 12 Dto D,San Isidro,1,1642,AR,2025-02-13 10:40:41
3670,Rivadavia 775,Piso 11 Dto A,Santa Fe,3,3000,AR,2025-02-13 10:46:14
3671,Av. Pellegrini 4591,,Santa Fe,3,3000,AR,2025-02-13 13:18:08
3672,Alem 3441,,Rosario,3,2000,AR,2025-02-13 14:15:30
3673,Av. Pellegrini 2991,Piso 9 Dto F,Córdoba,2,5000,AR,2025-02-13 20:11:30
3674,Castelli 4068,,Quilmes,1,1878,AR,2025-02-13 20:16:56
3675,Sarmiento 2413,,Mar del Plata,1,7600,AR,2025-02-14 06:12:09
3676,Dorrego 1987,Piso 4 Dto D,La Plata,1,1900,AR,2025-02-14 14:41:11
3677,Alsina 293,,Rafaela,3,2300,AR,2025-02-14 14:46:05
3678,9 de Julio 2694,,Río Cuarto,2,5800,AR,2025-02-14 14:58:10
3679,Av. Colón 4874,Piso 3 Dto E,Mendoza,4,5500,AR,2025-02-14 15:24:14
3680,Castelli 2259,,Godoy Cruz,4,5501,AR,2025-02-14 17:39:29
3681,Tucumán 2939,Piso 2 Dto D,Godoy Cruz,4,5501,AR,2025-02-14 17:53:04
3682,Moreno 1767,Piso 7 Dto C,Córdoba,2,5000,AR,2025-02-14 19:51:37
3683,Brown 4395,Piso 6 Dto C,Bahía Blanca,1,8000,AR,2025-02-14 21:31:05
3684,Av. San Martín 3593,,San Isidro,1,1642,AR,2025-02-14 23:49:14
3685,Salta 2953,,Rosario,3,2000,AR,2025-02-15 00:46:43
3686,Laprida 3023,Piso 11 Dto F,Godoy Cruz,4,5501,AR,2025-02-15 11:31:51
3687,Dorrego 1901,,Mar del Plata,1,7600,AR,2025-02-15 15:53:47
3688,9 de Julio 2517,Piso 12 Dto A,La Plata,1,1900,AR,2025-02-15 18:39:58
3689,Tucumán 713,Piso 3 Dto E,Rosario,3,2000,AR,2025-02-15 20:42:07
3690,Maipú 620,,Quilmes,1,1878,AR,2025-02-15 22:03:23
3691,Tucumán 2338,,Bahía Blanca,1,8000,AR,2025-02-16 12:21:40
3692,Pueyrredón 775,,San Isidro,1,1642,AR,2025-02-16 15:16:34
3693,Av. Colón 1186,,Córdoba,2,5000,AR,2025-02-16 18:54:08
3694,25 de Mayo 392,Piso 1 Dto E,Córdoba,2,5000,AR,2025-02-16 20:30:00
3695,Belgrano 1924,Piso 12 Dto F,Mar del Plata,1,7600,AR,2025-02-16 20:30:46
3696,Av. San Martín 3196,Piso 9 Dto B,San Isidro,1,1642,AR,2025-02-16 21:16:19
3697,Independencia 1935,Piso 10 Dto C,Córdoba,2,5000,AR,2025-02-16 21:35:02
3698,Sarmiento 3450,,Rafaela,3,2300,AR,2025-02-16 23:57:38
3699,Belgrano 1208,Piso 12 Dto E,Godoy Cruz,4,5501,AR,2025-02-17 11:54:37
3700,Las Heras 1576,Piso 9 Dto E,Río Cuarto,2,5800,AR,2025-02-17 15:33:43
3701,Chacabuco 4418,,Córdoba,2,5000,AR,2025-02-17 15:38:55
3702,Güemes 1124,Piso 3 Dto F,Quilmes,1,1878,AR,2025-02-17 16:13:08
3703,Alem 1804,,Mar del Plata,1,7600,AR,2025-02-17 17:10:30
3704,Pueyrredón 4597,,Mar del Plata,1,7600,AR,2025-02-17 19:00:30
3705,Dorrego 2175,Piso 6 Dto B,Córdoba,2,5000,AR,2025-02-17 19:31:30
3706,Alem 954,Piso 7 Dto F,Rafaela,3,2300,AR,2025-02-17 19:59:21
3707,Av. San Martín 4555,,Godoy Cruz,4,5501,AR,2025-02-18 08:35:40
3708,9 de Julio 4527,,Santa Fe,3,3000,AR,2025-02-18 12:57:41
3709,Balcarce 2271,,Villa Carlos Paz,2,5152,AR,2025-02-18 15:53:25
3710,Alsina 3202,Piso 11 Dto F,Córdoba,2,5000,AR,2025-02-18 16:57:37
3711,Pueyrredón 3655,Piso 7 Dto F,Río Cuarto,2,5800,AR,2025-02-18 17:51:36
3712,Dorrego 4191,Piso 4 Dto B,San Isidro,1,1642,AR,2025-02-18 19:50:36
3713,Av. Colón 725,,Mar del Plata,1,7600,AR,2025-02-19 07:44:15
3714,Independencia 528,Piso 5 Dto E,Mendoza,4,5500,AR,2025-02-19 15:54:24
3715,Lavalle 2588,,Mar del Plata,1,7600,AR,2025-02-19 17:27:00
3716,Entre Ríos 518,,Rosario,3,2000,AR,2025-02-19 18:36:43
3717,Entre Ríos 1971,,Quilmes,1,1878,AR,2025-02-20 00:26:21
3718,Av. San Martín 1329,,La Plata,1,1900,AR,2025-02-20 09:07:40
3719,Castelli 3688,Piso 4 Dto D,La Plata,1,1900,AR,2025-02-20 19:34:17
3720,Av. Colón 3646,,Quilmes,1,1878,AR,2025-02-21 06:11:24
3721,9 de Julio 2227,Piso 10 Dto F,La Plata,1,1900,AR,2025-02-21 06:30:28
3722,Italia 1867,,Córdoba,2,5000,AR,2025-02-21 11:21:44
3723,Av. Pellegrini 2398,,San Rafael,4,5600,AR,2025-02-21 11:47:57
3724,Av. Colón 1003,Piso 6 Dto F,La Plata,1,1900,AR,2025-02-21 11:56:49
3725,Mitre 2328,,Rosario,3,2000,AR,2025-02-21 13:54:29
3726,Rivadavia 2840,Piso 4 Dto C,Córdoba,2,5000,AR,2025-02-21 18:03:48
3727,Av. San Martín 378,Piso 4 Dto E,San Isidro,1,1642,AR,2025-02-21 18:26:21
3728,Maipú 542,Piso 3 Dto B,Mar del Plata,1,7600,AR,2025-02-21 18:34:46
3729,Moreno 4208,,Bahía Blanca,1,8000,AR,2025-02-21 18:38:53
3730,Entre Ríos 3712,,La Plata,1,1900,AR,2025-02-21 22:21:33
3731,Laprida 2377,Piso 10 Dto F,Rosario,3,2000,AR,2025-02-21 22:57:10
3732,Balcarce 1544,,Córdoba,2,5000,AR,2025-02-21 23:33:55
3733,Mitre 2216,Piso 9 Dto F,Bahía Blanca,1,8000,AR,2025-02-22 10:43:37
3734,Balcarce 4163,Piso 8 Dto F,Bahía Blanca,1,8000,AR,2025-02-22 10:56:10
3735,Maipú 3910,,Mendoza,4,5500,AR,2025-02-22 16:16:07
3736,Independencia 878,Piso 12 Dto D,Córdoba,2,5000,AR,2025-02-22 17:44:25
3737,Pueyrredón 3030,Piso 5 Dto E,Santa Fe,3,3000,AR,2025-02-22 18:57:26
3738,Maipú 775,,Godoy Cruz,4,5501,AR,2025-02-23 12:48:46
3739,Independencia 4923,Piso 7 Dto E,Santa Fe,3,3000,AR,2025-02-23 13:12:55
3740,Alem 4256,,Bahía Blanca,1,8000,AR,2025-02-23 16:58:30
3741,9 de Julio 2413,,Mendoza,4,5500,AR,2025-02-23 18:52:13
3742,Pueyrredón 559,,Villa Carlos Paz,2,5152,AR,2025-02-23 21:44:58
3743,Mitre 3664,Piso 12 Dto D,Santa Fe,3,3000,AR,2025-02-23 22:11:07
3744,Salta 896,Piso 8 Dto F,Mendoza,4,5500,AR,2025-02-24 12:18:16
3745,Rivadavia 980,,Villa Carlos Paz,2,5152,AR,2025-02-24 14:04:38
3746,Sarmiento 3192,,Córdoba,2,5000,AR,2025-02-24 14:22:51
3747,Independencia 1537,Piso 5 Dto A,Rafaela,3,2300,AR,2025-02-24 17:52:20
3748,Sarmiento 203,Piso 1 Dto C,Rosario,3,2000,AR,2025-02-24 18:53:15
3749,Salta 2167,,Córdoba,2,5000,AR,2025-02-24 19:15:14
3750,Lavalle 1999,,Mendoza,4,5500,AR,2025-02-24 21:20:49
3751,Tucumán 2515,,La Plata,1,1900,AR,2025-02-24 21:57:34
3752,Alem 3430,,La Plata,1,1900,AR,2025-02-25 13:16:09
3753,Independencia 3812,,La Plata,1,1900,AR,2025-02-25 14:17:40
3754,Castelli 4173,,Córdoba,2,5000,AR,2025-02-25 18:47:31
3755,Maipú 4182,,Rafaela,3,2300,AR,2025-02-25 20:56:03
3756,Balcarce 2239,,Río Cuarto,2,5800,AR,2025-02-26 03:18:57
3757,Castelli 2318,,Rosario,3,2000,AR,2025-02-26 05:04:31
3758,Urquiza 3288,Piso 1 Dto C,Córdoba,2,5000,AR,2025-02-26 09:17:59
3759,Mitre 4263,,Rosario,3,2000,AR,2025-02-26 13:51:21
3760,Entre Ríos 2938,,Santa Fe,3,3000,AR,2025-02-26 17:57:12
3761,Maipú 657,,Mendoza,4,5500,AR,2025-02-26 18:29:32
3762,Entre Ríos 2288,,San Isidro,1,1642,AR,2025-02-26 22:32:28
3763,Belgrano 463,,Santa Fe,3,3000,AR,2025-02-27 09:08:41
3764,Alsina 3442,,Santa Fe,3,3000,AR,2025-02-27 09:25:53
3765,Güemes 4494,,San Rafael,4,5600,AR,2025-02-27 19:03:19
3766,9 de Julio 2236,Piso 3 Dto B,Santa Fe,3,3000,AR,2025-02-28 10:17:10
3767,Sarmiento 2186,Piso 3 Dto D,Rosario,3,2000,AR,2025-02-28 10:31:45
3768,Brown 1558,,Santa Fe,3,3000,AR,2025-02-28 10:35:31
3769,Sarmiento 2406,,Bahía Blanca,1,8000,AR,2025-02-28 12:40:22
3770,Alem 1632,,Rafaela,3,2300,AR,2025-02-28 12:57:11
3771,Brown 2821,,Córdoba,2,5000,AR,2025-02-28 16:28:03
3772,Av. Pellegrini 1653,,La Plata,1,1900,AR,2025-02-28 17:30:03
3773,Salta 4997,,San Isidro,1,1642,AR,2025-02-28 18:36:42
3774,Brown 1485,Piso 8 Dto E,Mar del Plata,1,7600,AR,2025-02-28 19:10:29
3775,Alem 519,Piso 9 Dto C,San Rafael,4,5600,AR,2025-02-28 19:43:48
3776,Laprida 1138,Piso 5 Dto F,Rosario,3,2000,AR,2025-02-28 21:28:53
3777,Entre Ríos 1436,Piso 9 Dto B,Rosario,3,2000,AR,2025-02-28 21:33:36
3778,Dorrego 1169,Piso 7 Dto D,Mar del Plata,1,7600,AR,2025-03-01 09:26:53
3779,Alsina 4672,Piso 8 Dto A,Mendoza,4,5500,AR,2025-03-01 12:06:20
3780,Tucumán 363,,Bahía Blanca,1,8000,AR,2025-03-01 13:39:00
3781,Alsina 490,Piso 10 Dto A,Villa Carlos Paz,2,5152,AR,2025-03-01 13:40:49
3782,Av. Pellegrini 2640,,Bahía Blanca,1,8000,AR,2025-03-01 13:42:18
3783,Independencia 279,,Córdoba,2,5000,AR,2025-03-01 14:42:22
3784,Belgrano 2813,,Mar del Plata,1,7600,AR,2025-03-01 16:15:06
3785,Alsina 4556,,Rafaela,3,2300,AR,2025-03-01 17:56:50
3786,Alsina 1063,Piso 9 Dto B,Godoy Cruz,4,5501,AR,2025-03-01 18:05:04
3787,Lavalle 3573,Piso 9 Dto E,Mendoza,4,5500,AR,2025-03-01 20:02:39
3788,Chacabuco 2299,Piso 7 Dto E,Quilmes,1,1878,AR,2025-03-02 03:44:44
3789,Chacabuco 590,Piso 7 Dto A,Villa Carlos Paz,2,5152,AR,2025-03-02 08:11:21
3790,Urquiza 4784,,La Plata,1,1900,AR,2025-03-02 11:55:43
3791,Dorrego 357,,Mendoza,4,5500,AR,2025-03-02 12:54:28
3792,Castelli 1471,Piso 5 Dto A,Mar del Plata,1,7600,AR,2025-03-02 18:07:53
3793,Alsina 4960,,Rosario,3,2000,AR,2025-03-02 20:47:23
3794,Castelli 3919,,Córdoba,2,5000,AR,2025-03-02 21:57:39
3795,Maipú 3907,,Mendoza,4,5500,AR,2025-03-02 22:45:40
3796,Av. Pellegrini 472,,Villa Carlos Paz,2,5152,AR,2025-03-03 10:58:46
3797,Av. Pellegrini 150,,Quilmes,1,1878,AR,2025-03-03 12:15:28
3798,Av. San Martín 1170,Piso 7 Dto E,Santa Fe,3,3000,AR,2025-03-03 13:45:42
3799,Urquiza 361,Piso 5 Dto B,Santa Fe,3,3000,AR,2025-03-03 14:44:27
3800,Laprida 2982,,Mendoza,4,5500,AR,2025-03-03 17:13:05
3801,Dorrego 643,,La Plata,1,1900,AR,2025-03-04 00:29:09
3802,Entre Ríos 1382,Piso 2 Dto C,San Isidro,1,1642,AR,2025-03-04 08:17:05
3803,Av. Pellegrini 643,,Santa Fe,3,3000,AR,2025-03-04 14:11:20
3804,Av. San Martín 1809,,Mar del Plata,1,7600,AR,2025-03-04 16:41:26
3805,Maipú 3969,Piso 9 Dto A,Mendoza,4,5500,AR,2025-03-04 16:57:56
3806,Pueyrredón 638,Piso 9 Dto D,Córdoba,2,5000,AR,2025-03-04 18:17:18
3807,9 de Julio 1951,Piso 6 Dto C,La Plata,1,1900,AR,2025-03-04 19:06:48
3808,Chacabuco 4608,Piso 12 Dto D,Rosario,3,2000,AR,2025-03-05 02:49:16
3809,25 de Mayo 4145,Piso 12 Dto A,Mar del Plata,1,7600,AR,2025-03-05 15:50:43
3810,Chacabuco 168,Piso 10 Dto C,Córdoba,2,5000,AR,2025-03-05 16:08:48
3811,Pueyrredón 4729,Piso 11 Dto B,San Isidro,1,1642,AR,2025-03-05 17:35:16
3812,Moreno 2275,,Río Cuarto,2,5800,AR,2025-03-05 18:59:07
3813,Castelli 600,Piso 9 Dto B,Córdoba,2,5000,AR,2025-03-05 20:13:29
3814,Pueyrredón 2033,Piso 2 Dto D,Santa Fe,3,3000,AR,2025-03-06 01:32:27
3815,Mitre 1281,Piso 3 Dto C,Rosario,3,2000,AR,2025-03-06 12:48:20
3816,Salta 2826,Piso 11 Dto C,Mar del Plata,1,7600,AR,2025-03-06 12:56:41
3817,Chacabuco 3384,Piso 1 Dto C,Rafaela,3,2300,AR,2025-03-06 17:43:57
3818,9 de Julio 923,Piso 11 Dto A,Mendoza,4,5500,AR,2025-03-06 18:58:27
3819,Dorrego 431,,Quilmes,1,1878,AR,2025-03-06 20:08:12
3820,Balcarce 1564,Piso 7 Dto D,Córdoba,2,5000,AR,2025-03-06 20:20:48
3821,Laprida 4127,Piso 2 Dto D,Quilmes,1,1878,AR,2025-03-06 20:53:50
3822,Mitre 1211,,Bahía Blanca,1,8000,AR,2025-03-06 22:11:35
3823,Chacabuco 3639,,Mendoza,4,5500,AR,2025-03-07 00:00:34
3824,Italia 1365,,Mar del Plata,1,7600,AR,2025-03-07 05:35:51
3825,Moreno 859,Piso 12 Dto A,San Isidro,1,1642,AR,2025-03-07 08:25:09
3826,Chacabuco 227,Piso 7 Dto B,Mendoza,4,5500,AR,2025-03-07 10:49:56
3827,Brown 4574,Piso 2 Dto A,San Isidro,1,1642,AR,2025-03-07 10:51:16
3828,Dorrego 584,Piso 5 Dto E,Mar del Plata,1,7600,AR,2025-03-07 12:02:41
3829,Moreno 2283,Piso 12 Dto F,Córdoba,2,5000,AR,2025-03-07 17:16:01
3830,Alem 3654,Piso 6 Dto A,Rosario,3,2000,AR,2025-03-07 17:44:28
3831,Brown 4313,,Rosario,3,2000,AR,2025-03-07 20:51:33
3832,Alsina 3955,,Rosario,3,2000,AR,2025-03-07 20:59:10
3833,Mitre 881,Piso 12 Dto A,Quilmes,1,1878,AR,2025-03-07 21:24:35
3834,Italia 2391,Piso 7 Dto A,Rosario,3,2000,AR,2025-03-07 22:23:30
3835,Brown 4690,,Mendoza,4,5500,AR,2025-03-08 11:37:13
3836,Las Heras 2378,,Quilmes,1,1878,AR,2025-03-08 12:33:51
3837,Av. San Martín 1737,Piso 4 Dto F,La Plata,1,1900,AR,2025-03-08 12:34:45
3838,Chacabuco 3910,Piso 11 Dto D,La Plata,1,1900,AR,2025-03-08 22:53:42
3839,Av. San Martín 1428,,Godoy Cruz,4,5501,AR,2025-03-09 07:28:08
3840,Maipú 2483,Piso 6 Dto C,Mar del Plata,1,7600,AR,2025-03-09 10:55:13
3841,Sarmiento 3139,Piso 3 Dto E,Mendoza,4,5500,AR,2025-03-09 20:42:15
3842,Italia 4300,Piso 4 Dto F,Mendoza,4,5500,AR,2025-03-09 21:16:04
3843,25 de Mayo 4211,,Bahía Blanca,1,8000,AR,2025-03-09 21:42:23
3844,Balcarce 764,,Santa Fe,3,3000,AR,2025-03-10 12:20:57
3845,9 de Julio 895,Piso 1 Dto F,Godoy Cruz,4,5501,AR,2025-03-10 13:54:38
3846,Balcarce 2248,Piso 1 Dto E,Rosario,3,2000,AR,2025-03-10 13:55:52
3847,Tucumán 2809,,La Plata,1,1900,AR,2025-03-10 15:04:23
3848,Pueyrredón 735,,Mar del Plata,1,7600,AR,2025-03-10 18:44:47
3849,Salta 2856,Piso 2 Dto C,San Rafael,4,5600,AR,2025-03-10 19:05:01
3850,Alem 2869,,Santa Fe,3,3000,AR,2025-03-11 09:27:13
3851,Laprida 834,Piso 6 Dto B,Mendoza,4,5500,AR,2025-03-11 11:43:05
3852,Chacabuco 834,,San Isidro,1,1642,AR,2025-03-11 17:17:50
3853,Dorrego 1561,,Rosario,3,2000,AR,2025-03-11 18:14:23
3854,Belgrano 4211,Piso 11 Dto E,Rosario,3,2000,AR,2025-03-11 18:15:49
3855,Mitre 481,,Córdoba,2,5000,AR,2025-03-12 02:14:42
3856,Belgrano 1569,,Mar del Plata,1,7600,AR,2025-03-12 08:17:02
3857,Alem 4900,Piso 11 Dto B,Rosario,3,2000,AR,2025-03-12 08:19:28
3858,Moreno 486,,San Isidro,1,1642,AR,2025-03-12 17:06:31
3859,Urquiza 3666,Piso 10 Dto E,Rosario,3,2000,AR,2025-03-12 18:23:46
3860,España 714,Piso 3 Dto C,Rafaela,3,2300,AR,2025-03-12 18:41:53
3861,Chacabuco 4502,,San Isidro,1,1642,AR,2025-03-12 21:35:52
3862,Salta 3907,Piso 8 Dto F,Mendoza,4,5500,AR,2025-03-12 22:59:48
3863,Balcarce 2784,Piso 4 Dto C,Córdoba,2,5000,AR,2025-03-13 19:41:09
3864,Lavalle 3438,,Santa Fe,3,3000,AR,2025-03-13 20:30:13
3865,Brown 1339,,Santa Fe,3,3000,AR,2025-03-13 23:37:05
3866,España 2896,,Quilmes,1,1878,AR,2025-03-14 09:25:46
3867,Av. Pellegrini 2956,,Bahía Blanca,1,8000,AR,2025-03-14 09:40:22
3868,9 de Julio 594,Piso 6 Dto F,La Plata,1,1900,AR,2025-03-14 15:14:35
3869,Brown 3913,Piso 2 Dto A,Santa Fe,3,3000,AR,2025-03-14 17:46:36
3870,Balcarce 1787,,Mendoza,4,5500,AR,2025-03-14 19:23:31
3871,Lavalle 1816,,Río Cuarto,2,5800,AR,2025-03-15 11:40:11
3872,Dorrego 1104,,Santa Fe,3,3000,AR,2025-03-15 12:40:36
3873,Independencia 2506,,Río Cuarto,2,5800,AR,2025-03-15 13:02:49
3874,Maipú 1257,,Santa Fe,3,3000,AR,2025-03-15 15:16:12
3875,Castelli 2797,,La Plata,1,1900,AR,2025-03-15 17:54:03
3876,Sarmiento 4942,,Córdoba,2,5000,AR,2025-03-15 18:25:31
3877,Dorrego 3345,,Córdoba,2,5000,AR,2025-03-15 19:53:48
3878,Sarmiento 901,Piso 2 Dto A,Santa Fe,3,3000,AR,2025-03-15 23:16:46
3879,9 de Julio 3241,Piso 5 Dto C,Córdoba,2,5000,AR,2025-03-16 00:05:55
3880,Rivadavia 633,,Córdoba,2,5000,AR,2025-03-16 06:28:01
3881,Belgrano 1801,Piso 10 Dto E,Rosario,3,2000,AR,2025-03-16 06:44:28
3882,Castelli 3861,Piso 11 Dto E,La Plata,1,1900,AR,2025-03-16 17:23:02
3883,Lavalle 3807,,Rosario,3,2000,AR,2025-03-16 22:19:26
3884,Dorrego 948,,Santa Fe,3,3000,AR,2025-03-17 05:15:07
3885,España 4266,,Córdoba,2,5000,AR,2025-03-17 07:53:02
3886,Pueyrredón 2092,Piso 12 Dto F,Villa Carlos Paz,2,5152,AR,2025-03-17 07:57:16
3887,Dorrego 4643,,La Plata,1,1900,AR,2025-03-17 11:26:06
3888,Pueyrredón 4726,Piso 11 Dto F,Rosario,3,2000,AR,2025-03-17 13:23:31
3889,Salta 1540,Piso 7 Dto F,Rosario,3,2000,AR,2025-03-17 13:53:13
3890,Belgrano 3396,Piso 6 Dto B,Godoy Cruz,4,5501,AR,2025-03-17 20:06:19
3891,Dorrego 1615,,Mar del Plata,1,7600,AR,2025-03-17 22:53:04
3892,Av. Pellegrini 4041,,San Isidro,1,1642,AR,2025-03-18 08:41:06
3893,Moreno 3316,,Córdoba,2,5000,AR,2025-03-18 11:24:58
3894,Entre Ríos 480,Piso 4 Dto F,Mendoza,4,5500,AR,2025-03-18 13:45:22
3895,Maipú 4068,,Quilmes,1,1878,AR,2025-03-18 17:40:06
3896,Laprida 3994,,Río Cuarto,2,5800,AR,2025-03-19 00:42:31
3897,Belgrano 3725,,Rafaela,3,2300,AR,2025-03-19 11:44:57
3898,Belgrano 3406,,Rosario,3,2000,AR,2025-03-19 12:02:50
3899,Lavalle 2125,,Quilmes,1,1878,AR,2025-03-19 12:26:25
3900,Güemes 4651,Piso 7 Dto C,Rosario,3,2000,AR,2025-03-19 12:36:23
3901,España 1642,Piso 3 Dto A,Quilmes,1,1878,AR,2025-03-19 19:48:56
3902,Mitre 4227,Piso 12 Dto B,San Isidro,1,1642,AR,2025-03-20 11:09:50
3903,Las Heras 3677,,Godoy Cruz,4,5501,AR,2025-03-20 16:33:06
3904,Balcarce 216,,Rafaela,3,2300,AR,2025-03-20 17:38:04
3905,Sarmiento 1422,Piso 2 Dto E,Mendoza,4,5500,AR,2025-03-20 20:45:09
3906,Av. Pellegrini 359,,La Plata,1,1900,AR,2025-03-21 14:10:35
3907,Alsina 1178,Piso 4 Dto A,San Rafael,4,5600,AR,2025-03-21 14:39:02
3908,Mitre 1961,,Bahía Blanca,1,8000,AR,2025-03-21 17:10:06
3909,España 2259,Piso 7 Dto F,Santa Fe,3,3000,AR,2025-03-21 20:09:40
3910,Chacabuco 3576,,Rafaela,3,2300,AR,2025-03-22 08:42:13
3911,Las Heras 3507,,La Plata,1,1900,AR,2025-03-22 08:54:16
3912,Av. Colón 2651,,La Plata,1,1900,AR,2025-03-22 10:23:25
3913,Italia 3346,Piso 10 Dto D,Quilmes,1,1878,AR,2025-03-22 13:14:21
3914,Las Heras 980,,Rafaela,3,2300,AR,2025-03-22 15:42:08
3915,Tucumán 2779,Piso 10 Dto F,San Isidro,1,1642,AR,2025-03-22 17:06:39
3916,Independencia 4033,,Quilmes,1,1878,AR,2025-03-22 18:00:46
3917,Tucumán 2957,Piso 9 Dto C,Mar del Plata,1,7600,AR,2025-03-23 10:39:19
3918,Moreno 2523,,Córdoba,2,5000,AR,2025-03-23 12:14:38
3919,Güemes 1539,Piso 7 Dto D,Mar del Plata,1,7600,AR,2025-03-23 15:28:57
3920,Av. Pellegrini 4852,,Rafaela,3,2300,AR,2025-03-24 07:19:33
3921,Salta 4243,Piso 11 Dto E,Córdoba,2,5000,AR,2025-03-24 12:53:11
3922,Av. Colón 1242,,Córdoba,2,5000,AR,2025-03-24 15:48:43
3923,25 de Mayo 875,,Córdoba,2,5000,AR,2025-03-24 17:40:37
3924,Independencia 4470,,La Plata,1,1900,AR,2025-03-24 21:51:28
3925,Balcarce 4395,,Córdoba,2,5000,AR,2025-03-25 10:57:28
3926,Av. Pellegrini 3875,Piso 7 Dto D,Quilmes,1,1878,AR,2025-03-25 17:10:01
3927,Alsina 2555,,Córdoba,2,5000,AR,2025-03-25 19:57:09
3928,Italia 2742,Piso 12 Dto E,Córdoba,2,5000,AR,2025-03-25 21:39:35
3929,Pueyrredón 4192,Piso 8 Dto A,Villa Carlos Paz,2,5152,AR,2025-03-26 12:24:56
3930,Pueyrredón 286,Piso 2 Dto C,Mar del Plata,1,7600,AR,2025-03-26 15:02:37
3931,Rivadavia 4013,,Santa Fe,3,3000,AR,2025-03-26 20:29:58
3932,Tucumán 2678,,Mar del Plata,1,7600,AR,2025-03-27 00:01:06
3933,Güemes 4636,Piso 8 Dto E,Mar del Plata,1,7600,AR,2025-03-28 10:13:09
3934,Tucumán 4823,Piso 7 Dto B,San Isidro,1,1642,AR,2025-03-28 10:54:58
3935,Maipú 2258,,Villa Carlos Paz,2,5152,AR,2025-03-28 19:01:21
3936,Lavalle 4417,,Rosario,3,2000,AR,2025-03-28 20:03:21
3937,Urquiza 966,,Rosario,3,2000,AR,2025-03-29 13:29:19
3938,Av. San Martín 2553,Piso 8 Dto A,Córdoba,2,5000,AR,2025-03-29 15:54:25
3939,Brown 3696,,Bahía Blanca,1,8000,AR,2025-03-29 18:16:11
3940,Brown 4762,,San Rafael,4,5600,AR,2025-03-29 18:59:34
3941,Chacabuco 3522,,Mar del Plata,1,7600,AR,2025-03-30 14:07:47
3942,Balcarce 4410,,Quilmes,1,1878,AR,2025-03-30 16:50:21
3943,Italia 4621,Piso 9 Dto C,La Plata,1,1900,AR,2025-03-30 17:03:21
3944,Av. Colón 4947,Piso 2 Dto E,Córdoba,2,5000,AR,2025-03-30 19:41:56
3945,Güemes 1424,,Rosario,3,2000,AR,2025-03-30 21:32:06
3946,Las Heras 4582,Piso 3 Dto E,Quilmes,1,1878,AR,2025-03-30 22:53:44
3947,Moreno 1772,,San Rafael,4,5600,AR,2025-03-30 23:21:37
3948,Av. San Martín 2653,Piso 1 Dto B,Mendoza,4,5500,AR,2025-03-31 00:13:36
3949,Lavalle 3968,Piso 11 Dto A,San Rafael,4,5600,AR,2025-03-31 08:26:17
3950,Belgrano 1710,Piso 3 Dto F,Bahía Blanca,1,8000,AR,2025-03-31 12:57:45
3951,Güemes 886,Piso 2 Dto F,Rosario,3,2000,AR,2025-03-31 14:11:09
3952,Belgrano 4895,,Villa Carlos Paz,2,5152,AR,2025-03-31 14:27:16
3953,Moreno 3695,Piso 8 Dto F,La Plata,1,1900,AR,2025-03-31 14:55:31
3954,Rivadavia 1072,Piso 1 Dto A,La Plata,1,1900,AR,2025-03-31 17:38:41
3955,Balcarce 3604,,San Isidro,1,1642,AR,2025-04-01 10:16:01
3956,Brown 3044,,Rafaela,3,2300,AR,2025-04-01 12:19:13
3957,25 de Mayo 1247,,Mar del Plata,1,7600,AR,2025-04-01 15:02:40
3958,Chacabuco 3479,Piso 6 Dto B,Mendoza,4,5500,AR,2025-04-01 16:46:37
3959,Belgrano 1214,,Córdoba,2,5000,AR,2025-04-01 18:07:09
3960,25 de Mayo 1002,,Mendoza,4,5500,AR,2025-04-01 20:01:10
3961,Belgrano 2474,,Quilmes,1,1878,AR,2025-04-02 00:30:56
3962,Alem 2162,Piso 6 Dto F,Córdoba,2,5000,AR,2025-04-02 11:18:26
3963,Belgrano 605,,Río Cuarto,2,5800,AR,2025-04-02 13:54:53
3964,Rivadavia 670,,La Plata,1,1900,AR,2025-04-02 16:01:49
3965,25 de Mayo 3730,Piso 7 Dto F,Quilmes,1,1878,AR,2025-04-02 18:05:33
3966,Las Heras 104,Piso 9 Dto F,La Plata,1,1900,AR,2025-04-02 18:20:24
3967,Castelli 1949,,Villa Carlos Paz,2,5152,AR,2025-04-02 19:08:15
3968,Brown 3037,Piso 12 Dto E,La Plata,1,1900,AR,2025-04-02 22:10:33
3969,Belgrano 1877,,Bahía Blanca,1,8000,AR,2025-04-03 01:11:01
3970,Independencia 1655,Piso 9 Dto A,San Isidro,1,1642,AR,2025-04-03 21:54:46
3971,Castelli 2184,,Rafaela,3,2300,AR,2025-04-04 11:01:18
3972,Av. Colón 1102,Piso 12 Dto D,Quilmes,1,1878,AR,2025-04-05 01:22:35
3973,Moreno 4182,,San Isidro,1,1642,AR,2025-04-05 09:41:40
3974,Laprida 2522,,Rafaela,3,2300,AR,2025-04-05 12:17:31
3975,Av. Pellegrini 2150,Piso 8 Dto B,Río Cuarto,2,5800,AR,2025-04-05 14:41:29
3976,España 1443,,Quilmes,1,1878,AR,2025-04-05 14:42:00
3977,Independencia 2940,,Rosario,3,2000,AR,2025-04-05 14:49:56
3978,Alsina 2189,,San Isidro,1,1642,AR,2025-04-05 18:03:41
3979,Urquiza 812,Piso 5 Dto E,Villa Carlos Paz,2,5152,AR,2025-04-06 06:12:56
3980,Dorrego 3239,Piso 6 Dto D,San Isidro,1,1642,AR,2025-04-06 10:15:03
3981,Entre Ríos 3446,,Santa Fe,3,3000,AR,2025-04-06 12:47:27
3982,Alem 4496,,Córdoba,2,5000,AR,2025-04-06 16:09:45
3983,Italia 4156,Piso 11 Dto D,San Rafael,4,5600,AR,2025-04-06 21:53:15
3984,Tucumán 2958,Piso 1 Dto E,Santa Fe,3,3000,AR,2025-04-07 11:37:30
3985,Av. Colón 118,Piso 12 Dto E,Córdoba,2,5000,AR,2025-04-07 13:26:34
3986,Maipú 3183,Piso 5 Dto B,Godoy Cruz,4,5501,AR,2025-04-07 18:05:23
3987,Tucumán 308,Piso 6 Dto F,Godoy Cruz,4,5501,AR,2025-04-08 00:52:26
3988,9 de Julio 4306,Piso 6 Dto C,Río Cuarto,2,5800,AR,2025-04-08 10:40:48
3989,España 1663,Piso 12 Dto C,Villa Carlos Paz,2,5152,AR,2025-04-08 12:10:17
3990,Balcarce 1314,,Santa Fe,3,3000,AR,2025-04-08 12:18:25
3991,Av. Colón 1647,Piso 1 Dto F,Quilmes,1,1878,AR,2025-04-08 12:23:44
3992,Maipú 1021,,Bahía Blanca,1,8000,AR,2025-04-08 12:33:42
3993,Av. Colón 2058,Piso 5 Dto A,Córdoba,2,5000,AR,2025-04-08 13:05:17
3994,Italia 1465,,Mar del Plata,1,7600,AR,2025-04-08 14:40:03
3995,Balcarce 3189,Piso 2 Dto D,Córdoba,2,5000,AR,2025-04-08 16:57:28
3996,Maipú 758,Piso 5 Dto E,Rosario,3,2000,AR,2025-04-08 18:56:27
3997,Alem 2367,,La Plata,1,1900,AR,2025-04-08 22:38:28
3998,Chacabuco 3986,,Rosario,3,2000,AR,2025-04-09 01:11:28
3999,Maipú 734,Piso 1 Dto D,La Plata,1,1900,AR,2025-04-09 11:31:21
4000,Rivadavia 259,,Bahía Blanca,1,8000,AR,2025-04-09 19:05:29
4001,Brown 1406,,Córdoba,2,5000,AR,2025-04-09 23:01:14
4002,Las Heras 4502,Piso 12 Dto E,San Isidro,1,1642,AR,2025-04-09 23:52:11
4003,Av. Pellegrini 1095,,San Isidro,1,1642,AR,2025-04-10 09:54:52
4004,España 3963,Piso 1 Dto C,Quilmes,1,1878,AR,2025-04-10 10:11:01
4005,Tucumán 1068,Piso 12 Dto F,La Plata,1,1900,AR,2025-04-10 11:02:37
4006,Balcarce 2054,,Rafaela,3,2300,AR,2025-04-10 11:20:33
4007,Moreno 2748,,Rosario,3,2000,AR,2025-04-10 11:32:35
4008,Brown 535,,Córdoba,2,5000,AR,2025-04-10 19:11:27
4009,9 de Julio 1948,,Mar del Plata,1,7600,AR,2025-04-10 19:13:38
4010,Castelli 2071,Piso 8 Dto E,La Plata,1,1900,AR,2025-04-10 19:24:33
4011,Laprida 3095,,Bahía Blanca,1,8000,AR,2025-04-10 19:55:20
4012,Av. Colón 4380,,Mar del Plata,1,7600,AR,2025-04-10 20:42:17
4013,Salta 3218,Piso 4 Dto A,Mar del Plata,1,7600,AR,2025-04-10 23:21:25
4014,Laprida 3660,Piso 4 Dto A,Rafaela,3,2300,AR,2025-04-11 01:53:47
4015,Maipú 931,,Río Cuarto,2,5800,AR,2025-04-11 08:52:15
4016,Güemes 1062,Piso 9 Dto F,Rosario,3,2000,AR,2025-04-11 12:40:35
4017,Chacabuco 1965,,La Plata,1,1900,AR,2025-04-11 15:52:07
4018,25 de Mayo 459,Piso 4 Dto D,San Isidro,1,1642,AR,2025-04-11 15:55:26
4019,Urquiza 2201,Piso 5 Dto E,Mar del Plata,1,7600,AR,2025-04-11 21:06:19
4020,Maipú 261,,Río Cuarto,2,5800,AR,2025-04-12 09:07:29
4021,España 4368,,Rosario,3,2000,AR,2025-04-12 10:32:23
4022,Balcarce 827,,San Isidro,1,1642,AR,2025-04-12 10:42:07
4023,Laprida 3133,Piso 12 Dto E,La Plata,1,1900,AR,2025-04-12 16:27:30
4024,Balcarce 3500,,Godoy Cruz,4,5501,AR,2025-04-12 17:21:10
4025,Italia 1729,,Santa Fe,3,3000,AR,2025-04-12 18:12:52
4026,Rivadavia 2282,,Mendoza,4,5500,AR,2025-04-12 18:36:39
4027,Italia 4269,,Mendoza,4,5500,AR,2025-04-12 19:12:05
4028,Urquiza 2756,,Godoy Cruz,4,5501,AR,2025-04-13 00:47:34
4029,Independencia 686,,Rosario,3,2000,AR,2025-04-13 10:31:38
4030,Av. Colón 4330,,Godoy Cruz,4,5501,AR,2025-04-13 12:03:09
4031,Güemes 708,Piso 3 Dto B,Rosario,3,2000,AR,2025-04-13 14:23:15
4032,Castelli 837,,Bahía Blanca,1,8000,AR,2025-04-13 15:10:15
4033,Castelli 3891,Piso 11 Dto B,Godoy Cruz,4,5501,AR,2025-04-13 19:05:12
4034,Sarmiento 2565,,Mar del Plata,1,7600,AR,2025-04-13 19:21:32
4035,Alem 4211,,La Plata,1,1900,AR,2025-04-13 19:29:32
4036,España 2934,Piso 1 Dto E,Río Cuarto,2,5800,AR,2025-04-13 20:25:29
4037,Entre Ríos 2739,,San Isidro,1,1642,AR,2025-04-14 18:50:35
4038,España 1496,,La Plata,1,1900,AR,2025-04-14 19:41:48
4039,Alsina 3359,Piso 9 Dto A,Quilmes,1,1878,AR,2025-04-15 07:36:04
4040,Mitre 1523,,La Plata,1,1900,AR,2025-04-15 15:10:47
4041,Alem 2662,,Quilmes,1,1878,AR,2025-04-15 17:21:04
4042,Alsina 173,,Mar del Plata,1,7600,AR,2025-04-15 18:06:28
4043,Independencia 4343,Piso 8 Dto E,Mar del Plata,1,7600,AR,2025-04-15 21:01:44
4044,Moreno 3601,Piso 1 Dto B,Santa Fe,3,3000,AR,2025-04-15 21:47:19
4045,Brown 3527,Piso 6 Dto D,Bahía Blanca,1,8000,AR,2025-04-15 22:34:37
4046,Salta 1873,Piso 6 Dto D,Mar del Plata,1,7600,AR,2025-04-16 11:11:49
4047,Güemes 4288,,Córdoba,2,5000,AR,2025-04-17 00:55:41
4048,Güemes 1290,,Quilmes,1,1878,AR,2025-04-18 13:40:47
4049,Alsina 4794,Piso 6 Dto F,Quilmes,1,1878,AR,2025-04-18 20:13:38
4050,Av. San Martín 1386,Piso 3 Dto F,Rafaela,3,2300,AR,2025-04-19 14:21:10
4051,Urquiza 4100,,Mendoza,4,5500,AR,2025-04-19 17:57:50
4052,Alem 1172,Piso 6 Dto A,Córdoba,2,5000,AR,2025-04-20 10:02:14
4053,Laprida 438,,Santa Fe,3,3000,AR,2025-04-20 10:06:18
4054,Güemes 1951,Piso 5 Dto F,Mendoza,4,5500,AR,2025-04-20 11:39:49
4055,Entre Ríos 3105,,Río Cuarto,2,5800,AR,2025-04-20 15:12:26
4056,Balcarce 1499,,Río Cuarto,2,5800,AR,2025-04-20 18:13:59
4057,Mitre 3700,Piso 1 Dto A,Santa Fe,3,3000,AR,2025-04-20 21:20:06
4058,Castelli 1412,,Rosario,3,2000,AR,2025-04-21 01:16:55
4059,Urquiza 2943,Piso 4 Dto C,Santa Fe,3,3000,AR,2025-04-21 08:52:26
4060,Lavalle 2720,Piso 2 Dto B,Córdoba,2,5000,AR,2025-04-21 15:55:34
4061,Laprida 381,Piso 1 Dto C,San Isidro,1,1642,AR,2025-04-21 19:17:19
4062,Mitre 2748,,Rosario,3,2000,AR,2025-04-21 19:50:50
4063,25 de Mayo 3753,Piso 12 Dto D,Rafaela,3,2300,AR,2025-04-21 20:36:01
4064,Dorrego 1332,Piso 2 Dto B,Rosario,3,2000,AR,2025-04-21 20:49:30
4065,Güemes 1191,,Córdoba,2,5000,AR,2025-04-22 16:08:16
4066,Castelli 662,,La Plata,1,1900,AR,2025-04-22 22:22:29
4067,Laprida 1297,,Córdoba,2,5000,AR,2025-04-23 08:36:55
4068,Av. Colón 3444,,Bahía Blanca,1,8000,AR,2025-04-23 12:59:48
4069,25 de Mayo 2227,Piso 2 Dto E,Villa Carlos Paz,2,5152,AR,2025-04-23 15:20:35
4070,Av. Pellegrini 3057,Piso 11 Dto D,Quilmes,1,1878,AR,2025-04-23 18:36:42
4071,Tucumán 505,Piso 2 Dto A,Rosario,3,2000,AR,2025-04-23 18:47:33
4072,Entre Ríos 2531,Piso 4 Dto B,Quilmes,1,1878,AR,2025-04-24 16:41:14
4073,Independencia 1472,,Quilmes,1,1878,AR,2025-04-25 15:28:27
4074,Independencia 1297,,Río Cuarto,2,5800,AR,2025-04-25 15:38:41
4075,Dorrego 2714,Piso 8 Dto E,Río Cuarto,2,5800,AR,2025-04-25 15:45:59
4076,Moreno 3605,,Mendoza,4,5500,AR,2025-04-25 17:52:01
4077,25 de Mayo 3553,,Córdoba,2,5000,AR,2025-04-25 20:49:25
4078,Pueyrredón 2517,Piso 3 Dto D,San Rafael,4,5600,AR,2025-04-26 07:10:46
4079,Laprida 3260,Piso 11 Dto B,Córdoba,2,5000,AR,2025-04-26 07:17:24
4080,Laprida 3012,,Villa Carlos Paz,2,5152,AR,2025-04-26 11:26:14
4081,Sarmiento 4865,Piso 6 Dto E,Córdoba,2,5000,AR,2025-04-26 12:43:24
4082,9 de Julio 3880,Piso 6 Dto D,Villa Carlos Paz,2,5152,AR,2025-04-26 15:25:56
4083,Av. Pellegrini 981,,La Plata,1,1900,AR,2025-04-26 16:54:50
4084,España 865,Piso 6 Dto C,Quilmes,1,1878,AR,2025-04-26 19:34:53
4085,Balcarce 2617,,Villa Carlos Paz,2,5152,AR,2025-04-27 07:54:08
4086,Av. Colón 3361,Piso 4 Dto D,Mendoza,4,5500,AR,2025-04-27 19:08:42
4087,Av. San Martín 1738,Piso 10 Dto C,Rosario,3,2000,AR,2025-04-27 21:42:09
4088,Entre Ríos 4649,,Mar del Plata,1,7600,AR,2025-04-27 22:08:17
4089,25 de Mayo 3236,,Villa Carlos Paz,2,5152,AR,2025-04-28 01:34:40
4090,9 de Julio 1898,,La Plata,1,1900,AR,2025-04-28 21:04:35
4091,Italia 1341,Piso 8 Dto C,Córdoba,2,5000,AR,2025-04-29 00:29:39
4092,Castelli 2213,,La Plata,1,1900,AR,2025-04-29 17:19:07
4093,Chacabuco 1035,,Quilmes,1,1878,AR,2025-04-30 13:16:08
4094,9 de Julio 2169,Piso 10 Dto C,San Isidro,1,1642,AR,2025-04-30 20:12:39
4095,Italia 328,Piso 6 Dto E,Córdoba,2,5000,AR,2025-05-01 11:54:07
4096,Urquiza 2490,,La Plata,1,1900,AR,2025-05-01 12:48:16
4097,Belgrano 2921,Piso 9 Dto B,Rosario,3,2000,AR,2025-05-01 23:36:36
4098,Balcarce 2626,,Santa Fe,3,3000,AR,2025-05-02 14:45:00
4099,Lavalle 1560,Piso 12 Dto C,Bahía Blanca,1,8000,AR,2025-05-02 17:45:11
4100,Italia 3897,,Bahía Blanca,1,8000,AR,2025-05-03 12:07:48
4101,Entre Ríos 1722,Piso 1 Dto E,Quilmes,1,1878,AR,2025-05-03 13:34:27
4102,Sarmiento 1836,,Villa Carlos Paz,2,5152,AR,2025-05-03 14:20:23
4103,Moreno 2296,,Río Cuarto,2,5800,AR,2025-05-03 17:20:51
4104,Av. Pellegrini 4672,,Córdoba,2,5000,AR,2025-05-03 21:39:52
4105,Tucumán 1495,,Rosario,3,2000,AR,2025-05-03 22:22:16
4106,Belgrano 1763,Piso 5 Dto E,La Plata,1,1900,AR,2025-05-04 15:00:37
4107,Las Heras 4596,,Córdoba,2,5000,AR,2025-05-04 22:55:56
4108,Laprida 4226,,Mar del Plata,1,7600,AR,2025-05-05 01:45:45
4109,25 de Mayo 3504,,Mar del Plata,1,7600,AR,2025-05-05 08:19:24
4110,Independencia 4556,Piso 9 Dto A,Rosario,3,2000,AR,2025-05-05 10:49:06
4111,Alem 608,,Godoy Cruz,4,5501,AR,2025-05-05 13:00:42
4112,Brown 1082,,Santa Fe,3,3000,AR,2025-05-05 16:02:57
4113,Salta 921,,La Plata,1,1900,AR,2025-05-05 20:01:44
4114,Alsina 243,,Córdoba,2,5000,AR,2025-05-06 01:45:47
4115,Laprida 2700,Piso 10 Dto C,Quilmes,1,1878,AR,2025-05-06 07:37:46
4116,Güemes 3927,Piso 8 Dto B,Río Cuarto,2,5800,AR,2025-05-06 13:21:22
4117,Independencia 3637,,Bahía Blanca,1,8000,AR,2025-05-06 19:57:18
4118,Pueyrredón 643,,Bahía Blanca,1,8000,AR,2025-05-07 09:06:13
4119,Balcarce 2201,Piso 3 Dto B,La Plata,1,1900,AR,2025-05-08 09:23:33
4120,Alsina 434,,Córdoba,2,5000,AR,2025-05-08 14:42:53
4121,Rivadavia 4060,,Rosario,3,2000,AR,2025-05-08 21:07:57
4122,Las Heras 2071,,Quilmes,1,1878,AR,2025-05-09 10:20:56
4123,Alsina 2208,,Córdoba,2,5000,AR,2025-05-09 14:01:44
4124,Moreno 4400,Piso 2 Dto D,Bahía Blanca,1,8000,AR,2025-05-09 16:24:53
4125,Güemes 4618,Piso 3 Dto A,Mendoza,4,5500,AR,2025-05-09 16:53:53
4126,Entre Ríos 3533,Piso 8 Dto C,Córdoba,2,5000,AR,2025-05-09 17:45:26
4127,Av. Colón 4124,Piso 11 Dto D,La Plata,1,1900,AR,2025-05-09 19:50:35
4128,Chacabuco 2954,,La Plata,1,1900,AR,2025-05-09 20:01:45
4129,Salta 3876,Piso 11 Dto A,La Plata,1,1900,AR,2025-05-09 23:19:01
4130,25 de Mayo 4451,Piso 8 Dto A,Mar del Plata,1,7600,AR,2025-05-10 10:59:42
4131,Belgrano 2023,Piso 7 Dto A,San Isidro,1,1642,AR,2025-05-10 11:42:01
4132,Av. San Martín 1116,,Santa Fe,3,3000,AR,2025-05-10 11:53:40
4133,Av. San Martín 1247,,Quilmes,1,1878,AR,2025-05-10 13:36:27
4134,Tucumán 3540,,Rosario,3,2000,AR,2025-05-10 17:24:26
4135,Maipú 626,Piso 2 Dto D,Quilmes,1,1878,AR,2025-05-10 23:10:17
4136,Belgrano 4409,Piso 1 Dto C,Santa Fe,3,3000,AR,2025-05-11 09:40:07
4137,Güemes 1128,Piso 1 Dto B,La Plata,1,1900,AR,2025-05-11 11:42:36
4138,Italia 412,,Rafaela,3,2300,AR,2025-05-11 16:58:13
4139,Independencia 2409,Piso 6 Dto D,Río Cuarto,2,5800,AR,2025-05-11 18:24:45
4140,Alem 1807,,Godoy Cruz,4,5501,AR,2025-05-11 21:31:33
4141,Tucumán 135,,Río Cuarto,2,5800,AR,2025-05-12 00:13:32
4142,Laprida 3126,,Quilmes,1,1878,AR,2025-05-12 00:27:17
4143,Urquiza 2527,,Santa Fe,3,3000,AR,2025-05-12 02:49:24
4144,Dorrego 1862,,Rosario,3,2000,AR,2025-05-12 08:45:15
4145,Pueyrredón 1829,,Mar del Plata,1,7600,AR,2025-05-12 09:24:02
4146,9 de Julio 4158,Piso 7 Dto E,La Plata,1,1900,AR,2025-05-12 10:02:15
4147,España 1634,,San Isidro,1,1642,AR,2025-05-12 12:11:31
4148,Las Heras 3904,,Mendoza,4,5500,AR,2025-05-12 12:43:34
4149,Moreno 1219,,Mar del Plata,1,7600,AR,2025-05-12 14:27:15
4150,Moreno 3307,,Mar del Plata,1,7600,AR,2025-05-12 15:47:08
4151,9 de Julio 3291,Piso 9 Dto C,La Plata,1,1900,AR,2025-05-12 16:38:35
4152,Moreno 773,Piso 11 Dto F,San Isidro,1,1642,AR,2025-05-12 17:51:32
4153,Dorrego 695,,Santa Fe,3,3000,AR,2025-05-12 19:50:09
4154,Maipú 737,,Córdoba,2,5000,AR,2025-05-12 21:02:39
4155,Moreno 2268,Piso 11 Dto E,Rafaela,3,2300,AR,2025-05-12 21:44:30
4156,Balcarce 1959,,Rosario,3,2000,AR,2025-05-12 21:47:45
4157,Castelli 2471,,Córdoba,2,5000,AR,2025-05-13 00:45:25
4158,Entre Ríos 1246,Piso 4 Dto D,Mar del Plata,1,7600,AR,2025-05-13 01:17:16
4159,Las Heras 2201,,La Plata,1,1900,AR,2025-05-13 06:04:39
4160,Independencia 4235,,La Plata,1,1900,AR,2025-05-13 07:38:56
4161,Alsina 3357,Piso 7 Dto E,La Plata,1,1900,AR,2025-05-13 08:03:42
4162,Dorrego 4765,Piso 5 Dto F,La Plata,1,1900,AR,2025-05-13 08:50:20
4163,9 de Julio 800,,Río Cuarto,2,5800,AR,2025-05-13 10:46:12
4164,Chacabuco 4930,Piso 12 Dto F,Santa Fe,3,3000,AR,2025-05-13 12:24:07
4165,Mitre 836,,Córdoba,2,5000,AR,2025-05-13 15:15:23
4166,Chacabuco 3113,Piso 2 Dto E,Quilmes,1,1878,AR,2025-05-13 15:21:44
4167,Entre Ríos 4638,,Rosario,3,2000,AR,2025-05-13 15:44:52
4168,Sarmiento 2975,,Mendoza,4,5500,AR,2025-05-13 16:01:10
4169,Pueyrredón 1318,Piso 2 Dto C,La Plata,1,1900,AR,2025-05-13 16:27:38
4170,Moreno 4305,,Río Cuarto,2,5800,AR,2025-05-13 16:29:49
4171,Alem 1646,Piso 4 Dto E,Córdoba,2,5000,AR,2025-05-13 17:58:36
4172,Pueyrredón 2510,Piso 8 Dto B,Córdoba,2,5000,AR,2025-05-13 19:38:48
4173,Salta 2867,Piso 12 Dto D,La Plata,1,1900,AR,2025-05-13 22:44:40
4174,Independencia 1252,,La Plata,1,1900,AR,2025-05-13 22:50:15
4175,Las Heras 4406,Piso 6 Dto C,Río Cuarto,2,5800,AR,2025-05-13 23:44:45
4176,Las Heras 4595,Piso 7 Dto D,Rosario,3,2000,AR,2025-05-14 07:34:32
4177,Castelli 2315,Piso 6 Dto D,Córdoba,2,5000,AR,2025-05-14 08:06:30
4178,Av. San Martín 1564,Piso 7 Dto C,La Plata,1,1900,AR,2025-05-14 12:04:38
4179,Independencia 139,Piso 1 Dto B,San Isidro,1,1642,AR,2025-05-14 12:07:24
4180,Maipú 4447,Piso 2 Dto C,Rosario,3,2000,AR,2025-05-14 12:17:10
4181,Entre Ríos 3931,Piso 11 Dto D,Rosario,3,2000,AR,2025-05-14 12:50:51
4182,Brown 4613,,La Plata,1,1900,AR,2025-05-14 13:05:49
4183,Chacabuco 2021,,La Plata,1,1900,AR,2025-05-14 14:58:34
4184,España 877,,Córdoba,2,5000,AR,2025-05-14 15:19:47
4185,Sarmiento 3563,,Santa Fe,3,3000,AR,2025-05-14 15:27:26
4186,Salta 3153,,La Plata,1,1900,AR,2025-05-14 16:17:14
4187,Av. Pellegrini 2227,Piso 2 Dto F,La Plata,1,1900,AR,2025-05-14 16:50:55
4188,Alem 3593,,Mar del Plata,1,7600,AR,2025-05-14 17:00:20
4189,Salta 2129,,Córdoba,2,5000,AR,2025-05-14 20:00:59
4190,Dorrego 1472,Piso 11 Dto C,Quilmes,1,1878,AR,2025-05-14 20:33:57
4191,España 1316,Piso 3 Dto D,Mendoza,4,5500,AR,2025-05-14 21:30:12
4192,Independencia 3174,Piso 4 Dto F,La Plata,1,1900,AR,2025-05-14 21:58:14
4193,Brown 1772,Piso 3 Dto E,Córdoba,2,5000,AR,2025-05-15 11:34:01
4194,Rivadavia 3131,,Godoy Cruz,4,5501,AR,2025-05-15 20:10:36
4195,Balcarce 3674,Piso 4 Dto B,Santa Fe,3,3000,AR,2025-05-15 20:18:37
4196,Moreno 4091,Piso 11 Dto A,Santa Fe,3,3000,AR,2025-05-15 22:26:16
4197,Alsina 2736,Piso 7 Dto E,Rosario,3,2000,AR,2025-05-16 10:06:02
4198,Mitre 4373,Piso 8 Dto B,Córdoba,2,5000,AR,2025-05-16 11:48:52
4199,Rivadavia 584,Piso 12 Dto D,Godoy Cruz,4,5501,AR,2025-05-16 13:03:41
4200,25 de Mayo 3482,,Santa Fe,3,3000,AR,2025-05-16 16:05:02
4201,9 de Julio 4405,Piso 3 Dto F,San Rafael,4,5600,AR,2025-05-16 16:28:32
4202,Castelli 2276,Piso 2 Dto D,Rosario,3,2000,AR,2025-05-16 18:34:15
4203,Maipú 2346,Piso 5 Dto A,La Plata,1,1900,AR,2025-05-16 22:42:31
4204,Entre Ríos 2226,,La Plata,1,1900,AR,2025-05-16 22:49:56
4205,Moreno 4277,,Río Cuarto,2,5800,AR,2025-05-17 13:53:36
4206,9 de Julio 3768,Piso 8 Dto F,Mar del Plata,1,7600,AR,2025-05-17 18:00:55
4207,Tucumán 1761,,Rafaela,3,2300,AR,2025-05-18 00:33:28
4208,Chacabuco 674,,Santa Fe,3,3000,AR,2025-05-18 14:00:57
4209,Mitre 1098,Piso 4 Dto A,La Plata,1,1900,AR,2025-05-18 22:12:00
4210,Entre Ríos 133,,Rosario,3,2000,AR,2025-05-19 08:54:36
4211,Alem 150,,Río Cuarto,2,5800,AR,2025-05-19 09:14:03
4212,Entre Ríos 2570,Piso 10 Dto B,Bahía Blanca,1,8000,AR,2025-05-19 09:25:59
4213,Av. San Martín 2091,,Quilmes,1,1878,AR,2025-05-19 15:01:06
4214,Entre Ríos 553,Piso 10 Dto F,Quilmes,1,1878,AR,2025-05-19 20:52:38
4215,Alsina 2311,,San Isidro,1,1642,AR,2025-05-20 17:32:31
4216,Av. San Martín 1135,,Rosario,3,2000,AR,2025-05-20 19:21:12
4217,Av. Pellegrini 2927,Piso 10 Dto E,Rafaela,3,2300,AR,2025-05-20 19:35:18
4218,Italia 1125,Piso 4 Dto A,Santa Fe,3,3000,AR,2025-05-20 20:25:51
4219,Alem 2146,Piso 10 Dto C,Córdoba,2,5000,AR,2025-05-20 21:11:33
4220,Pueyrredón 889,Piso 2 Dto F,Quilmes,1,1878,AR,2025-05-21 00:58:38
4221,España 1432,Piso 7 Dto D,Córdoba,2,5000,AR,2025-05-21 16:06:49
4222,Brown 3395,,La Plata,1,1900,AR,2025-05-21 18:19:05
4223,Entre Ríos 3558,Piso 6 Dto E,Mar del Plata,1,7600,AR,2025-05-21 19:04:00
4224,Moreno 3931,,Córdoba,2,5000,AR,2025-05-21 20:36:29
4225,Mitre 3300,,La Plata,1,1900,AR,2025-05-21 23:42:39
4226,Mitre 3432,Piso 2 Dto E,Mendoza,4,5500,AR,2025-05-22 10:46:16
4227,Av. San Martín 690,,Godoy Cruz,4,5501,AR,2025-05-22 13:56:23
4228,Belgrano 1933,Piso 9 Dto D,Rafaela,3,2300,AR,2025-05-22 20:26:03
4229,Güemes 2442,Piso 1 Dto E,Mendoza,4,5500,AR,2025-05-22 20:35:47
4230,Mitre 3517,Piso 4 Dto E,Santa Fe,3,3000,AR,2025-05-22 22:10:05
4231,Sarmiento 1064,,La Plata,1,1900,AR,2025-05-23 12:34:24
4232,Italia 734,,Córdoba,2,5000,AR,2025-05-23 17:26:58
4233,Alem 1187,Piso 9 Dto F,Córdoba,2,5000,AR,2025-05-23 23:31:12
4234,Salta 144,Piso 10 Dto B,San Rafael,4,5600,AR,2025-05-24 12:13:39
4235,Güemes 1885,,Córdoba,2,5000,AR,2025-05-24 12:57:15
4236,Pueyrredón 2120,,Rosario,3,2000,AR,2025-05-24 15:18:49
4237,Rivadavia 3495,,Córdoba,2,5000,AR,2025-05-24 16:08:35
4238,Alsina 4365,,Rosario,3,2000,AR,2025-05-24 17:11:03
4239,Mitre 326,,Mar del Plata,1,7600,AR,2025-05-25 14:24:21
4240,Av. Pellegrini 3133,,Rosario,3,2000,AR,2025-05-26 09:39:21
4241,Pueyrredón 2902,Piso 10 Dto B,Río Cuarto,2,5800,AR,2025-05-26 10:59:30
4242,Tucumán 1450,Piso 10 Dto A,Villa Carlos Paz,2,5152,AR,2025-05-26 16:35:37
4243,Las Heras 1411,,Santa Fe,3,3000,AR,2025-05-26 17:45:29
4244,Dorrego 687,,Rafaela,3,2300,AR,2025-05-26 19:49:23
4245,Rivadavia 3486,Piso 3 Dto B,Mar del Plata,1,7600,AR,2025-05-26 23:50:42
4246,Alsina 695,,Rosario,3,2000,AR,2025-05-27 14:23:13
4247,Av. Colón 4801,Piso 10 Dto F,Mendoza,4,5500,AR,2025-05-27 18:05:28
4248,Dorrego 1347,,Rosario,3,2000,AR,2025-05-27 19:14:14
4249,Sarmiento 357,Piso 1 Dto D,Córdoba,2,5000,AR,2025-05-28 00:50:44
4250,Lavalle 180,,Quilmes,1,1878,AR,2025-05-28 06:40:33
4251,Mitre 3550,Piso 6 Dto D,Mendoza,4,5500,AR,2025-05-28 13:07:01
4252,Entre Ríos 1206,,Mar del Plata,1,7600,AR,2025-05-29 13:26:45
4253,Entre Ríos 4316,,Bahía Blanca,1,8000,AR,2025-05-30 03:54:38
4254,Rivadavia 1321,,La Plata,1,1900,AR,2025-05-30 12:50:17
4255,Lavalle 3663,,La Plata,1,1900,AR,2025-05-30 17:51:56
4256,Alsina 4213,Piso 2 Dto B,La Plata,1,1900,AR,2025-05-30 22:09:45
4257,Chacabuco 3740,Piso 4 Dto D,Rosario,3,2000,AR,2025-05-31 08:02:47
4258,Alsina 3528,,Mar del Plata,1,7600,AR,2025-06-01 00:02:52
4259,España 2962,,Mar del Plata,1,7600,AR,2025-06-01 00:04:44
4260,Alsina 596,Piso 12 Dto D,Santa Fe,3,3000,AR,2025-06-01 17:31:50
4261,Entre Ríos 1051,Piso 4 Dto C,San Rafael,4,5600,AR,2025-06-01 20:13:34
4262,Balcarce 2908,Piso 7 Dto A,La Plata,1,1900,AR,2025-06-01 20:20:17
4263,Pueyrredón 3471,,San Isidro,1,1642,AR,2025-06-01 22:23:12
4264,España 291,,Rosario,3,2000,AR,2025-06-02 01:06:37
4265,Balcarce 4409,Piso 4 Dto F,Villa Carlos Paz,2,5152,AR,2025-06-02 12:08:22
4266,Alem 1439,Piso 3 Dto A,Godoy Cruz,4,5501,AR,2025-06-02 14:46:55
4267,Sarmiento 2906,Piso 12 Dto E,Rafaela,3,2300,AR,2025-06-03 11:27:16
4268,España 305,,Bahía Blanca,1,8000,AR,2025-06-03 14:58:22
4269,Tucumán 4144,,Mendoza,4,5500,AR,2025-06-03 18:07:24
4270,Laprida 4899,Piso 6 Dto C,Mendoza,4,5500,AR,2025-06-03 18:42:00
4271,9 de Julio 994,Piso 10 Dto C,Córdoba,2,5000,AR,2025-06-04 07:59:58
4272,Urquiza 1936,,Rosario,3,2000,AR,2025-06-04 12:07:20
4273,Italia 1374,Piso 5 Dto A,La Plata,1,1900,AR,2025-06-04 12:14:39
4274,Castelli 1208,,Rosario,3,2000,AR,2025-06-04 12:29:10
4275,Moreno 4641,Piso 6 Dto D,Santa Fe,3,3000,AR,2025-06-04 14:29:49
4276,9 de Julio 2884,,Bahía Blanca,1,8000,AR,2025-06-04 20:31:08
4277,Independencia 2012,,Godoy Cruz,4,5501,AR,2025-06-05 10:48:12
4278,25 de Mayo 3038,,Santa Fe,3,3000,AR,2025-06-05 11:01:57
4279,Entre Ríos 1201,,Rosario,3,2000,AR,2025-06-05 12:14:48
4280,Las Heras 502,Piso 2 Dto C,Santa Fe,3,3000,AR,2025-06-05 12:47:29
4281,Rivadavia 1688,Piso 10 Dto E,Bahía Blanca,1,8000,AR,2025-06-05 13:57:56
4282,Dorrego 2679,,Santa Fe,3,3000,AR,2025-06-05 16:56:14
4283,Av. Pellegrini 3068,,Rosario,3,2000,AR,2025-06-05 19:21:51
4284,Pueyrredón 114,,Mendoza,4,5500,AR,2025-06-06 02:30:55
4285,Balcarce 2679,Piso 2 Dto F,Bahía Blanca,1,8000,AR,2025-06-06 12:37:56
4286,Av. San Martín 1730,,Rosario,3,2000,AR,2025-06-06 13:22:53
4287,Av. San Martín 1141,Piso 12 Dto F,Quilmes,1,1878,AR,2025-06-06 15:55:28
4288,Italia 1767,,Rafaela,3,2300,AR,2025-06-06 17:01:08
4289,Güemes 4070,,Córdoba,2,5000,AR,2025-06-06 21:46:33
4290,Belgrano 2705,,Godoy Cruz,4,5501,AR,2025-06-07 15:00:21
4291,Alsina 625,Piso 6 Dto A,Santa Fe,3,3000,AR,2025-06-07 15:01:21
4292,Av. Pellegrini 4815,,Rafaela,3,2300,AR,2025-06-07 15:06:44
4293,Salta 4968,,Santa Fe,3,3000,AR,2025-06-07 15:51:53
4294,Lavalle 1401,Piso 2 Dto F,Rafaela,3,2300,AR,2025-06-07 17:47:28
4295,Rivadavia 3310,Piso 4 Dto D,Rosario,3,2000,AR,2025-06-07 18:19:49
4296,9 de Julio 1100,Piso 7 Dto A,Rosario,3,2000,AR,2025-06-07 18:42:49
4297,Sarmiento 3824,,Santa Fe,3,3000,AR,2025-06-08 00:12:00
4298,Av. San Martín 417,Piso 10 Dto A,Rosario,3,2000,AR,2025-06-08 00:15:21
4299,25 de Mayo 1841,,Mar del Plata,1,7600,AR,2025-06-08 00:58:50
4300,Belgrano 947,Piso 11 Dto B,Mendoza,4,5500,AR,2025-06-08 13:53:10
4301,Urquiza 3348,Piso 7 Dto E,Rosario,3,2000,AR,2025-06-08 16:36:31
4302,Entre Ríos 134,,Quilmes,1,1878,AR,2025-06-08 20:55:06
4303,Maipú 1966,Piso 11 Dto F,Mendoza,4,5500,AR,2025-06-08 22:06:12
4304,Brown 3523,Piso 10 Dto E,Villa Carlos Paz,2,5152,AR,2025-06-09 11:06:00
4305,España 1273,,Bahía Blanca,1,8000,AR,2025-06-09 12:35:27
4306,Italia 2845,Piso 10 Dto E,Godoy Cruz,4,5501,AR,2025-06-09 14:22:01
4307,Av. Colón 655,,Rosario,3,2000,AR,2025-06-09 19:36:16
4308,Laprida 3518,,San Rafael,4,5600,AR,2025-06-09 21:15:08
4309,Alem 429,,Godoy Cruz,4,5501,AR,2025-06-10 04:24:20
4310,Tucumán 770,Piso 2 Dto B,La Plata,1,1900,AR,2025-06-10 14:41:49
4311,Las Heras 294,,Mendoza,4,5500,AR,2025-06-10 15:13:50
4312,Castelli 3942,Piso 3 Dto D,Mendoza,4,5500,AR,2025-06-10 16:48:47
4313,9 de Julio 4665,Piso 7 Dto B,Santa Fe,3,3000,AR,2025-06-10 17:47:35
4314,Moreno 3611,Piso 10 Dto D,Villa Carlos Paz,2,5152,AR,2025-06-10 17:52:00
4315,Salta 4437,,Bahía Blanca,1,8000,AR,2025-06-10 19:22:14
4316,Lavalle 2117,Piso 6 Dto F,Mendoza,4,5500,AR,2025-06-10 19:25:13
4317,Tucumán 4581,Piso 11 Dto C,Mendoza,4,5500,AR,2025-06-10 23:44:44
4318,España 4506,,La Plata,1,1900,AR,2025-06-11 03:00:00
4319,Chacabuco 2666,,Rosario,3,2000,AR,2025-06-11 09:05:11
4320,Av. Colón 2449,,Córdoba,2,5000,AR,2025-06-11 12:21:46
4321,Mitre 4839,,Mendoza,4,5500,AR,2025-06-11 12:49:37
4322,Rivadavia 615,Piso 12 Dto D,Córdoba,2,5000,AR,2025-06-11 14:45:12
4323,Belgrano 3892,,San Isidro,1,1642,AR,2025-06-11 18:37:24
4324,Dorrego 4831,,Quilmes,1,1878,AR,2025-06-11 23:58:53
4325,Maipú 4368,Piso 9 Dto B,Mendoza,4,5500,AR,2025-06-12 03:27:30
4326,Pueyrredón 1426,,La Plata,1,1900,AR,2025-06-12 11:52:19
4327,Alem 2489,Piso 12 Dto A,La Plata,1,1900,AR,2025-06-12 12:16:58
4328,Lavalle 4420,,Río Cuarto,2,5800,AR,2025-06-12 15:37:19
4329,Alsina 270,,Mendoza,4,5500,AR,2025-06-12 17:35:17
4330,Salta 2956,,Córdoba,2,5000,AR,2025-06-12 21:01:33
4331,Laprida 3343,,Rosario,3,2000,AR,2025-06-12 23:35:33
4332,Moreno 3401,,Rosario,3,2000,AR,2025-06-12 23:46:08
4333,Urquiza 1930,,Córdoba,2,5000,AR,2025-06-13 10:10:51
4334,Dorrego 2211,,Mar del Plata,1,7600,AR,2025-06-13 11:24:47
4335,Italia 4409,,Mar del Plata,1,7600,AR,2025-06-13 11:42:39
4336,Mitre 757,,La Plata,1,1900,AR,2025-06-13 15:16:32
4337,9 de Julio 2049,Piso 12 Dto D,Quilmes,1,1878,AR,2025-06-13 20:19:26
4338,Güemes 2789,,San Isidro,1,1642,AR,2025-06-13 20:52:19
4339,Urquiza 2099,,Quilmes,1,1878,AR,2025-06-14 15:16:11
4340,Rivadavia 1292,,Mar del Plata,1,7600,AR,2025-06-14 15:31:32
4341,Tucumán 4637,Piso 9 Dto A,Villa Carlos Paz,2,5152,AR,2025-06-14 17:11:09
4342,Entre Ríos 4878,Piso 7 Dto C,Mar del Plata,1,7600,AR,2025-06-14 19:59:16
4343,Urquiza 1616,,Rosario,3,2000,AR,2025-06-14 20:35:59
4344,Brown 4522,Piso 8 Dto E,Mendoza,4,5500,AR,2025-06-14 21:16:36
4345,Brown 3778,Piso 6 Dto D,Río Cuarto,2,5800,AR,2025-06-15 06:04:05
4346,Rivadavia 838,,San Rafael,4,5600,AR,2025-06-15 13:14:43
4347,Alsina 1028,Piso 2 Dto A,Bahía Blanca,1,8000,AR,2025-06-15 15:49:09
4348,Sarmiento 2293,,Córdoba,2,5000,AR,2025-06-15 16:15:04
4349,25 de Mayo 3804,Piso 5 Dto F,La Plata,1,1900,AR,2025-06-15 18:02:53
4350,Las Heras 120,Piso 5 Dto E,Quilmes,1,1878,AR,2025-06-15 18:24:55
4351,Maipú 407,Piso 10 Dto E,Córdoba,2,5000,AR,2025-06-15 19:56:29
4352,Maipú 1350,,Rosario,3,2000,AR,2025-06-15 21:34:08
4353,Urquiza 2703,,Córdoba,2,5000,AR,2025-06-16 00:58:22
4354,Alem 295,Piso 12 Dto A,Mar del Plata,1,7600,AR,2025-06-16 12:56:40
4355,Tucumán 421,,Mendoza,4,5500,AR,2025-06-16 14:06:14
4356,Rivadavia 2436,,La Plata,1,1900,AR,2025-06-16 15:41:26
4357,Laprida 3180,Piso 5 Dto C,Quilmes,1,1878,AR,2025-06-16 16:06:17
4358,Chacabuco 3346,,Godoy Cruz,4,5501,AR,2025-06-16 17:46:44
4359,Av. Colón 1369,,Santa Fe,3,3000,AR,2025-06-18 06:26:25
4360,Entre Ríos 4663,Piso 10 Dto B,San Rafael,4,5600,AR,2025-06-18 10:13:34
4361,Alsina 3594,Piso 7 Dto A,La Plata,1,1900,AR,2025-06-18 19:39:24
4362,Laprida 2396,Piso 11 Dto D,Mar del Plata,1,7600,AR,2025-06-18 19:49:03
4363,Salta 2394,Piso 2 Dto E,La Plata,1,1900,AR,2025-06-19 16:37:02
4364,Independencia 3070,Piso 9 Dto B,Santa Fe,3,3000,AR,2025-06-19 19:23:01
4365,Maipú 922,Piso 10 Dto D,Córdoba,2,5000,AR,2025-06-19 19:48:44
4366,Av. Colón 3175,,Santa Fe,3,3000,AR,2025-06-20 07:48:52
4367,Urquiza 1341,,Córdoba,2,5000,AR,2025-06-20 13:05:32
4368,España 909,Piso 6 Dto A,Córdoba,2,5000,AR,2025-06-20 16:30:57
4369,Güemes 381,Piso 6 Dto A,Rosario,3,2000,AR,2025-06-20 19:13:55
4370,Las Heras 4120,,Quilmes,1,1878,AR,2025-06-21 12:01:51
4371,Alsina 1253,Piso 4 Dto A,La Plata,1,1900,AR,2025-06-21 14:00:13
4372,Mitre 3740,Piso 7 Dto A,La Plata,1,1900,AR,2025-06-21 19:26:06
4373,Belgrano 2497,,Quilmes,1,1878,AR,2025-06-22 08:07:26
4374,Güemes 1629,,Río Cuarto,2,5800,AR,2025-06-22 17:50:39
4375,Balcarce 4405,,La Plata,1,1900,AR,2025-06-22 23:19:52
4376,Las Heras 4547,,Córdoba,2,5000,AR,2025-06-23 08:03:29
4377,Maipú 4891,,San Rafael,4,5600,AR,2025-06-23 10:01:18
4378,Brown 142,Piso 7 Dto C,San Rafael,4,5600,AR,2025-06-23 14:09:49
4379,Maipú 3365,,Rosario,3,2000,AR,2025-06-23 19:51:31
4380,Balcarce 3211,,Mar del Plata,1,7600,AR,2025-06-23 23:59:47
4381,Castelli 367,Piso 5 Dto B,Córdoba,2,5000,AR,2025-06-24 14:26:20
4382,25 de Mayo 3532,,Quilmes,1,1878,AR,2025-06-24 18:59:53
4383,Laprida 1718,,La Plata,1,1900,AR,2025-06-24 20:09:43
4384,Castelli 3035,,San Rafael,4,5600,AR,2025-06-25 09:10:44
4385,25 de Mayo 4759,Piso 8 Dto A,San Rafael,4,5600,AR,2025-06-25 11:49:42
4386,Mitre 2599,Piso 7 Dto E,Rafaela,3,2300,AR,2025-06-25 12:20:10
4387,España 4775,,San Isidro,1,1642,AR,2025-06-25 13:39:59
4388,Dorrego 4271,,Mar del Plata,1,7600,AR,2025-06-25 19:41:26
4389,Rivadavia 3532,Piso 4 Dto E,San Isidro,1,1642,AR,2025-06-25 21:44:26
4390,Sarmiento 482,Piso 9 Dto E,San Isidro,1,1642,AR,2025-06-26 12:24:58
4391,Av. Pellegrini 2585,Piso 6 Dto F,Bahía Blanca,1,8000,AR,2025-06-26 14:31:25
4392,Moreno 748,,Villa Carlos Paz,2,5152,AR,2025-06-26 15:07:02
4393,Laprida 189,,La Plata,1,1900,AR,2025-06-26 18:56:18
4394,Dorrego 4769,Piso 8 Dto F,Córdoba,2,5000,AR,2025-06-27 12:15:40
4395,Chacabuco 4941,Piso 12 Dto E,Santa Fe,3,3000,AR,2025-06-27 15:02:38
4396,25 de Mayo 2135,Piso 10 Dto E,Mar del Plata,1,7600,AR,2025-06-27 15:49:46
4397,Laprida 3747,,La Plata,1,1900,AR,2025-06-27 22:22:19
4398,9 de Julio 1459,,Río Cuarto,2,5800,AR,2025-06-28 13:00:20
4399,Balcarce 3930,,Córdoba,2,5000,AR,2025-06-28 13:08:19
4400,Belgrano 4684,,Rafaela,3,2300,AR,2025-06-28 16:59:56
4401,Laprida 4109,,La Plata,1,1900,AR,2025-06-28 20:45:28
4402,España 1672,Piso 6 Dto C,Mar del Plata,1,7600,AR,2025-06-29 08:29:13
4403,Entre Ríos 3156,Piso 9 Dto E,La Plata,1,1900,AR,2025-06-29 10:58:10
4404,Las Heras 1860,Piso 4 Dto D,Rosario,3,2000,AR,2025-06-29 11:12:25
4405,Urquiza 1130,,Villa Carlos Paz,2,5152,AR,2025-06-30 09:23:41
4406,Belgrano 102,Piso 12 Dto D,Godoy Cruz,4,5501,AR,2025-06-30 09:30:57
4407,Tucumán 2822,,Córdoba,2,5000,AR,2025-06-30 10:14:01
4408,Mitre 909,,Quilmes,1,1878,AR,2025-06-30 13:05:39
4409,Laprida 2185,Piso 7 Dto F,Córdoba,2,5000,AR,2025-06-30 15:34:35
4410,Urquiza 751,,Rafaela,3,2300,AR,2025-06-30 20:07:44
4411,Balcarce 1616,Piso 7 Dto D,Córdoba,2,5000,AR,2025-06-30 21:57:11
4412,Entre Ríos 1278,Piso 1 Dto D,Villa Carlos Paz,2,5152,AR,2025-06-30 22:17:55
4413,Entre Ríos 4287,Piso 4 Dto E,Villa Carlos Paz,2,5152,AR,2025-06-30 22:32:07
4414,9 de Julio 4866,Piso 3 Dto F,Córdoba,2,5000,AR,2025-07-01 02:48:08
4415,Salta 4382,,Córdoba,2,5000,AR,2025-07-01 12:07:01
4416,Brown 2371,,Rosario,3,2000,AR,2025-07-01 13:43:09
4417,Pueyrredón 2372,,Córdoba,2,5000,AR,2025-07-01 19:09:30
4418,Belgrano 3089,Piso 7 Dto F,San Isidro,1,1642,AR,2025-07-01 20:20:56
4419,Balcarce 2873,Piso 4 Dto E,Mar del Plata,1,7600,AR,2025-07-02 11:03:04
4420,Mitre 1175,,Córdoba,2,5000,AR,2025-07-02 14:40:27
4421,Entre Ríos 104,Piso 9 Dto A,Santa Fe,3,3000,AR,2025-07-02 18:16:31
4422,Italia 1527,Piso 7 Dto F,Córdoba,2,5000,AR,2025-07-03 19:55:12
4423,25 de Mayo 2036,Piso 3 Dto D,San Isidro,1,1642,AR,2025-07-03 22:43:59
4424,Laprida 2078,Piso 12 Dto D,La Plata,1,1900,AR,2025-07-03 23:17:40
4425,Lavalle 2959,,Bahía Blanca,1,8000,AR,2025-07-04 04:32:42
4426,25 de Mayo 3324,,La Plata,1,1900,AR,2025-07-04 04:43:00
4427,Brown 621,,Rosario,3,2000,AR,2025-07-04 12:21:21
4428,Sarmiento 3358,Piso 4 Dto F,Córdoba,2,5000,AR,2025-07-04 12:32:17
4429,Laprida 4798,,Mendoza,4,5500,AR,2025-07-04 15:44:31
4430,Laprida 3068,,Rafaela,3,2300,AR,2025-07-05 10:51:52
4431,Moreno 995,,San Isidro,1,1642,AR,2025-07-05 14:46:29
4432,Av. San Martín 4079,Piso 4 Dto E,Bahía Blanca,1,8000,AR,2025-07-05 20:55:59
4433,Tucumán 4827,,Mar del Plata,1,7600,AR,2025-07-06 18:19:54
4434,Brown 1034,,Godoy Cruz,4,5501,AR,2025-07-07 07:46:08
4435,Pueyrredón 2160,,Quilmes,1,1878,AR,2025-07-07 11:13:46
4436,Urquiza 1621,,La Plata,1,1900,AR,2025-07-07 13:51:31
4437,Mitre 2672,,Mendoza,4,5500,AR,2025-07-07 18:00:46
4438,Dorrego 135,Piso 1 Dto F,Santa Fe,3,3000,AR,2025-07-07 18:48:58
4439,Av. Pellegrini 588,Piso 5 Dto A,San Rafael,4,5600,AR,2025-07-07 21:20:01
4440,Lavalle 1695,,Rosario,3,2000,AR,2025-07-08 05:58:34
4441,Entre Ríos 4684,,Rosario,3,2000,AR,2025-07-08 17:08:44
4442,Entre Ríos 4809,Piso 3 Dto A,Bahía Blanca,1,8000,AR,2025-07-08 17:36:17
4443,Independencia 996,,San Isidro,1,1642,AR,2025-07-08 18:31:51
4444,Tucumán 2937,,Mar del Plata,1,7600,AR,2025-07-08 18:38:28
4445,Italia 2125,,La Plata,1,1900,AR,2025-07-08 19:30:50
4446,España 664,,Córdoba,2,5000,AR,2025-07-09 10:29:54
4447,Chacabuco 2738,Piso 2 Dto F,Río Cuarto,2,5800,AR,2025-07-09 13:25:28
4448,Alem 1045,,San Isidro,1,1642,AR,2025-07-09 19:27:17
4449,Balcarce 4397,,Mar del Plata,1,7600,AR,2025-07-10 09:45:39
4450,Belgrano 745,,Córdoba,2,5000,AR,2025-07-10 10:38:44
4451,Italia 4065,Piso 9 Dto F,La Plata,1,1900,AR,2025-07-10 13:12:54
4452,Mitre 1945,,Bahía Blanca,1,8000,AR,2025-07-10 14:49:12
4453,Salta 1255,Piso 3 Dto A,La Plata,1,1900,AR,2025-07-11 09:51:36
4454,Av. Colón 4643,Piso 10 Dto B,San Isidro,1,1642,AR,2025-07-11 16:04:43
4455,Independencia 867,,Rafaela,3,2300,AR,2025-07-11 17:59:11
4456,Tucumán 4787,Piso 4 Dto A,La Plata,1,1900,AR,2025-07-11 18:37:14
4457,Entre Ríos 410,Piso 8 Dto F,Rosario,3,2000,AR,2025-07-12 12:58:23
4458,9 de Julio 1748,,Rosario,3,2000,AR,2025-07-12 21:34:40
4459,Urquiza 763,,La Plata,1,1900,AR,2025-07-12 21:56:17
4460,Alsina 2386,Piso 5 Dto B,Córdoba,2,5000,AR,2025-07-13 07:53:33
4461,Dorrego 4715,Piso 10 Dto A,Bahía Blanca,1,8000,AR,2025-07-13 09:39:45
4462,Belgrano 3720,,Córdoba,2,5000,AR,2025-07-13 11:38:58
4463,Urquiza 502,,Córdoba,2,5000,AR,2025-07-13 12:01:21
4464,Independencia 4546,Piso 4 Dto B,Córdoba,2,5000,AR,2025-07-13 12:33:58
4465,Pueyrredón 1699,Piso 3 Dto E,Rosario,3,2000,AR,2025-07-13 14:32:30
4466,Güemes 2311,,Rosario,3,2000,AR,2025-07-14 07:44:28
4467,Mitre 1142,Piso 6 Dto A,Villa Carlos Paz,2,5152,AR,2025-07-14 17:02:37
4468,Brown 880,Piso 10 Dto B,Río Cuarto,2,5800,AR,2025-07-14 20:06:51
4469,Av. Colón 3359,,Quilmes,1,1878,AR,2025-07-15 07:09:31
4470,Entre Ríos 2219,,Mendoza,4,5500,AR,2025-07-15 10:16:17
4471,25 de Mayo 3252,Piso 8 Dto D,Río Cuarto,2,5800,AR,2025-07-15 11:47:20
4472,Las Heras 1638,,Rosario,3,2000,AR,2025-07-15 16:33:17
4473,Maipú 2708,Piso 5 Dto A,Santa Fe,3,3000,AR,2025-07-15 16:41:34
4474,Pueyrredón 281,,Córdoba,2,5000,AR,2025-07-15 18:01:25
4475,Entre Ríos 1442,Piso 12 Dto C,Rosario,3,2000,AR,2025-07-15 21:10:18
4476,Maipú 2773,,Córdoba,2,5000,AR,2025-07-16 06:46:16
4477,Laprida 1146,,Rafaela,3,2300,AR,2025-07-16 13:04:11
4478,Av. San Martín 4218,,La Plata,1,1900,AR,2025-07-16 18:25:09
4479,Dorrego 3005,Piso 3 Dto E,Rosario,3,2000,AR,2025-07-16 19:09:49
4480,Castelli 109,Piso 7 Dto F,Mar del Plata,1,7600,AR,2025-07-17 11:02:20
4481,Maipú 4034,,Mendoza,4,5500,AR,2025-07-17 19:37:00
4482,Belgrano 2252,,Mendoza,4,5500,AR,2025-07-17 22:26:34
4483,Moreno 3718,,Río Cuarto,2,5800,AR,2025-07-17 23:32:34
4484,Dorrego 311,,Córdoba,2,5000,AR,2025-07-18 11:16:42
4485,Güemes 3775,Piso 12 Dto C,Mar del Plata,1,7600,AR,2025-07-18 12:32:33
4486,Castelli 2786,,San Isidro,1,1642,AR,2025-07-18 14:42:32
4487,Sarmiento 3374,,Santa Fe,3,3000,AR,2025-07-18 20:23:16
4488,9 de Julio 2953,,Santa Fe,3,3000,AR,2025-07-19 11:57:52
4489,Lavalle 4857,Piso 2 Dto C,Mar del Plata,1,7600,AR,2025-07-19 18:49:44
4490,Lavalle 4735,Piso 3 Dto E,La Plata,1,1900,AR,2025-07-19 21:39:10
4491,Las Heras 3661,,Quilmes,1,1878,AR,2025-07-19 23:12:11
4492,Brown 445,Piso 9 Dto B,Quilmes,1,1878,AR,2025-07-20 08:04:43
4493,Alem 2865,Piso 9 Dto E,San Rafael,4,5600,AR,2025-07-20 19:55:25
4494,Alsina 3142,,Mar del Plata,1,7600,AR,2025-07-20 20:03:56
4495,Castelli 3617,,Godoy Cruz,4,5501,AR,2025-07-21 14:57:52
4496,Av. Colón 366,Piso 7 Dto A,Rosario,3,2000,AR,2025-07-21 18:15:58
4497,Chacabuco 310,,Rosario,3,2000,AR,2025-07-21 19:29:55
4498,Sarmiento 2357,,La Plata,1,1900,AR,2025-07-21 21:05:59
4499,Balcarce 4552,,Quilmes,1,1878,AR,2025-07-21 21:26:45
4500,Güemes 2073,Piso 12 Dto A,La Plata,1,1900,AR,2025-07-21 22:40:05
4501,Brown 554,Piso 2 Dto B,Mendoza,4,5500,AR,2025-07-22 16:44:34
4502,9 de Julio 3357,Piso 1 Dto B,Santa Fe,3,3000,AR,2025-07-22 18:49:00
4503,Sarmiento 2675,,Bahía Blanca,1,8000,AR,2025-07-22 20:56:08
4504,Rivadavia 983,Piso 1 Dto A,Córdoba,2,5000,AR,2025-07-23 00:29:52
4505,Urquiza 970,,Córdoba,2,5000,AR,2025-07-23 15:04:36
4506,Sarmiento 4481,,Godoy Cruz,4,5501,AR,2025-07-23 18:00:02
4507,Brown 930,,Godoy Cruz,4,5501,AR,2025-07-23 18:04:24
4508,Av. San Martín 4501,,Bahía Blanca,1,8000,AR,2025-07-23 19:07:27
4509,Dorrego 3119,Piso 4 Dto D,Bahía Blanca,1,8000,AR,2025-07-23 23:49:25
4510,Chacabuco 2459,Piso 5 Dto C,La Plata,1,1900,AR,2025-07-24 14:55:07
4511,Las Heras 2295,Piso 9 Dto A,La Plata,1,1900,AR,2025-07-24 16:16:13
4512,Av. Colón 3041,,Quilmes,1,1878,AR,2025-07-24 17:52:34
4513,Balcarce 784,Piso 3 Dto C,Rafaela,3,2300,AR,2025-07-25 16:42:07
4514,Av. Pellegrini 3406,Piso 11 Dto B,Córdoba,2,5000,AR,2025-07-25 16:51:15
4515,Chacabuco 1214,Piso 9 Dto C,La Plata,1,1900,AR,2025-07-25 20:06:02
4516,Maipú 2135,Piso 5 Dto E,Godoy Cruz,4,5501,AR,2025-07-26 01:20:28
4517,Lavalle 2052,,Santa Fe,3,3000,AR,2025-07-26 13:52:58
4518,Chacabuco 4210,,Santa Fe,3,3000,AR,2025-07-26 20:01:57
4519,Mitre 1161,Piso 4 Dto E,Córdoba,2,5000,AR,2025-07-26 22:17:12
4520,Urquiza 2686,,Rosario,3,2000,AR,2025-07-28 11:03:47
4521,Moreno 2182,,La Plata,1,1900,AR,2025-07-28 15:38:16
4522,Av. San Martín 661,Piso 7 Dto A,Rosario,3,2000,AR,2025-07-28 16:05:14
4523,Av. Colón 3218,,Rosario,3,2000,AR,2025-07-28 16:48:21
4524,Tucumán 3374,,Mendoza,4,5500,AR,2025-07-28 18:02:45
4525,Tucumán 2925,Piso 12 Dto D,Santa Fe,3,3000,AR,2025-07-28 18:04:17
4526,Alsina 3909,,Rafaela,3,2300,AR,2025-07-28 18:32:59
4527,España 2051,Piso 1 Dto A,Córdoba,2,5000,AR,2025-07-28 18:48:15
4528,Tucumán 4253,Piso 3 Dto D,Rosario,3,2000,AR,2025-07-28 19:41:32
4529,Urquiza 2211,,Mendoza,4,5500,AR,2025-07-29 12:55:19
4530,Pueyrredón 4652,Piso 8 Dto A,Rosario,3,2000,AR,2025-07-29 17:07:25
4531,Tucumán 4685,Piso 8 Dto A,Villa Carlos Paz,2,5152,AR,2025-07-30 13:14:40
4532,Lavalle 352,Piso 3 Dto F,La Plata,1,1900,AR,2025-07-30 14:14:08
4533,Mitre 3979,,La Plata,1,1900,AR,2025-07-31 07:34:10
4534,Av. San Martín 1549,,Mendoza,4,5500,AR,2025-07-31 14:30:27
4535,Entre Ríos 779,Piso 1 Dto D,La Plata,1,1900,AR,2025-07-31 18:29:44
4536,Chacabuco 4304,Piso 3 Dto D,Rosario,3,2000,AR,2025-08-01 16:23:48
4537,Lavalle 1475,,Córdoba,2,5000,AR,2025-08-01 20:01:19
4538,Pueyrredón 1040,,Mar del Plata,1,7600,AR,2025-08-02 15:29:14
4539,Chacabuco 4297,,Mar del Plata,1,7600,AR,2025-08-02 18:00:00
4540,9 de Julio 1929,Piso 8 Dto C,Córdoba,2,5000,AR,2025-08-03 04:50:47
4541,Italia 1946,,La Plata,1,1900,AR,2025-08-03 06:48:04
4542,Av. Colón 3223,,Rosario,3,2000,AR,2025-08-03 12:02:36
4543,9 de Julio 4788,,Villa Carlos Paz,2,5152,AR,2025-08-03 13:47:07
4544,Italia 2089,Piso 9 Dto F,Rafaela,3,2300,AR,2025-08-03 20:51:28
4545,Moreno 703,,La Plata,1,1900,AR,2025-08-04 10:24:53
4546,25 de Mayo 2509,,Quilmes,1,1878,AR,2025-08-04 18:30:37
4547,Alem 4864,,Santa Fe,3,3000,AR,2025-08-04 18:34:17
4548,Salta 2256,Piso 12 Dto F,Bahía Blanca,1,8000,AR,2025-08-04 18:37:51
4549,Alsina 1710,Piso 7 Dto F,Rosario,3,2000,AR,2025-08-04 19:16:52
4550,Pueyrredón 372,,Rafaela,3,2300,AR,2025-08-04 20:20:21
4551,Las Heras 4450,,La Plata,1,1900,AR,2025-08-04 20:25:13
4552,Moreno 1878,,Godoy Cruz,4,5501,AR,2025-08-04 21:56:21
4553,Salta 4344,Piso 9 Dto D,La Plata,1,1900,AR,2025-08-04 22:32:50
4554,España 3847,,Rosario,3,2000,AR,2025-08-05 11:06:12
4555,Urquiza 1273,,Santa Fe,3,3000,AR,2025-08-05 12:46:33
4556,Güemes 1590,Piso 6 Dto B,Santa Fe,3,3000,AR,2025-08-05 14:18:28
4557,Chacabuco 1392,,Mar del Plata,1,7600,AR,2025-08-05 14:20:20
4558,Balcarce 1471,,Bahía Blanca,1,8000,AR,2025-08-05 17:46:56
4559,Moreno 4014,Piso 12 Dto E,La Plata,1,1900,AR,2025-08-05 17:58:53
4560,25 de Mayo 208,Piso 4 Dto C,Córdoba,2,5000,AR,2025-08-06 00:35:22
4561,Tucumán 3257,Piso 12 Dto E,Bahía Blanca,1,8000,AR,2025-08-06 03:17:32
4562,Salta 576,,La Plata,1,1900,AR,2025-08-06 10:32:35
4563,Güemes 1462,Piso 1 Dto D,Santa Fe,3,3000,AR,2025-08-06 20:38:52
4564,Brown 1985,,Bahía Blanca,1,8000,AR,2025-08-06 20:40:02
4565,Urquiza 4207,,Mar del Plata,1,7600,AR,2025-08-06 23:26:27
4566,25 de Mayo 959,Piso 3 Dto B,Río Cuarto,2,5800,AR,2025-08-06 23:53:05
4567,Dorrego 1891,Piso 1 Dto F,Mendoza,4,5500,AR,2025-08-07 12:19:55
4568,Dorrego 1982,Piso 8 Dto D,Villa Carlos Paz,2,5152,AR,2025-08-07 16:19:54
4569,Chacabuco 4143,,Quilmes,1,1878,AR,2025-08-07 17:46:47
4570,Urquiza 4584,Piso 3 Dto D,Mendoza,4,5500,AR,2025-08-07 17:59:52
4571,Tucumán 4440,Piso 8 Dto A,Río Cuarto,2,5800,AR,2025-08-07 18:37:09
4572,25 de Mayo 3960,Piso 7 Dto B,Quilmes,1,1878,AR,2025-08-07 19:19:57
4573,Salta 4976,,Quilmes,1,1878,AR,2025-08-07 20:19:10
4574,Av. Colón 781,,Rosario,3,2000,AR,2025-08-07 23:35:31
4575,Av. Colón 360,,Godoy Cruz,4,5501,AR,2025-08-08 12:07:53
4576,Entre Ríos 270,,Rosario,3,2000,AR,2025-08-08 21:24:03
4577,Lavalle 2619,,Río Cuarto,2,5800,AR,2025-08-09 05:42:32
4578,Güemes 4744,,Río Cuarto,2,5800,AR,2025-08-09 13:02:08
4579,España 873,,Godoy Cruz,4,5501,AR,2025-08-10 10:56:17
4580,Independencia 2804,Piso 3 Dto B,La Plata,1,1900,AR,2025-08-10 11:04:42
4581,Sarmiento 141,,La Plata,1,1900,AR,2025-08-10 12:14:18
4582,Italia 2002,Piso 10 Dto D,Rosario,3,2000,AR,2025-08-10 17:03:59
4583,Tucumán 2472,Piso 8 Dto C,Rosario,3,2000,AR,2025-08-10 19:02:52
4584,España 1452,Piso 2 Dto D,La Plata,1,1900,AR,2025-08-10 19:04:53
4585,Balcarce 2353,,Mar del Plata,1,7600,AR,2025-08-10 19:16:34
4586,Las Heras 3281,,La Plata,1,1900,AR,2025-08-10 21:47:57
4587,Belgrano 131,,Córdoba,2,5000,AR,2025-08-11 00:22:04
4588,Laprida 2548,Piso 11 Dto B,Mar del Plata,1,7600,AR,2025-08-11 12:37:57
4589,Chacabuco 4840,Piso 5 Dto A,San Rafael,4,5600,AR,2025-08-11 19:39:56
4590,Italia 1949,Piso 7 Dto D,Mendoza,4,5500,AR,2025-08-11 23:01:52
4591,25 de Mayo 1876,Piso 6 Dto F,San Rafael,4,5600,AR,2025-08-11 23:13:46
4592,Urquiza 244,,La Plata,1,1900,AR,2025-08-12 05:07:11
4593,Belgrano 1353,,San Isidro,1,1642,AR,2025-08-12 06:45:51
4594,Castelli 2082,Piso 4 Dto B,Córdoba,2,5000,AR,2025-08-12 10:24:18
4595,Balcarce 2863,Piso 2 Dto E,Villa Carlos Paz,2,5152,AR,2025-08-12 11:23:42
4596,Castelli 3157,Piso 7 Dto A,Mar del Plata,1,7600,AR,2025-08-12 12:35:08
4597,Alem 548,,Quilmes,1,1878,AR,2025-08-12 19:23:40
4598,España 3657,Piso 5 Dto A,San Isidro,1,1642,AR,2025-08-12 22:26:50
4599,Dorrego 1447,Piso 9 Dto D,Bahía Blanca,1,8000,AR,2025-08-13 14:23:12
4600,Castelli 3402,Piso 12 Dto C,Mar del Plata,1,7600,AR,2025-08-13 17:27:20
4601,Dorrego 4267,Piso 12 Dto B,Córdoba,2,5000,AR,2025-08-13 18:21:33
4602,25 de Mayo 575,,Bahía Blanca,1,8000,AR,2025-08-13 20:27:43
4603,Av. Pellegrini 1517,Piso 6 Dto F,Córdoba,2,5000,AR,2025-08-14 07:37:15
4604,Dorrego 4935,,Córdoba,2,5000,AR,2025-08-14 08:27:02
4605,Las Heras 103,Piso 2 Dto C,Mendoza,4,5500,AR,2025-08-14 10:06:31
4606,Lavalle 2846,Piso 4 Dto D,Córdoba,2,5000,AR,2025-08-14 14:35:55
4607,Av. Pellegrini 4819,Piso 5 Dto F,La Plata,1,1900,AR,2025-08-14 17:10:22
4608,Belgrano 194,,Rosario,3,2000,AR,2025-08-15 09:33:09
4609,Maipú 2525,,Quilmes,1,1878,AR,2025-08-15 11:27:48
4610,Alem 2406,,Córdoba,2,5000,AR,2025-08-15 15:44:04
4611,9 de Julio 2517,Piso 9 Dto E,Godoy Cruz,4,5501,AR,2025-08-15 15:53:53
4612,Tucumán 3325,Piso 4 Dto A,Mar del Plata,1,7600,AR,2025-08-15 22:53:42
4613,Maipú 111,Piso 9 Dto A,Quilmes,1,1878,AR,2025-08-16 13:42:33
4614,Dorrego 3744,,Rosario,3,2000,AR,2025-08-16 14:25:00
4615,Av. Pellegrini 3561,Piso 10 Dto A,Mendoza,4,5500,AR,2025-08-16 15:58:47
4616,Av. Colón 1458,Piso 4 Dto F,La Plata,1,1900,AR,2025-08-16 17:43:58
4617,Belgrano 2354,,San Isidro,1,1642,AR,2025-08-16 18:09:26
4618,Independencia 871,,Mar del Plata,1,7600,AR,2025-08-16 18:59:12
4619,Chacabuco 4465,Piso 11 Dto B,Rafaela,3,2300,AR,2025-08-16 20:00:11
4620,Entre Ríos 1926,Piso 1 Dto E,San Isidro,1,1642,AR,2025-08-16 21:01:37
4621,Güemes 2875,,Mendoza,4,5500,AR,2025-08-17 13:17:12
4622,Pueyrredón 1964,Piso 9 Dto C,La Plata,1,1900,AR,2025-08-17 18:32:04
4623,Rivadavia 3966,Piso 6 Dto D,Quilmes,1,1878,AR,2025-08-17 19:40:21
4624,Av. San Martín 3460,Piso 3 Dto F,Bahía Blanca,1,8000,AR,2025-08-18 09:08:45
4625,Independencia 1455,,Bahía Blanca,1,8000,AR,2025-08-18 17:48:40
4626,Entre Ríos 2710,,Rafaela,3,2300,AR,2025-08-18 20:04:28
4627,Independencia 3121,Piso 11 Dto A,La Plata,1,1900,AR,2025-08-18 20:15:33
4628,Maipú 1782,Piso 11 Dto E,Rosario,3,2000,AR,2025-08-18 21:22:34
4629,España 1402,,Mendoza,4,5500,AR,2025-08-18 21:26:25
4630,Alem 3484,,Godoy Cruz,4,5501,AR,2025-08-18 21:28:29
4631,Salta 3988,,La Plata,1,1900,AR,2025-08-18 21:28:44
4632,Italia 2517,,Mendoza,4,5500,AR,2025-08-18 21:53:38
4633,Maipú 2746,,Córdoba,2,5000,AR,2025-08-19 15:07:33
4634,Independencia 253,Piso 7 Dto E,Rosario,3,2000,AR,2025-08-19 15:53:30
4635,Entre Ríos 1653,,Rosario,3,2000,AR,2025-08-19 20:12:04
4636,Alsina 806,,Córdoba,2,5000,AR,2025-08-20 03:01:53
4637,España 1419,,Rosario,3,2000,AR,2025-08-20 11:37:48
4638,Lavalle 2353,Piso 10 Dto E,Mendoza,4,5500,AR,2025-08-20 11:59:20
4639,Moreno 2288,Piso 4 Dto F,Córdoba,2,5000,AR,2025-08-20 13:43:57
4640,Mitre 1533,Piso 8 Dto D,Villa Carlos Paz,2,5152,AR,2025-08-20 13:47:37
4641,Tucumán 4942,Piso 12 Dto E,Córdoba,2,5000,AR,2025-08-20 16:46:15
4642,Lavalle 3151,,Mendoza,4,5500,AR,2025-08-21 07:43:20
4643,Mitre 4366,,Godoy Cruz,4,5501,AR,2025-08-21 07:46:25
4644,Av. San Martín 3677,Piso 3 Dto D,Santa Fe,3,3000,AR,2025-08-21 09:34:26
4645,Pueyrredón 3707,Piso 3 Dto F,Mar del Plata,1,7600,AR,2025-08-21 10:12:53
4646,Tucumán 3675,,Villa Carlos Paz,2,5152,AR,2025-08-21 11:08:04
4647,Pueyrredón 1935,Piso 1 Dto F,Santa Fe,3,3000,AR,2025-08-21 14:03:44
4648,Brown 777,,Rosario,3,2000,AR,2025-08-21 14:46:20
4649,Av. San Martín 4944,Piso 11 Dto E,Mar del Plata,1,7600,AR,2025-08-21 18:27:08
4650,Tucumán 1121,,Rosario,3,2000,AR,2025-08-22 12:45:50
4651,Dorrego 123,Piso 3 Dto D,Quilmes,1,1878,AR,2025-08-22 17:43:12
4652,Independencia 3363,Piso 7 Dto F,Rosario,3,2000,AR,2025-08-22 18:09:49
4653,Av. Pellegrini 4052,,Santa Fe,3,3000,AR,2025-08-22 20:43:41
4654,Belgrano 2411,Piso 4 Dto F,Rosario,3,2000,AR,2025-08-22 20:57:00
4655,Entre Ríos 992,Piso 1 Dto B,Santa Fe,3,3000,AR,2025-08-23 11:22:05
4656,Pueyrredón 1432,,Godoy Cruz,4,5501,AR,2025-08-23 11:27:25
4657,Independencia 3779,,Godoy Cruz,4,5501,AR,2025-08-23 21:19:15
4658,Rivadavia 2186,,Santa Fe,3,3000,AR,2025-08-24 03:36:25
4659,Sarmiento 4023,Piso 5 Dto E,Rosario,3,2000,AR,2025-08-24 11:12:18
4660,Moreno 4496,,Mar del Plata,1,7600,AR,2025-08-24 14:50:23
4661,Independencia 1437,,San Isidro,1,1642,AR,2025-08-24 20:19:29
4662,Laprida 1834,,Mendoza,4,5500,AR,2025-08-24 21:56:11
4663,Independencia 3505,Piso 11 Dto D,Rafaela,3,2300,AR,2025-08-25 12:52:11
4664,Urquiza 1203,,Córdoba,2,5000,AR,2025-08-25 13:31:39
4665,Av. Colón 1967,,La Plata,1,1900,AR,2025-08-25 13:39:14
4666,Balcarce 3963,,Quilmes,1,1878,AR,2025-08-25 16:54:46
4667,Sarmiento 3686,Piso 11 Dto F,Córdoba,2,5000,AR,2025-08-25 17:53:09
4668,Entre Ríos 2462,Piso 5 Dto C,Santa Fe,3,3000,AR,2025-08-25 21:24:21
4669,Balcarce 3124,Piso 8 Dto A,Mar del Plata,1,7600,AR,2025-08-26 10:29:52
4670,Av. Colón 1772,Piso 11 Dto A,Córdoba,2,5000,AR,2025-08-26 10:40:44
4671,Salta 3182,Piso 3 Dto C,Córdoba,2,5000,AR,2025-08-26 18:27:40
4672,Chacabuco 2870,,Rosario,3,2000,AR,2025-08-26 21:06:16
4673,Entre Ríos 3001,Piso 9 Dto A,Bahía Blanca,1,8000,AR,2025-08-26 21:53:31
4674,Güemes 2151,,Rosario,3,2000,AR,2025-08-26 23:49:45
4675,Moreno 290,,San Isidro,1,1642,AR,2025-08-27 12:36:47
4676,Güemes 1514,,Rosario,3,2000,AR,2025-08-27 15:32:30
4677,Independencia 4401,,Villa Carlos Paz,2,5152,AR,2025-08-27 16:18:56
4678,España 4818,,Córdoba,2,5000,AR,2025-08-27 17:37:52
4679,Av. San Martín 2259,Piso 5 Dto E,Quilmes,1,1878,AR,2025-08-27 18:10:55
4680,Entre Ríos 1172,,La Plata,1,1900,AR,2025-08-27 19:14:43
4681,Salta 2620,Piso 3 Dto E,La Plata,1,1900,AR,2025-08-27 20:04:03
4682,Moreno 1009,,Córdoba,2,5000,AR,2025-08-28 01:34:21
4683,Brown 2799,Piso 2 Dto A,Mar del Plata,1,7600,AR,2025-08-28 04:37:28
4684,Balcarce 1836,Piso 12 Dto F,Rosario,3,2000,AR,2025-08-28 12:22:38
4685,Chacabuco 4786,Piso 5 Dto C,Río Cuarto,2,5800,AR,2025-08-28 19:41:10
4686,Balcarce 1432,,La Plata,1,1900,AR,2025-08-28 20:36:30
4687,Rivadavia 3870,Piso 11 Dto E,La Plata,1,1900,AR,2025-08-28 22:21:08
4688,Italia 2773,Piso 2 Dto D,Quilmes,1,1878,AR,2025-08-29 11:02:31
4689,Tucumán 712,,Rosario,3,2000,AR,2025-08-29 13:13:07
4690,Castelli 2392,,Mendoza,4,5500,AR,2025-08-29 19:08:10
4691,Av. Pellegrini 3206,,Mendoza,4,5500,AR,2025-08-30 11:11:29
4692,Av. Colón 1415,,Villa Carlos Paz,2,5152,AR,2025-08-30 11:49:40
4693,Güemes 1411,,Rosario,3,2000,AR,2025-08-30 17:47:39
4694,Alem 618,,Quilmes,1,1878,AR,2025-08-30 18:37:44
4695,Independencia 692,,Rafaela,3,2300,AR,2025-08-30 20:15:37
4696,Moreno 1125,Piso 11 Dto F,Mendoza,4,5500,AR,2025-08-31 08:35:11
4697,Salta 4426,Piso 3 Dto D,Córdoba,2,5000,AR,2025-08-31 08:38:58
4698,Dorrego 1595,Piso 7 Dto B,La Plata,1,1900,AR,2025-08-31 14:40:32
4699,Pueyrredón 3488,,Rosario,3,2000,AR,2025-08-31 16:57:55
4700,Pueyrredón 1050,Piso 1 Dto B,Santa Fe,3,3000,AR,2025-08-31 17:20:23
4701,Maipú 1580,Piso 6 Dto D,Mar del Plata,1,7600,AR,2025-08-31 18:20:53
4702,9 de Julio 344,,La Plata,1,1900,AR,2025-09-01 19:26:06
4703,Pueyrredón 3025,,San Isidro,1,1642,AR,2025-09-01 19:51:26
4704,Salta 4813,Piso 4 Dto B,Mendoza,4,5500,AR,2025-09-01 23:44:22
4705,Castelli 4415,Piso 9 Dto B,Mendoza,4,5500,AR,2025-09-02 00:42:50
4706,Urquiza 2403,,La Plata,1,1900,AR,2025-09-02 12:32:10
4707,Güemes 3019,Piso 6 Dto D,Mar del Plata,1,7600,AR,2025-09-02 12:34:26
4708,Chacabuco 3023,Piso 11 Dto F,Río Cuarto,2,5800,AR,2025-09-02 23:10:49
4709,9 de Julio 3680,,Quilmes,1,1878,AR,2025-09-03 00:23:43
4710,Pueyrredón 4670,Piso 1 Dto F,Río Cuarto,2,5800,AR,2025-09-03 00:24:54
4711,Av. Colón 1627,Piso 10 Dto C,Rafaela,3,2300,AR,2025-09-03 14:04:19
4712,25 de Mayo 3892,,Córdoba,2,5000,AR,2025-09-03 20:23:01
4713,Alsina 3977,,Río Cuarto,2,5800,AR,2025-09-03 22:01:28
4714,Lavalle 1055,,La Plata,1,1900,AR,2025-09-03 22:10:07
4715,Balcarce 4318,,Mendoza,4,5500,AR,2025-09-04 10:03:25
4716,Alsina 2818,Piso 3 Dto B,Godoy Cruz,4,5501,AR,2025-09-04 14:42:42
4717,Av. Pellegrini 655,,Rafaela,3,2300,AR,2025-09-04 19:34:14
4718,Independencia 603,,Mar del Plata,1,7600,AR,2025-09-04 20:07:01
4719,Maipú 4250,,Villa Carlos Paz,2,5152,AR,2025-09-05 12:42:44
4720,Chacabuco 1674,,Rosario,3,2000,AR,2025-09-05 13:37:09
4721,Alem 3791,,Godoy Cruz,4,5501,AR,2025-09-05 17:10:31
4722,9 de Julio 570,Piso 7 Dto B,Quilmes,1,1878,AR,2025-09-05 20:30:52
4723,Av. Colón 2275,,Córdoba,2,5000,AR,2025-09-06 05:24:49
4724,Entre Ríos 4616,Piso 12 Dto F,Mendoza,4,5500,AR,2025-09-06 10:09:37
4725,Chacabuco 4037,,Córdoba,2,5000,AR,2025-09-06 13:47:12
4726,Castelli 2403,,Godoy Cruz,4,5501,AR,2025-09-06 14:40:20
4727,Av. San Martín 1238,Piso 10 Dto F,Quilmes,1,1878,AR,2025-09-06 14:42:48
4728,Mitre 3501,Piso 3 Dto A,Córdoba,2,5000,AR,2025-09-06 17:40:57
4729,Las Heras 4697,Piso 5 Dto B,Godoy Cruz,4,5501,AR,2025-09-06 17:45:18
4730,Las Heras 2619,,Quilmes,1,1878,AR,2025-09-06 17:52:06
4731,Alem 450,Piso 4 Dto E,Quilmes,1,1878,AR,2025-09-06 17:53:01
4732,9 de Julio 4099,,Rosario,3,2000,AR,2025-09-07 02:07:08
4733,9 de Julio 3558,Piso 5 Dto D,Río Cuarto,2,5800,AR,2025-09-07 08:06:12
4734,Av. Colón 1712,Piso 2 Dto F,Mar del Plata,1,7600,AR,2025-09-07 20:25:54
4735,Laprida 2994,Piso 5 Dto F,Córdoba,2,5000,AR,2025-09-08 10:07:56
4736,Lavalle 1196,Piso 4 Dto F,Santa Fe,3,3000,AR,2025-09-08 17:49:39
4737,España 4714,Piso 3 Dto F,Córdoba,2,5000,AR,2025-09-08 18:16:16
4738,9 de Julio 4723,Piso 7 Dto E,San Isidro,1,1642,AR,2025-09-08 18:16:58
4739,Av. San Martín 1873,Piso 11 Dto C,Santa Fe,3,3000,AR,2025-09-08 20:45:01
4740,Güemes 1249,,Quilmes,1,1878,AR,2025-09-08 22:08:22
4741,Alem 3737,,San Rafael,4,5600,AR,2025-09-08 23:23:48
4742,Castelli 634,,La Plata,1,1900,AR,2025-09-09 12:04:03
4743,Entre Ríos 3313,,Villa Carlos Paz,2,5152,AR,2025-09-09 13:39:27
4744,Lavalle 1526,,Rosario,3,2000,AR,2025-09-09 20:20:09
4745,Laprida 3502,,Rosario,3,2000,AR,2025-09-09 20:35:58
4746,Av. Colón 4818,Piso 6 Dto C,Córdoba,2,5000,AR,2025-09-10 07:22:01
4747,Independencia 3410,,Mendoza,4,5500,AR,2025-09-10 10:57:05
4748,Av. Pellegrini 4900,Piso 4 Dto A,Villa Carlos Paz,2,5152,AR,2025-09-10 13:35:30
4749,Maipú 403,Piso 10 Dto B,San Isidro,1,1642,AR,2025-09-11 01:51:31
4750,Chacabuco 2076,Piso 5 Dto B,Mar del Plata,1,7600,AR,2025-09-11 13:46:55
4751,Alsina 1918,Piso 4 Dto A,Rosario,3,2000,AR,2025-09-12 06:10:08
4752,Chacabuco 890,,Mendoza,4,5500,AR,2025-09-12 15:54:37
4753,9 de Julio 2765,Piso 4 Dto A,Mar del Plata,1,7600,AR,2025-09-12 18:15:33
4754,Castelli 339,Piso 9 Dto D,Mendoza,4,5500,AR,2025-09-12 19:44:36
4755,Rivadavia 4379,,San Isidro,1,1642,AR,2025-09-12 22:56:24
4756,Salta 374,,Córdoba,2,5000,AR,2025-09-13 12:48:57
4757,Maipú 2452,,Mar del Plata,1,7600,AR,2025-09-13 14:39:02
4758,Balcarce 4642,Piso 5 Dto C,Villa Carlos Paz,2,5152,AR,2025-09-13 20:19:51
4759,Av. San Martín 1437,Piso 8 Dto F,Godoy Cruz,4,5501,AR,2025-09-14 10:18:04
4760,Laprida 2615,Piso 6 Dto D,Córdoba,2,5000,AR,2025-09-14 12:07:22
4761,Rivadavia 4753,Piso 10 Dto C,Mendoza,4,5500,AR,2025-09-14 16:34:24
4762,Alsina 2384,Piso 5 Dto E,Mar del Plata,1,7600,AR,2025-09-15 02:49:40
4763,Alem 3886,Piso 3 Dto F,Rafaela,3,2300,AR,2025-09-15 09:42:23
4764,España 1989,,San Isidro,1,1642,AR,2025-09-15 10:20:11
4765,Maipú 2005,Piso 11 Dto A,Córdoba,2,5000,AR,2025-09-16 13:10:46
4766,Entre Ríos 1447,,Córdoba,2,5000,AR,2025-09-16 16:14:59
4767,Alem 4315,,Río Cuarto,2,5800,AR,2025-09-17 00:58:28
4768,Las Heras 3555,,La Plata,1,1900,AR,2025-09-17 11:29:05
4769,Pueyrredón 2441,Piso 4 Dto C,Río Cuarto,2,5800,AR,2025-09-17 20:39:43
4770,Alem 3566,,Mar del Plata,1,7600,AR,2025-09-18 13:45:14
4771,Av. Pellegrini 1667,,Godoy Cruz,4,5501,AR,2025-09-18 14:49:20
4772,Pueyrredón 2748,,Bahía Blanca,1,8000,AR,2025-09-18 19:37:29
4773,Salta 3832,Piso 3 Dto E,La Plata,1,1900,AR,2025-09-19 17:09:16
4774,25 de Mayo 1458,Piso 5 Dto B,Mendoza,4,5500,AR,2025-09-19 20:11:39
4775,Alsina 4658,Piso 4 Dto F,Quilmes,1,1878,AR,2025-09-20 03:24:46
4776,España 2674,,La Plata,1,1900,AR,2025-09-20 18:56:04
4777,Mitre 2562,Piso 12 Dto B,Santa Fe,3,3000,AR,2025-09-20 18:56:26
4778,Güemes 4534,Piso 7 Dto E,Rosario,3,2000,AR,2025-09-20 22:22:30
4779,Dorrego 639,Piso 6 Dto F,Rosario,3,2000,AR,2025-09-21 10:36:38
4780,Moreno 4965,,Córdoba,2,5000,AR,2025-09-21 23:30:00
4781,Entre Ríos 2188,Piso 6 Dto E,Villa Carlos Paz,2,5152,AR,2025-09-22 08:43:26
4782,Güemes 4593,,Río Cuarto,2,5800,AR,2025-09-22 13:03:06
4783,Av. Pellegrini 1553,Piso 6 Dto A,Mendoza,4,5500,AR,2025-09-22 13:14:05
4784,Laprida 1133,Piso 12 Dto C,Godoy Cruz,4,5501,AR,2025-09-22 13:27:26
4785,Sarmiento 2110,,Mendoza,4,5500,AR,2025-09-22 13:56:35
4786,Tucumán 3024,,La Plata,1,1900,AR,2025-09-22 16:11:35
4787,Güemes 2426,,Mar del Plata,1,7600,AR,2025-09-22 18:13:09
4788,Av. Colón 3886,,Santa Fe,3,3000,AR,2025-09-23 15:05:41
4789,Tucumán 4552,Piso 3 Dto F,Quilmes,1,1878,AR,2025-09-23 15:47:04
4790,Alsina 935,,Quilmes,1,1878,AR,2025-09-23 17:03:38
4791,Alem 3489,Piso 5 Dto C,San Isidro,1,1642,AR,2025-09-23 17:30:12
4792,Las Heras 4829,,Rosario,3,2000,AR,2025-09-23 19:35:59
4793,Maipú 4106,Piso 12 Dto E,Río Cuarto,2,5800,AR,2025-09-23 20:37:15
4794,Chacabuco 3169,Piso 8 Dto C,La Plata,1,1900,AR,2025-09-24 00:57:34
4795,Rivadavia 644,,San Rafael,4,5600,AR,2025-09-24 16:35:31
4796,Alsina 4405,Piso 11 Dto D,Mar del Plata,1,7600,AR,2025-09-25 14:29:32
4797,Av. Pellegrini 3544,,Bahía Blanca,1,8000,AR,2025-09-25 14:35:49
4798,Güemes 4874,,Mendoza,4,5500,AR,2025-09-25 16:38:50
4799,Entre Ríos 1930,Piso 6 Dto C,Córdoba,2,5000,AR,2025-09-26 14:39:56
4800,Sarmiento 2683,,La Plata,1,1900,AR,2025-09-26 16:28:37
4801,Rivadavia 1964,Piso 12 Dto B,Godoy Cruz,4,5501,AR,2025-09-26 16:51:23
4802,Moreno 1866,Piso 9 Dto A,Córdoba,2,5000,AR,2025-09-26 19:23:39
4803,Av. San Martín 4564,Piso 9 Dto F,Quilmes,1,1878,AR,2025-09-26 21:09:41
4804,Av. Pellegrini 2954,Piso 7 Dto A,Córdoba,2,5000,AR,2025-09-26 22:59:21
4805,Balcarce 771,Piso 12 Dto D,Bahía Blanca,1,8000,AR,2025-09-26 23:11:20
4806,Av. Colón 4160,Piso 4 Dto F,La Plata,1,1900,AR,2025-09-26 23:25:12
4807,España 1009,,Rosario,3,2000,AR,2025-09-27 09:16:29
4808,Dorrego 4419,Piso 10 Dto F,Rafaela,3,2300,AR,2025-09-27 09:23:14
4809,Sarmiento 4004,,Rosario,3,2000,AR,2025-09-27 12:58:18
4810,Independencia 4833,,Mar del Plata,1,7600,AR,2025-09-27 14:01:21
4811,Independencia 1032,,Quilmes,1,1878,AR,2025-09-27 14:25:45
4812,Italia 1741,Piso 9 Dto E,Córdoba,2,5000,AR,2025-09-27 17:04:13
4813,Balcarce 1357,,Córdoba,2,5000,AR,2025-09-27 18:09:50
4814,Maipú 2949,,Mendoza,4,5500,AR,2025-09-27 18:18:28
4815,Pueyrredón 4554,Piso 8 Dto E,San Isidro,1,1642,AR,2025-09-27 21:51:06
4816,Entre Ríos 3995,Piso 12 Dto F,Rosario,3,2000,AR,2025-09-28 14:22:36
4817,Güemes 2760,Piso 6 Dto A,Quilmes,1,1878,AR,2025-09-28 20:27:00
4818,Moreno 1987,,Rosario,3,2000,AR,2025-09-29 10:06:04
4819,Mitre 339,Piso 10 Dto E,Mendoza,4,5500,AR,2025-09-29 14:02:38
4820,Pueyrredón 289,Piso 10 Dto C,Córdoba,2,5000,AR,2025-09-29 14:55:25
4821,Brown 3956,,Córdoba,2,5000,AR,2025-09-29 17:57:28
4822,España 932,Piso 1 Dto F,Córdoba,2,5000,AR,2025-09-30 09:30:45
4823,Moreno 4229,,Mar del Plata,1,7600,AR,2025-09-30 09:56:14
4824,Rivadavia 2983,,San Isidro,1,1642,AR,2025-09-30 18:06:30
4825,Alsina 1982,,Santa Fe,3,3000,AR,2025-09-30 19:24:30
