shipment_id,order_id,carrier,tracking_number,status,shipped_at,delivered_at
9000000000,1000000000,Correo Argentino,CA423833327AR,DELIVERED,2024-01-02 16:34:13,2024-01-05 18:44:35
9000000001,1000000001,Correo Argentino,CA886530785AR,DELIVERED,2024-01-02 16:43:30,2024-01-05 19:03:50
9000000002,1000000002,Correo Argentino,CA220354565AR,DELIVERED,2024-01-02 18:40:44,2024-01-08 15:21:02
9000000003,1000000003,Correo Argentino,CA518512933AR,DELIVERED,2024-01-02 17:51:54,2024-01-05 10:09:15
9000000004,1000000004,Correo Argentino,CA075639567AR,DELIVERED,2024-01-02 16:27:27,2024-01-08 17:19:41
9000000005,1000000005,Correo Argentino,CA151175294AR,DELIVERED,2024-01-02 16:56:58,2024-01-08 18:33:46
9000000006,1000000006,Correo Argentino,CA233201767AR,DELIVERED,2024-01-02 16:19:37,2024-01-03 14:05:33
9000000007,1000000007,Correo Argentino,CA226285875AR,DELIVERED,2024-01-02 18:42:10,2024-01-08 18:44:14
9000000008,1000000008,Correo Argentino,CA283786042AR,DELIVERED,2024-01-02 16:00:19,2024-01-05 16:57:46
9000000009,1000000009,Correo Argentino,CA074441559AR,DELIVERED,2024-01-02 18:31:24,2024-01-04 11:32:56
9000000010,1000000010,Correo Argentino,CA444918052AR,DELIVERED,2024-01-02 16:19:41,2024-01-08 16:18:03
9000000011,1000000012,Correo Argentino,CA528649933AR,DELIVERED,2024-01-05 18:04:25,2024-01-10 16:44:24
9000000012,1000000013,Correo Argentino,CA835997809AR,DELIVERED,2024-01-02 16:23:20,2024-01-05 11:12:20
9000000013,1000000014,Correo Argentino,CA845327780AR,DELIVERED,2024-01-02 18:48:32,2024-01-04 17:39:02
9000000014,1000000015,Correo Argentino,CA550817779AR,DELIVERED,2024-01-02 17:34:03,2024-01-04 14:21:47
9000000015,1000000016,Correo Argentino,CA305671745AR,DELIVERED,2024-01-02 17:41:37,2024-01-04 17:29:33
9000000016,1000000017,Correo Argentino,CA842830129AR,DELIVERED,2024-01-02 17:02:25,2024-01-08 16:27:43
9000000017,1000000018,Correo Argentino,CA147473884AR,DELIVERED,2024-01-02 16:53:18,2024-01-05 12:20:52
9000000018,1000000019,Correo Argentino,CA817813727AR,DELIVERED,2024-01-02 18:06:03,2024-01-08 10:13:13
9000000019,1000000022,Correo Argentino,,CANCELLED,,
9000000020,1000000026,Correo Argentino,CA097404843AR,DELIVERED,2024-01-03 17:17:21,2024-01-08 16:35:45
9000000021,1000000027,Correo Argentino,CA156905198AR,DELIVERED,2024-01-03 17:59:52,2024-01-09 15:46:26
9000000022,1000000029,Correo Argentino,CA742991281AR,DELIVERED,2024-01-03 18:41:39,2024-01-09 09:26:57
9000000023,1000000030,Correo Argentino,CA607013107AR,DELIVERED,2024-01-03 16:12:47,2024-01-09 19:45:37
9000000024,1000000032,Correo Argentino,CA714783622AR,DELIVERED,2024-01-04 17:47:13,2024-01-09 10:27:55
9000000025,1000000036,Correo Argentino,CA572105054AR,DELIVERED,2024-01-04 17:16:36,2024-01-10 16:09:29
9000000026,1000000037,Correo Argentino,CA099057881AR,DELIVERED,2024-01-04 16:52:20,2024-01-08 16:37:48
9000000027,1000000040,Correo Argentino,CA343571697AR,DELIVERED,2024-01-04 18:48:54,2024-01-09 11:27:43
9000000028,1000000042,Correo Argentino,CA060387324AR,DELIVERED,2024-01-04 16:09:48,2024-01-05 18:51:03
9000000029,1000000044,Correo Argentino,CA850085198AR,DELIVERED,2024-01-04 17:49:27,2024-01-05 09:30:10
9000000030,1000000045,Correo Argentino,CA418858939AR,DELIVERED,2024-01-04 16:40:12,2024-01-09 19:23:04
9000000031,1000000046,Correo Argentino,CA951963596AR,DELIVERED,2024-01-04 18:10:43,2024-01-05 10:51:20
9000000032,1000000047,Correo Argentino,CA690475191AR,DELIVERED,2024-01-04 18:23:04,2024-01-09 09:04:47
9000000033,1000000050,Correo Argentino,CA399966161AR,DELIVERED,2024-01-05 18:54:06,2024-01-08 13:29:03
9000000034,1000000056,Correo Argentino,CA878138698AR,DELIVERED,2024-01-05 18:41:34,2024-01-10 16:54:43
9000000035,1000000060,Correo Argentino,CA668022045AR,DELIVERED,2024-01-05 18:43:46,2024-01-09 18:39:34
9000000036,1000000062,Correo Argentino,CA582168808AR,DELIVERED,2024-01-05 18:35:49,2024-01-11 15:08:02
9000000037,1000000064,Correo Argentino,CA627993786AR,DELIVERED,2024-01-05 16:43:29,2024-01-08 14:24:03
9000000038,1000000065,Correo Argentino,CA509144647AR,DELIVERED,2024-01-05 17:47:46,2024-01-09 18:16:32
9000000039,1000000066,Correo Argentino,CA616872151AR,DELIVERED,2024-01-08 17:57:40,2024-01-10 14:51:02
9000000040,1000000067,Correo Argentino,CA528485100AR,DELIVERED,2024-01-08 17:32:11,2024-01-09 10:02:54
9000000041,1000000068,Correo Argentino,CA777592505AR,DELIVERED,2024-01-08 17:06:59,2024-01-12 15:32:40
9000000042,1000000069,Correo Argentino,CA572123844AR,DELIVERED,2024-01-08 18:28:21,2024-01-10 17:01:42
9000000043,1000000071,Correo Argentino,CA624036550AR,DELIVERED,2024-01-08 18:50:24,2024-01-09 16:46:15
9000000044,1000000072,Correo Argentino,CA747836292AR,DELIVERED,2024-01-08 16:44:22,2024-01-11 13:28:26
9000000045,1000000073,Correo Argentino,CA719092867AR,DELIVERED,2024-01-08 18:15:31,2024-01-10 14:54:47
9000000046,1000000075,Correo Argentino,CA988973648AR,DELIVERED,2024-01-08 17:43:43,2024-01-11 13:38:19
9000000047,1000000076,Correo Argentino,CA753599211AR,DELIVERED,2024-01-08 16:34:10,2024-01-12 16:40:39
9000000048,1000000078,Correo Argentino,CA446772008AR,DELIVERED,2024-01-08 16:48:49,2024-01-11 12:21:39
9000000049,1000000080,Correo Argentino,CA047154018AR,DELIVERED,2024-01-08 16:16:52,2024-01-10 13:38:53
9000000050,1000000081,Correo Argentino,CA293387485AR,DELIVERED,2024-01-08 16:24:42,2024-01-12 11:39:07
9000000051,1000000082,Correo Argentino,CA040971782AR,DELIVERED,2024-01-08 18:25:18,2024-01-10 16:09:49
9000000052,1000000084,Correo Argentino,CA321758154AR,DELIVERED,2024-01-08 17:54:30,2024-01-09 11:14:02
9000000053,1000000085,Correo Argentino,CA362691473AR,DELIVERED,2024-01-08 18:49:29,2024-01-09 18:08:43
9000000054,1000000088,Correo Argentino,CA331917554AR,DELIVERED,2024-01-08 17:25:21,2024-01-10 16:03:22
9000000055,1000000089,Correo Argentino,CA482273584AR,DELIVERED,2024-01-08 17:54:12,2024-01-10 18:40:43
9000000056,1000000091,Correo Argentino,CA134644652AR,DELIVERED,2024-01-08 18:14:27,2024-01-10 10:19:30
9000000057,1000000097,Correo Argentino,CA210700713AR,DELIVERED,2024-01-08 16:36:18,2024-01-11 18:45:46
9000000058,1000000098,Correo Argentino,CA439709106AR,DELIVERED,2024-01-08 16:52:12,2024-01-09 10:31:30
9000000059,1000000099,Correo Argentino,CA981660411AR,DELIVERED,2024-01-08 17:18:41,2024-01-12 14:48:41
9000000060,1000000101,Correo Argentino,CA596114702AR,DELIVERED,2024-01-08 18:55:48,2024-01-11 14:42:10
9000000061,1000000102,Correo Argentino,CA906185293AR,DELIVERED,2024-01-08 17:55:20,2024-01-12 11:13:26
9000000062,1000000103,Correo Argentino,CA499429092AR,DELIVERED,2024-01-08 18:41:05,2024-01-10 09:25:12
9000000063,1000000104,Correo Argentino,,CANCELLED,,
9000000064,1000000105,Correo Argentino,CA500281473AR,DELIVERED,2024-01-08 18:44:51,2024-01-10 11:51:30
9000000065,1000000106,Correo Argentino,CA479107140AR,DELIVERED,2024-01-08 18:15:35,2024-01-10 09:12:30
9000000066,1000000107,Correo Argentino,CA797573323AR,DELIVERED,2024-01-08 18:45:48,2024-01-10 19:39:09
9000000067,1000000108,Correo Argentino,CA606994156AR,DELIVERED,2024-01-08 18:46:45,2024-01-12 19:14:57
9000000068,1000000109,Correo Argentino,CA790626733AR,DELIVERED,2024-01-08 18:06:26,2024-01-15 18:32:32
9000000069,1000000113,Correo Argentino,CA009208138AR,DELIVERED,2024-01-09 16:16:42,2024-01-15 14:26:13
9000000070,1000000114,Correo Argentino,CA643183736AR,DELIVERED,2024-01-09 18:02:05,2024-01-12 16:54:10
9000000071,1000000120,Correo Argentino,CA248193341AR,DELIVERED,2024-01-09 17:04:40,2024-01-10 15:19:45
9000000072,1000000122,Correo Argentino,CA128619247AR,DELIVERED,2024-01-09 17:33:05,2024-01-11 09:11:14
9000000073,1000000123,Correo Argentino,CA598342357AR,DELIVERED,2024-01-09 18:11:43,2024-01-11 09:02:07
9000000074,1000000124,Correo Argentino,CA571533864AR,DELIVERED,2024-01-09 18:57:26,2024-01-10 09:05:46
9000000075,1000000125,Correo Argentino,CA457805922AR,DELIVERED,2024-01-10 17:27:53,2024-01-15 12:01:55
9000000076,1000000128,Correo Argentino,CA301900872AR,DELIVERED,2024-01-09 16:11:15,2024-01-10 18:43:42
9000000077,1000000129,Correo Argentino,CA931183295AR,DELIVERED,2024-01-09 16:56:18,2024-01-11 13:25:23
9000000078,1000000131,Correo Argentino,CA346026980AR,DELIVERED,2024-01-10 18:00:18,2024-01-12 11:26:04
9000000079,1000000135,Correo Argentino,CA255885034AR,DELIVERED,2024-01-10 18:53:39,2024-01-12 19:50:55
9000000080,1000000136,Correo Argentino,CA950292035AR,DELIVERED,2024-01-10 18:42:10,2024-01-11 10:39:57
9000000081,1000000138,Correo Argentino,CA459605854AR,DELIVERED,2024-01-10 17:40:13,2024-01-15 13:13:19
9000000082,1000000140,Correo Argentino,CA126780858AR,DELIVERED,2024-01-10 17:50:25,2024-01-15 14:29:24
9000000083,1000000141,Correo Argentino,CA320310996AR,DELIVERED,2024-01-10 17:39:13,2024-01-12 11:35:49
9000000084,1000000142,Correo Argentino,CA233092915AR,DELIVERED,2024-01-10 17:35:44,2024-01-17 18:20:33
9000000085,1000000143,Correo Argentino,CA581395642AR,DELIVERED,2024-01-10 17:34:29,2024-01-11 16:22:29
9000000086,1000000144,Correo Argentino,CA941430047AR,DELIVERED,2024-01-10 16:05:01,2024-01-12 12:47:46
9000000087,1000000149,Correo Argentino,CA214362425AR,DELIVERED,2024-01-11 17:50:53,2024-01-15 14:57:53
9000000088,1000000153,Correo Argentino,CA305810061AR,DELIVERED,2024-01-11 16:41:13,2024-01-12 15:08:55
9000000089,1000000154,Correo Argentino,CA253324586AR,DELIVERED,2024-01-11 17:24:11,2024-01-15 15:29:08
9000000090,1000000155,Correo Argentino,CA496876996AR,DELIVERED,2024-01-11 16:34:08,2024-01-15 16:36:08
9000000091,1000000156,Correo Argentino,CA173659726AR,DELIVERED,2024-01-11 18:20:03,2024-01-17 11:12:23
9000000092,1000000157,Correo Argentino,CA372099020AR,DELIVERED,2024-01-11 16:59:01,2024-01-15 19:52:10
9000000093,1000000158,Correo Argentino,CA028938042AR,DELIVERED,2024-01-11 18:48:59,2024-01-12 09:08:36
9000000094,1000000159,Correo Argentino,CA411723602AR,DELIVERED,2024-01-11 18:45:20,2024-01-12 13:10:21
9000000095,1000000160,Correo Argentino,CA006920742AR,DELIVERED,2024-01-11 18:12:54,2024-01-12 15:26:31
9000000096,1000000166,Correo Argentino,CA430896550AR,DELIVERED,2024-01-12 17:04:34,2024-01-18 13:20:26
9000000097,1000000170,Correo Argentino,CA397853258AR,DELIVERED,2024-01-12 18:46:08,2024-01-19 09:19:09
9000000098,1000000171,Correo Argentino,CA266102957AR,DELIVERED,2024-01-12 16:03:48,2024-01-18 11:12:45
9000000099,1000000172,Correo Argentino,CA352376881AR,DELIVERED,2024-01-12 18:18:47,2024-01-17 17:33:49
9000000100,1000000175,Correo Argentino,CA760294484AR,DELIVERED,2024-01-12 16:37:22,2024-01-18 09:59:15
9000000101,1000000177,Correo Argentino,CA288435611AR,DELIVERED,2024-01-12 17:09:04,2024-01-18 17:57:59
9000000102,1000000178,Correo Argentino,CA728872406AR,DELIVERED,2024-01-12 17:37:19,2024-01-17 09:45:03
9000000103,1000000180,Correo Argentino,CA225818187AR,DELIVERED,2024-01-12 17:31:38,2024-01-18 18:24:06
9000000104,1000000181,Correo Argentino,CA240865013AR,DELIVERED,2024-01-12 16:59:36,2024-01-17 11:20:12
9000000105,1000000182,Correo Argentino,CA174474427AR,DELIVERED,2024-01-12 17:17:35,2024-01-16 15:41:59
9000000106,1000000183,Correo Argentino,CA186715667AR,DELIVERED,2024-01-12 16:40:44,2024-01-16 16:25:01
9000000107,1000000184,Correo Argentino,CA537382556AR,DELIVERED,2024-01-12 17:29:39,2024-01-15 19:43:17
9000000108,1000000186,Correo Argentino,CA675419551AR,DELIVERED,2024-01-15 18:13:41,2024-01-19 15:12:10
9000000109,1000000189,Correo Argentino,CA411518933AR,DELIVERED,2024-01-15 17:13:30,2024-01-17 16:52:49
9000000110,1000000195,Correo Argentino,CA382478725AR,DELIVERED,2024-01-15 17:18:20,2024-01-17 13:44:24
9000000111,1000000196,Correo Argentino,CA013878957AR,DELIVERED,2024-01-15 16:56:08,2024-01-18 16:23:58
9000000112,1000000197,Correo Argentino,CA900102243AR,DELIVERED,2024-01-15 17:17:09,2024-01-17 16:27:29
9000000113,1000000201,Correo Argentino,CA354965084AR,DELIVERED,2024-01-15 16:37:10,2024-01-17 09:40:07
9000000114,1000000206,Correo Argentino,CA017184617AR,DELIVERED,2024-01-15 17:04:28,2024-01-18 17:30:13
9000000115,1000000212,Correo Argentino,CA537114539AR,DELIVERED,2024-01-15 17:33:12,2024-01-18 13:42:30
9000000116,1000000215,Correo Argentino,CA986859811AR,DELIVERED,2024-01-15 16:59:07,2024-01-17 09:03:06
9000000117,1000000217,Correo Argentino,CA006589478AR,DELIVERED,2024-01-15 18:21:09,2024-01-18 11:23:51
9000000118,1000000219,Correo Argentino,CA197967929AR,DELIVERED,2024-01-15 17:06:25,2024-01-17 10:47:42
9000000119,1000000220,Correo Argentino,CA691928092AR,DELIVERED,2024-01-15 17:32:51,2024-01-18 14:49:48
9000000120,1000000221,Correo Argentino,CA224108883AR,DELIVERED,2024-01-15 18:43:40,2024-01-18 09:28:35
9000000121,1000000222,Correo Argentino,CA713469731AR,DELIVERED,2024-01-15 18:26:01,2024-01-17 10:59:24
9000000122,1000000223,Correo Argentino,CA125762674AR,DELIVERED,2024-01-15 16:56:41,2024-01-17 09:43:31
9000000123,1000000224,Correo Argentino,CA926170845AR,DELIVERED,2024-01-15 17:13:38,2024-01-17 13:47:26
9000000124,1000000225,Correo Argentino,CA771959998AR,DELIVERED,2024-01-15 18:40:18,2024-01-18 12:56:49
9000000125,1000000226,Correo Argentino,CA638064194AR,DELIVERED,2024-01-15 18:07:28,2024-01-17 13:57:21
9000000126,1000000227,Correo Argentino,CA640409569AR,DELIVERED,2024-01-15 18:02:29,2024-01-17 16:06:00
9000000127,1000000228,Correo Argentino,CA256853881AR,DELIVERED,2024-01-15 17:13:32,2024-01-19 09:13:40
9000000128,1000000229,Correo Argentino,CA077666353AR,DELIVERED,2024-01-15 17:03:47,2024-01-17 13:33:23
9000000129,1000000230,Correo Argentino,CA682688773AR,DELIVERED,2024-01-15 16:46:48,2024-01-18 16:19:16
9000000130,1000000233,Correo Argentino,CA743150117AR,DELIVERED,2024-01-15 18:25:28,2024-01-16 17:53:06
9000000131,1000000234,Correo Argentino,CA141554905AR,DELIVERED,2024-01-15 18:00:34,2024-01-19 13:51:07
9000000132,1000000238,Correo Argentino,CA123488053AR,DELIVERED,2024-01-16 18:39:48,2024-01-22 14:02:56
9000000133,1000000240,Correo Argentino,CA324696934AR,DELIVERED,2024-01-16 17:47:22,2024-01-22 13:28:38
9000000134,1000000242,Correo Argentino,CA804872015AR,DELIVERED,2024-01-16 17:19:46,2024-01-19 17:33:11
9000000135,1000000246,Correo Argentino,CA882248613AR,DELIVERED,2024-01-16 17:36:17,2024-01-18 15:41:15
9000000136,1000000247,Correo Argentino,CA900618493AR,DELIVERED,2024-01-16 18:40:53,2024-01-18 11:10:42
9000000137,1000000249,Correo Argentino,CA318820218AR,DELIVERED,2024-01-16 17:13:00,2024-01-22 11:12:48
9000000138,1000000250,Correo Argentino,CA960487145AR,DELIVERED,2024-01-16 18:56:31,2024-01-19 12:30:28
9000000139,1000000251,Correo Argentino,CA645117770AR,DELIVERED,2024-01-16 16:51:45,2024-01-18 14:17:40
9000000140,1000000252,Correo Argentino,CA024271366AR,DELIVERED,2024-01-17 16:05:09,2024-01-22 17:29:08
9000000141,1000000254,Correo Argentino,CA904907622AR,DELIVERED,2024-01-16 16:35:09,2024-01-19 11:02:31
9000000142,1000000255,Correo Argentino,CA192059367AR,DELIVERED,2024-01-16 17:00:32,2024-01-18 19:50:11
9000000143,1000000256,Correo Argentino,CA396979434AR,DELIVERED,2024-01-17 18:38:02,2024-01-22 17:07:17
9000000144,1000000262,Correo Argentino,CA912536656AR,DELIVERED,2024-01-17 16:38:37,2024-01-19 11:14:48
9000000145,1000000264,Correo Argentino,CA329449797AR,DELIVERED,2024-01-17 17:47:57,2024-01-22 12:25:07
9000000146,1000000268,Correo Argentino,CA568796713AR,DELIVERED,2024-01-17 18:00:31,2024-01-22 19:46:13
9000000147,1000000269,Correo Argentino,CA751015226AR,DELIVERED,2024-01-17 16:23:15,2024-01-18 13:01:55
9000000148,1000000271,Correo Argentino,CA289009748AR,DELIVERED,2024-01-17 17:50:07,2024-01-23 09:14:49
9000000149,1000000274,Correo Argentino,CA646680418AR,DELIVERED,2024-01-18 16:03:41,2024-01-23 10:48:00
9000000150,1000000275,Correo Argentino,CA691319093AR,DELIVERED,2024-01-18 17:21:44,2024-01-25 10:24:02
9000000151,1000000278,Correo Argentino,CA614726784AR,DELIVERED,2024-01-18 17:01:52,2024-01-19 13:10:01
9000000152,1000000282,Correo Argentino,CA307788607AR,DELIVERED,2024-01-18 16:47:40,2024-01-22 10:52:13
9000000153,1000000283,Correo Argentino,,CANCELLED,,
9000000154,1000000284,Correo Argentino,CA250837574AR,DELIVERED,2024-01-18 18:24:51,2024-01-22 18:57:30
9000000155,1000000285,Correo Argentino,CA672605205AR,DELIVERED,2024-01-18 16:29:07,2024-01-25 14:41:14
9000000156,1000000286,Correo Argentino,CA821032822AR,DELIVERED,2024-01-18 17:42:34,2024-01-23 13:27:56
9000000157,1000000287,Correo Argentino,CA362624096AR,DELIVERED,2024-01-18 18:02:34,2024-01-23 11:01:42
9000000158,1000000288,Correo Argentino,CA936314170AR,DELIVERED,2024-01-19 18:08:40,2024-01-24 10:16:36
9000000159,1000000290,Correo Argentino,CA356536478AR,DELIVERED,2024-01-18 16:51:30,2024-01-22 13:44:13
9000000160,1000000293,Correo Argentino,CA828935838AR,DELIVERED,2024-01-19 16:38:43,2024-01-24 19:06:42
9000000161,1000000294,Correo Argentino,CA670709949AR,DELIVERED,2024-01-19 16:04:54,2024-01-24 12:53:57
9000000162,1000000299,Correo Argentino,CA912955984AR,DELIVERED,2024-01-19 17:17:50,2024-01-24 16:25:17
9000000163,1000000301,Correo Argentino,CA328470955AR,DELIVERED,2024-01-19 18:35:02,2024-01-26 15:24:16
9000000164,1000000302,Correo Argentino,CA386975173AR,DELIVERED,2024-01-19 17:54:38,2024-01-23 17:41:13
9000000165,1000000303,Correo Argentino,CA863895322AR,DELIVERED,2024-01-19 18:04:45,2024-01-25 18:12:02
9000000166,1000000305,Correo Argentino,CA832792140AR,DELIVERED,2024-01-19 17:28:30,2024-01-23 16:57:04
9000000167,1000000309,Correo Argentino,CA790297762AR,DELIVERED,2024-01-22 17:13:18,2024-01-25 09:47:25
9000000168,1000000310,Correo Argentino,CA602165269AR,DELIVERED,2024-01-22 16:02:02,2024-01-24 17:07:41
9000000169,1000000311,Correo Argentino,CA019671489AR,DELIVERED,2024-01-22 18:26:30,2024-01-23 16:42:22
9000000170,1000000312,Correo Argentino,CA456497731AR,DELIVERED,2024-01-22 17:47:52,2024-01-24 15:14:26
9000000171,1000000313,Correo Argentino,CA866425203AR,DELIVERED,2024-01-22 17:33:36,2024-01-25 15:32:48
9000000172,1000000315,Correo Argentino,CA779573557AR,DELIVERED,2024-01-22 17:16:29,2024-01-26 16:41:55
9000000173,1000000318,Correo Argentino,CA119620020AR,DELIVERED,2024-01-22 16:15:27,2024-01-24 17:05:12
9000000174,1000000320,Correo Argentino,CA392096751AR,DELIVERED,2024-01-22 16:08:53,2024-01-24 18:06:21
9000000175,1000000321,Correo Argentino,CA951279267AR,DELIVERED,2024-01-22 18:08:49,2024-01-25 12:20:31
9000000176,1000000322,Correo Argentino,CA555872310AR,DELIVERED,2024-01-22 18:23:24,2024-01-25 15:13:24
9000000177,1000000328,Correo Argentino,CA946856495AR,DELIVERED,2024-01-22 17:01:02,2024-01-24 15:42:30
9000000178,1000000329,Correo Argentino,CA408544761AR,DELIVERED,2024-01-22 16:22:43,2024-01-26 13:29:33
9000000179,1000000334,Correo Argentino,CA000484208AR,DELIVERED,2024-01-22 16:02:49,2024-01-23 09:05:35
9000000180,1000000335,Correo Argentino,CA487099587AR,DELIVERED,2024-01-22 17:48:08,2024-01-24 11:58:35
9000000181,1000000336,Correo Argentino,CA866342420AR,DELIVERED,2024-01-22 18:17:25,2024-01-24 16:33:31
9000000182,1000000337,Correo Argentino,CA830317422AR,DELIVERED,2024-01-22 17:12:32,2024-01-26 15:42:09
9000000183,1000000339,Correo Argentino,CA352615105AR,DELIVERED,2024-01-22 18:36:47,2024-01-24 19:37:13
9000000184,1000000340,Correo Argentino,CA021915894AR,DELIVERED,2024-01-22 17:54:49,2024-01-24 18:06:22
9000000185,1000000341,Correo Argentino,CA142612766AR,DELIVERED,2024-01-22 18:11:33,2024-01-24 13:51:01
9000000186,1000000342,Correo Argentino,CA194211153AR,DELIVERED,2024-01-22 18:00:02,2024-01-24 16:28:14
9000000187,1000000343,Correo Argentino,CA730853366AR,DELIVERED,2024-01-22 18:05:24,2024-01-23 11:50:52
9000000188,1000000344,Correo Argentino,CA005375567AR,DELIVERED,2024-01-22 18:28:06,2024-01-24 16:43:41
9000000189,1000000345,Correo Argentino,CA730295167AR,DELIVERED,2024-01-22 17:25:07,2024-01-29 11:44:29
9000000190,1000000346,Correo Argentino,CA379158341AR,DELIVERED,2024-01-22 18:06:37,2024-01-24 11:24:58
9000000191,1000000349,Correo Argentino,CA674696105AR,DELIVERED,2024-01-22 18:13:52,2024-01-24 16:23:06
9000000192,1000000353,Correo Argentino,CA193920011AR,DELIVERED,2024-01-23 17:25:29,2024-01-26 13:52:57
9000000193,1000000354,Correo Argentino,CA517548250AR,DELIVERED,2024-01-23 16:54:23,2024-01-25 10:33:31
9000000194,1000000356,Correo Argentino,CA246269446AR,DELIVERED,2024-01-23 18:22:42,2024-01-30 17:18:48
9000000195,1000000357,Correo Argentino,CA688315169AR,DELIVERED,2024-01-23 17:09:05,2024-01-25 09:21:03
9000000196,1000000358,Correo Argentino,CA995076632AR,DELIVERED,2024-01-23 18:10:35,2024-01-25 19:56:56
9000000197,1000000359,Correo Argentino,CA186858674AR,DELIVERED,2024-01-23 16:52:21,2024-01-29 18:09:41
9000000198,1000000360,Correo Argentino,CA306851238AR,DELIVERED,2024-01-23 16:36:13,2024-01-26 11:14:16
9000000199,1000000361,Correo Argentino,CA751573319AR,DELIVERED,2024-01-23 16:52:50,2024-01-26 11:11:57
9000000200,1000000364,Correo Argentino,CA146592232AR,DELIVERED,2024-01-23 18:05:01,2024-01-25 16:54:09
9000000201,1000000367,Correo Argentino,CA453607191AR,DELIVERED,2024-01-24 16:50:17,2024-01-30 17:50:40
9000000202,1000000368,Correo Argentino,CA879028606AR,DELIVERED,2024-01-24 17:57:36,2024-01-26 15:44:43
9000000203,1000000370,Correo Argentino,CA723678546AR,DELIVERED,2024-01-24 17:31:35,2024-01-30 15:47:38
9000000204,1000000372,Correo Argentino,CA939480180AR,DELIVERED,2024-01-24 17:09:09,2024-01-30 12:44:36
9000000205,1000000374,Correo Argentino,CA426421560AR,DELIVERED,2024-01-24 16:59:28,2024-01-26 15:10:52
9000000206,1000000376,Correo Argentino,CA068983174AR,DELIVERED,2024-01-24 17:52:38,2024-01-30 15:10:54
9000000207,1000000377,Correo Argentino,CA528257485AR,DELIVERED,2024-01-24 18:22:52,2024-01-29 11:04:12
9000000208,1000000378,Correo Argentino,CA099181103AR,DELIVERED,2024-01-24 18:10:18,2024-01-26 12:37:17
9000000209,1000000382,Correo Argentino,CA060646294AR,DELIVERED,2024-01-24 16:22:12,2024-01-29 15:02:29
9000000210,1000000384,Correo Argentino,CA518246654AR,DELIVERED,2024-01-24 16:25:12,2024-01-26 16:11:17
9000000211,1000000385,Correo Argentino,CA176937200AR,DELIVERED,2024-01-25 17:41:19,2024-02-01 10:56:19
9000000212,1000000386,Correo Argentino,CA235276866AR,DELIVERED,2024-01-25 17:24:59,2024-01-26 14:58:16
9000000213,1000000389,Correo Argentino,CA734188734AR,DELIVERED,2024-01-25 17:56:05,2024-01-31 18:35:31
9000000214,1000000391,Correo Argentino,CA708926545AR,DELIVERED,2024-01-25 18:09:10,2024-02-01 09:23:58
9000000215,1000000394,Correo Argentino,CA947761261AR,DELIVERED,2024-01-25 16:29:55,2024-01-26 18:03:24
9000000216,1000000397,Correo Argentino,CA841602513AR,DELIVERED,2024-01-26 17:53:13,2024-02-01 10:26:06
9000000217,1000000398,Correo Argentino,CA719545650AR,DELIVERED,2024-01-26 17:06:43,2024-01-29 13:04:03
9000000218,1000000402,Correo Argentino,CA726230717AR,DELIVERED,2024-01-26 16:58:46,2024-02-01 19:20:47
9000000219,1000000403,Correo Argentino,,CANCELLED,,
9000000220,1000000404,Correo Argentino,CA716459704AR,DELIVERED,2024-01-26 17:25:13,2024-02-01 12:35:00
9000000221,1000000405,Correo Argentino,CA320202234AR,DELIVERED,2024-01-26 17:32:04,2024-01-30 19:42:11
9000000222,1000000406,Correo Argentino,CA082498217AR,DELIVERED,2024-01-26 18:16:31,2024-01-30 18:36:22
9000000223,1000000407,Correo Argentino,CA253447846AR,DELIVERED,2024-01-26 17:40:06,2024-01-30 15:58:25
9000000224,1000000408,Correo Argentino,CA451864529AR,DELIVERED,2024-01-26 17:21:17,2024-01-30 16:31:38
9000000225,1000000411,Correo Argentino,CA693953411AR,DELIVERED,2024-01-29 16:23:48,2024-02-01 13:29:59
9000000226,1000000412,Correo Argentino,CA143927542AR,DELIVERED,2024-01-29 18:19:52,2024-02-02 09:13:48
9000000227,1000000420,Correo Argentino,CA929071625AR,DELIVERED,2024-01-29 16:13:47,2024-02-02 14:01:48
9000000228,1000000421,Correo Argentino,CA732021165AR,DELIVERED,2024-01-29 17:10:59,2024-02-02 13:01:34
9000000229,1000000422,Correo Argentino,CA789768295AR,DELIVERED,2024-01-29 17:44:42,2024-01-31 15:13:21
9000000230,1000000423,Correo Argentino,CA997299454AR,DELIVERED,2024-01-29 18:54:16,2024-02-02 09:16:08
9000000231,1000000429,Correo Argentino,CA553595820AR,DELIVERED,2024-01-29 17:54:44,2024-02-02 10:04:18
9000000232,1000000432,Correo Argentino,CA798949750AR,DELIVERED,2024-01-29 17:48:21,2024-01-30 09:08:36
9000000233,1000000438,Correo Argentino,CA963519910AR,DELIVERED,2024-01-29 17:04:20,2024-02-01 15:39:57
9000000234,1000000441,Correo Argentino,CA535350698AR,DELIVERED,2024-01-29 16:23:58,2024-02-01 17:41:40
9000000235,1000000443,Correo Argentino,CA268609007AR,DELIVERED,2024-01-29 16:39:33,2024-02-01 17:42:42
9000000236,1000000444,Correo Argentino,CA040936962AR,DELIVERED,2024-01-29 18:08:43,2024-02-02 17:06:41
9000000237,1000000445,Correo Argentino,CA039767558AR,DELIVERED,2024-01-29 17:26:00,2024-02-01 18:08:23
9000000238,1000000446,Correo Argentino,CA876462359AR,DELIVERED,2024-01-29 17:01:05,2024-02-02 09:52:37
9000000239,1000000447,Correo Argentino,CA832925007AR,DELIVERED,2024-01-29 17:46:17,2024-01-31 13:42:06
9000000240,1000000449,Correo Argentino,CA574478144AR,DELIVERED,2024-01-29 17:32:07,2024-02-02 13:37:29
9000000241,1000000450,Correo Argentino,CA782641566AR,DELIVERED,2024-01-29 16:38:12,2024-02-01 10:48:24
9000000242,1000000451,Correo Argentino,,CANCELLED,,
9000000243,1000000452,Correo Argentino,CA104538723AR,DELIVERED,2024-01-29 16:55:33,2024-01-31 17:52:35
9000000244,1000000453,Correo Argentino,CA082489851AR,DELIVERED,2024-01-29 16:27:22,2024-01-31 11:20:41
9000000245,1000000454,Correo Argentino,CA323992715AR,DELIVERED,2024-01-29 16:25:28,2024-01-31 14:18:01
9000000246,1000000455,Correo Argentino,CA154882181AR,DELIVERED,2024-01-29 17:02:23,2024-02-01 14:40:41
9000000247,1000000456,Correo Argentino,CA019310931AR,DELIVERED,2024-01-29 17:38:51,2024-01-31 17:05:23
9000000248,1000000457,Correo Argentino,CA872104821AR,DELIVERED,2024-01-29 18:55:21,2024-02-01 11:44:55
9000000249,1000000459,Correo Argentino,CA755966245AR,DELIVERED,2024-01-29 17:03:17,2024-01-31 09:15:27
9000000250,1000000461,Correo Argentino,CA345997898AR,DELIVERED,2024-01-30 16:00:59,2024-02-05 16:23:46
9000000251,1000000462,Correo Argentino,CA130059838AR,DELIVERED,2024-01-30 17:16:17,2024-02-02 14:30:19
9000000252,1000000463,Correo Argentino,CA838374129AR,DELIVERED,2024-01-30 16:37:59,2024-02-01 14:23:48
9000000253,1000000464,Correo Argentino,CA738861428AR,DELIVERED,2024-01-30 17:23:51,2024-02-01 17:32:11
9000000254,1000000470,Correo Argentino,CA616988416AR,DELIVERED,2024-01-31 18:17:09,2024-02-02 12:13:18
9000000255,1000000471,Correo Argentino,CA940155095AR,DELIVERED,2024-01-30 16:02:48,2024-02-02 16:41:29
9000000256,1000000472,Correo Argentino,CA252971743AR,DELIVERED,2024-01-30 16:02:18,2024-02-02 17:23:17
9000000257,1000000473,Correo Argentino,CA122903092AR,DELIVERED,2024-01-30 16:45:20,2024-02-01 13:13:47
9000000258,1000000474,Correo Argentino,CA233045326AR,DELIVERED,2024-01-31 18:18:40,2024-02-02 17:12:50
9000000259,1000000478,Correo Argentino,CA153893558AR,DELIVERED,2024-01-31 18:16:58,2024-02-02 09:05:09
9000000260,1000000481,Correo Argentino,CA347638813AR,DELIVERED,2024-01-31 17:25:58,2024-02-02 17:54:58
9000000261,1000000482,Correo Argentino,CA148773371AR,DELIVERED,2024-01-31 17:15:24,2024-02-02 15:29:16
9000000262,1000000483,Correo Argentino,CA302638308AR,DELIVERED,2024-01-31 17:16:23,2024-02-05 13:06:55
9000000263,1000000485,Correo Argentino,CA053922741AR,DELIVERED,2024-01-31 17:45:11,2024-02-05 10:24:07
9000000264,1000000486,Correo Argentino,CA111329932AR,DELIVERED,2024-01-31 18:55:17,2024-02-02 14:31:44
9000000265,1000000487,Correo Argentino,CA454166362AR,DELIVERED,2024-01-31 16:37:07,2024-02-02 09:05:55
9000000266,1000000488,Correo Argentino,CA948647517AR,DELIVERED,2024-01-31 18:02:16,2024-02-02 19:54:53
9000000267,1000000489,Correo Argentino,CA829438778AR,DELIVERED,2024-01-31 16:13:29,2024-02-06 09:44:38
9000000268,1000000491,Correo Argentino,CA822821274AR,DELIVERED,2024-01-31 16:50:32,2024-02-05 09:01:39
9000000269,1000000492,Correo Argentino,CA968917999AR,DELIVERED,2024-01-31 18:05:49,2024-02-02 13:53:37
9000000270,1000000494,Correo Argentino,CA502950685AR,DELIVERED,2024-02-01 16:02:17,2024-02-07 15:03:58
9000000271,1000000499,Correo Argentino,CA544138975AR,DELIVERED,2024-02-01 16:56:44,2024-02-05 17:13:04
9000000272,1000000502,Correo Argentino,CA038538748AR,DELIVERED,2024-02-01 16:59:41,2024-02-05 19:26:25
9000000273,1000000503,Correo Argentino,CA738129215AR,DELIVERED,2024-02-01 16:14:27,2024-02-05 09:16:12
9000000274,1000000505,Correo Argentino,CA856696449AR,DELIVERED,2024-02-01 16:07:31,2024-02-07 14:15:10
9000000275,1000000506,Correo Argentino,CA125907951AR,DELIVERED,2024-02-01 18:00:35,2024-02-07 17:35:06
9000000276,1000000507,Correo Argentino,CA124630472AR,DELIVERED,2024-02-01 17:44:16,2024-02-05 12:41:29
9000000277,1000000508,Correo Argentino,CA112941350AR,DELIVERED,2024-02-01 18:15:39,2024-02-05 15:03:24
9000000278,1000000509,Correo Argentino,CA978592332AR,DELIVERED,2024-02-01 16:38:26,2024-02-06 10:24:27
9000000279,1000000510,Correo Argentino,CA845763504AR,DELIVERED,2024-02-01 16:41:10,2024-02-06 15:44:35
9000000280,1000000515,Correo Argentino,CA525707560AR,DELIVERED,2024-02-01 16:48:16,2024-02-07 09:47:34
9000000281,1000000517,Correo Argentino,,CANCELLED,,
9000000282,1000000524,Correo Argentino,CA227541137AR,DELIVERED,2024-02-02 18:20:08,2024-02-08 09:20:21
9000000283,1000000525,Correo Argentino,CA811379913AR,DELIVERED,2024-02-02 17:08:12,2024-02-06 15:59:30
9000000284,1000000526,Correo Argentino,CA389319748AR,DELIVERED,2024-02-02 17:33:22,2024-02-07 19:07:52
9000000285,1000000532,Correo Argentino,CA328952785AR,DELIVERED,2024-02-05 17:12:47,2024-02-09 16:48:36
9000000286,1000000534,Correo Argentino,CA562859240AR,DELIVERED,2024-02-05 17:35:17,2024-02-06 19:10:19
9000000287,1000000540,Correo Argentino,CA559983722AR,DELIVERED,2024-02-05 17:53:39,2024-02-07 13:58:05
9000000288,1000000541,Correo Argentino,CA647840546AR,DELIVERED,2024-02-05 18:13:22,2024-02-06 13:21:41
9000000289,1000000542,Correo Argentino,CA753603701AR,DELIVERED,2024-02-05 18:31:21,2024-02-08 18:32:17
9000000290,1000000543,Correo Argentino,,CANCELLED,,
9000000291,1000000544,Correo Argentino,CA093672216AR,DELIVERED,2024-02-05 18:22:56,2024-02-07 13:03:57
9000000292,1000000545,Correo Argentino,CA073245099AR,DELIVERED,2024-02-05 16:03:12,2024-02-07 09:34:44
9000000293,1000000547,Correo Argentino,CA622768228AR,DELIVERED,2024-02-05 17:58:34,2024-02-07 14:55:28
9000000294,1000000549,Correo Argentino,CA422544453AR,DELIVERED,2024-02-05 17:35:10,2024-02-08 10:42:53
9000000295,1000000550,Correo Argentino,CA542849580AR,DELIVERED,2024-02-05 17:00:33,2024-02-06 18:01:11
9000000296,1000000552,Correo Argentino,CA054908261AR,DELIVERED,2024-02-05 18:37:44,2024-02-06 16:44:24
9000000297,1000000553,Correo Argentino,CA532635028AR,DELIVERED,2024-02-05 16:45:41,2024-02-08 16:36:28
9000000298,1000000556,Correo Argentino,CA792767594AR,DELIVERED,2024-02-05 18:52:48,2024-02-09 17:41:53
9000000299,1000000558,Correo Argentino,CA687853218AR,DELIVERED,2024-02-05 18:47:13,2024-02-09 18:20:48
9000000300,1000000559,Correo Argentino,CA941006488AR,DELIVERED,2024-02-05 18:50:55,2024-02-07 18:59:40
9000000301,1000000560,Correo Argentino,CA758650436AR,DELIVERED,2024-02-05 16:39:23,2024-02-06 09:34:30
9000000302,1000000564,Correo Argentino,CA042267803AR,DELIVERED,2024-02-05 18:24:59,2024-02-09 13:10:35
9000000303,1000000566,Correo Argentino,CA627020942AR,DELIVERED,2024-02-05 16:24:29,2024-02-07 09:51:03
9000000304,1000000567,Correo Argentino,CA085462569AR,DELIVERED,2024-02-06 17:00:13,2024-02-08 14:03:12
9000000305,1000000568,Correo Argentino,CA752722587AR,DELIVERED,2024-02-05 17:16:02,2024-02-12 17:59:25
9000000306,1000000569,Correo Argentino,CA093635890AR,DELIVERED,2024-02-05 16:10:21,2024-02-08 17:14:15
9000000307,1000000570,Correo Argentino,CA656806806AR,DELIVERED,2024-02-05 16:10:35,2024-02-07 14:04:48
9000000308,1000000571,Correo Argentino,CA957647318AR,DELIVERED,2024-02-05 18:35:10,2024-02-08 15:31:58
9000000309,1000000572,Correo Argentino,CA223500061AR,DELIVERED,2024-02-05 17:42:49,2024-02-08 19:59:25
9000000310,1000000573,Correo Argentino,CA928177470AR,DELIVERED,2024-02-05 16:40:07,2024-02-09 14:42:58
9000000311,1000000574,Correo Argentino,CA658183501AR,DELIVERED,2024-02-05 18:28:34,2024-02-08 16:19:26
9000000312,1000000575,Correo Argentino,CA852312644AR,DELIVERED,2024-02-05 17:55:11,2024-02-09 12:05:22
9000000313,1000000576,Correo Argentino,CA931318422AR,DELIVERED,2024-02-05 16:39:21,2024-02-06 10:54:32
9000000314,1000000577,Correo Argentino,CA725557745AR,DELIVERED,2024-02-05 17:27:37,2024-02-07 09:55:20
9000000315,1000000578,Correo Argentino,CA329888116AR,DELIVERED,2024-02-05 16:30:13,2024-02-07 11:33:53
9000000316,1000000579,Correo Argentino,CA259627438AR,DELIVERED,2024-02-06 18:16:24,2024-02-08 12:08:48
9000000317,1000000581,Correo Argentino,CA096681867AR,DELIVERED,2024-02-06 16:57:12,2024-02-08 17:14:29
9000000318,1000000583,Correo Argentino,CA040744966AR,DELIVERED,2024-02-06 17:52:36,2024-02-07 12:17:00
9000000319,1000000585,Correo Argentino,CA412826507AR,DELIVERED,2024-02-06 16:16:58,2024-02-09 18:31:00
9000000320,1000000587,Correo Argentino,CA752859258AR,DELIVERED,2024-02-06 18:36:28,2024-02-07 15:49:52
9000000321,1000000588,Correo Argentino,CA023533671AR,DELIVERED,2024-02-06 18:37:54,2024-02-13 13:03:09
9000000322,1000000589,Correo Argentino,CA363588816AR,DELIVERED,2024-02-06 17:02:49,2024-02-08 10:30:43
9000000323,1000000590,Correo Argentino,CA688126208AR,DELIVERED,2024-02-06 17:27:51,2024-02-08 12:13:24
9000000324,1000000591,Correo Argentino,CA493648191AR,DELIVERED,2024-02-07 18:40:11,2024-02-12 17:50:16
9000000325,1000000592,Correo Argentino,CA811134975AR,DELIVERED,2024-02-06 17:18:43,2024-02-08 17:53:22
9000000326,1000000593,Correo Argentino,CA962605726AR,DELIVERED,2024-02-06 16:44:59,2024-02-12 14:05:19
9000000327,1000000594,Correo Argentino,CA077498043AR,DELIVERED,2024-02-06 18:15:28,2024-02-09 11:09:03
9000000328,1000000595,Correo Argentino,CA003320475AR,DELIVERED,2024-02-06 16:56:58,2024-02-08 12:31:55
9000000329,1000000596,Correo Argentino,CA633418669AR,DELIVERED,2024-02-06 16:31:01,2024-02-08 12:25:20
9000000330,1000000597,Correo Argentino,CA466614786AR,DELIVERED,2024-02-06 16:07:56,2024-02-08 11:53:30
9000000331,1000000601,Correo Argentino,CA779963346AR,DELIVERED,2024-02-07 17:30:45,2024-02-08 17:53:34
9000000332,1000000602,Correo Argentino,CA123005091AR,DELIVERED,2024-02-07 18:20:47,2024-02-12 10:51:33
9000000333,1000000606,Correo Argentino,CA130547310AR,DELIVERED,2024-02-07 16:19:41,2024-02-09 10:54:49
9000000334,1000000607,Correo Argentino,CA223864445AR,DELIVERED,2024-02-07 18:31:37,2024-02-14 17:15:48
9000000335,1000000609,Correo Argentino,CA719744041AR,DELIVERED,2024-02-07 17:15:55,2024-02-13 18:18:59
9000000336,1000000610,Correo Argentino,CA379601884AR,DELIVERED,2024-02-07 16:37:06,2024-02-09 14:26:19
9000000337,1000000611,Correo Argentino,CA217804105AR,DELIVERED,2024-02-07 18:05:59,2024-02-09 14:27:51
9000000338,1000000613,Correo Argentino,CA073024252AR,DELIVERED,2024-02-08 16:20:13,2024-02-15 14:21:54
9000000339,1000000614,Correo Argentino,CA567595702AR,DELIVERED,2024-02-08 16:13:28,2024-02-12 10:40:43
9000000340,1000000615,Correo Argentino,CA281834582AR,DELIVERED,2024-02-08 18:32:49,2024-02-13 11:24:13
9000000341,1000000619,Correo Argentino,CA237149805AR,DELIVERED,2024-02-08 18:28:59,2024-02-13 12:13:57
9000000342,1000000631,Correo Argentino,CA740146961AR,DELIVERED,2024-02-09 18:16:51,2024-02-16 17:43:55
9000000343,1000000632,Correo Argentino,CA934326005AR,DELIVERED,2024-02-09 16:20:26,2024-02-13 18:59:40
9000000344,1000000633,Correo Argentino,CA620989774AR,DELIVERED,2024-02-09 18:35:00,2024-02-12 14:53:40
9000000345,1000000634,Correo Argentino,CA245036980AR,DELIVERED,2024-02-09 16:29:41,2024-02-14 10:20:36
9000000346,1000000635,Correo Argentino,CA703192383AR,DELIVERED,2024-02-09 18:48:51,2024-02-15 17:10:57
9000000347,1000000636,Correo Argentino,CA069858035AR,DELIVERED,2024-02-09 17:57:47,2024-02-13 13:44:00
9000000348,1000000637,Correo Argentino,CA411935663AR,DELIVERED,2024-02-09 16:53:43,2024-02-13 19:39:06
9000000349,1000000640,Correo Argentino,CA137061486AR,DELIVERED,2024-02-12 16:30:30,2024-02-14 09:45:50
9000000350,1000000644,Correo Argentino,CA166853752AR,DELIVERED,2024-02-12 17:25:15,2024-02-16 11:14:06
9000000351,1000000645,Correo Argentino,CA031681000AR,DELIVERED,2024-02-12 17:36:00,2024-02-14 17:18:08
9000000352,1000000646,Correo Argentino,CA052425169AR,DELIVERED,2024-02-12 16:26:17,2024-02-14 14:00:00
9000000353,1000000647,Correo Argentino,CA613149985AR,DELIVERED,2024-02-12 17:00:59,2024-02-14 19:55:39
9000000354,1000000648,Correo Argentino,CA718093375AR,DELIVERED,2024-02-12 16:58:00,2024-02-14 09:59:09
9000000355,1000000649,Correo Argentino,CA234773749AR,DELIVERED,2024-02-12 16:08:33,2024-02-16 13:03:49
9000000356,1000000650,Correo Argentino,CA654539041AR,DELIVERED,2024-02-12 18:57:20,2024-02-14 15:07:49
9000000357,1000000652,Correo Argentino,CA867444713AR,DELIVERED,2024-02-13 17:26:27,2024-02-14 11:37:27
9000000358,1000000653,Correo Argentino,CA857693573AR,DELIVERED,2024-02-12 17:01:50,2024-02-13 19:57:57
9000000359,1000000655,Correo Argentino,CA491599289AR,DELIVERED,2024-02-12 18:37:07,2024-02-15 11:41:48
9000000360,1000000656,Correo Argentino,CA904555556AR,DELIVERED,2024-02-12 18:22:13,2024-02-14 17:27:45
9000000361,1000000657,Correo Argentino,CA394307201AR,DELIVERED,2024-02-12 18:33:33,2024-02-19 11:15:37
9000000362,1000000665,Correo Argentino,CA694092751AR,DELIVERED,2024-02-12 17:51:21,2024-02-13 15:43:09
9000000363,1000000668,Correo Argentino,CA865975465AR,DELIVERED,2024-02-12 18:05:30,2024-02-15 10:49:39
9000000364,1000000669,Correo Argentino,CA498157631AR,DELIVERED,2024-02-12 18:13:09,2024-02-15 13:22:52
9000000365,1000000670,Correo Argentino,CA940922066AR,DELIVERED,2024-02-12 16:05:02,2024-02-15 09:18:40
9000000366,1000000672,Correo Argentino,CA537165901AR,DELIVERED,2024-02-12 18:48:41,2024-02-13 19:27:39
9000000367,1000000673,Correo Argentino,CA595334760AR,DELIVERED,2024-02-12 17:02:50,2024-02-15 13:03:00
9000000368,1000000674,Correo Argentino,CA488478361AR,DELIVERED,2024-02-12 16:33:58,2024-02-14 19:37:46
9000000369,1000000675,Correo Argentino,CA614750731AR,DELIVERED,2024-02-12 16:25:03,2024-02-14 09:59:34
9000000370,1000000676,Correo Argentino,CA007945446AR,DELIVERED,2024-02-12 16:45:08,2024-02-13 10:27:42
9000000371,1000000677,Correo Argentino,CA960702197AR,DELIVERED,2024-02-12 18:33:29,2024-02-19 15:17:23
9000000372,1000000678,Correo Argentino,CA673003230AR,DELIVERED,2024-02-12 18:47:08,2024-02-16 10:29:25
9000000373,1000000679,Correo Argentino,CA578805942AR,DELIVERED,2024-02-12 16:10:29,2024-02-13 12:49:09
9000000374,1000000680,Correo Argentino,,CANCELLED,,
9000000375,1000000681,Correo Argentino,CA568028739AR,DELIVERED,2024-02-13 16:38:16,2024-02-15 17:52:15
9000000376,1000000682,Correo Argentino,CA559787004AR,DELIVERED,2024-02-12 18:18:56,2024-02-14 17:24:10
9000000377,1000000683,Correo Argentino,CA738202747AR,DELIVERED,2024-02-12 17:44:01,2024-02-16 16:50:57
9000000378,1000000684,Correo Argentino,CA767013676AR,DELIVERED,2024-02-12 18:45:26,2024-02-15 15:33:15
9000000379,1000000685,Correo Argentino,CA350431184AR,DELIVERED,2024-02-12 17:59:23,2024-02-14 10:03:13
9000000380,1000000686,Correo Argentino,CA536123862AR,DELIVERED,2024-02-12 18:48:21,2024-02-14 11:52:34
9000000381,1000000687,Correo Argentino,CA081866319AR,DELIVERED,2024-02-13 17:27:51,2024-02-15 18:21:25
9000000382,1000000688,Correo Argentino,,CANCELLED,,
9000000383,1000000693,Correo Argentino,CA929787204AR,DELIVERED,2024-02-13 16:15:45,2024-02-19 10:18:18
9000000384,1000000694,Correo Argentino,CA457685341AR,DELIVERED,2024-02-13 16:06:05,2024-02-16 09:42:17
9000000385,1000000695,Correo Argentino,CA410059414AR,DELIVERED,2024-02-13 16:55:24,2024-02-15 15:20:34
9000000386,1000000696,Correo Argentino,CA368726888AR,DELIVERED,2024-02-13 18:07:09,2024-02-19 18:23:59
9000000387,1000000697,Correo Argentino,CA991303451AR,DELIVERED,2024-02-13 17:33:55,2024-02-19 12:03:49
9000000388,1000000701,Correo Argentino,CA921986833AR,DELIVERED,2024-02-13 18:40:43,2024-02-16 19:46:03
9000000389,1000000703,Correo Argentino,CA114454016AR,DELIVERED,2024-02-14 18:37:34,2024-02-21 17:34:49
9000000390,1000000706,Correo Argentino,CA425393095AR,DELIVERED,2024-02-14 17:10:55,2024-02-16 11:59:50
9000000391,1000000707,Correo Argentino,CA010252343AR,DELIVERED,2024-02-14 18:31:41,2024-02-16 15:19:56
9000000392,1000000708,Correo Argentino,CA974904929AR,DELIVERED,2024-02-14 18:51:38,2024-02-20 18:10:32
9000000393,1000000710,Correo Argentino,CA066432013AR,DELIVERED,2024-02-14 17:58:14,2024-02-20 09:23:34
9000000394,1000000713,Correo Argentino,CA394444243AR,DELIVERED,2024-02-14 16:30:45,2024-02-16 15:36:34
9000000395,1000000714,Correo Argentino,CA368396901AR,DELIVERED,2024-02-14 16:21:35,2024-02-19 18:19:50
9000000396,1000000715,Correo Argentino,CA357929622AR,DELIVERED,2024-02-14 17:59:56,2024-02-19 19:47:33
9000000397,1000000716,Correo Argentino,CA556865868AR,DELIVERED,2024-02-14 17:45:40,2024-02-19 15:54:32
9000000398,1000000717,Correo Argentino,CA127505638AR,DELIVERED,2024-02-14 18:00:13,2024-02-19 13:41:53
9000000399,1000000719,Correo Argentino,CA330205191AR,DELIVERED,2024-02-15 18:37:23,2024-02-19 09:05:32
9000000400,1000000722,Correo Argentino,CA215797894AR,DELIVERED,2024-02-15 16:10:12,2024-02-19 09:59:35
9000000401,1000000724,Correo Argentino,CA082170087AR,DELIVERED,2024-02-15 18:28:10,2024-02-21 18:53:31
9000000402,1000000725,Correo Argentino,CA847411684AR,DELIVERED,2024-02-15 18:12:49,2024-02-19 16:59:59
9000000403,1000000726,Correo Argentino,CA608069709AR,DELIVERED,2024-02-15 16:36:25,2024-02-21 12:06:58
9000000404,1000000727,Correo Argentino,CA673174957AR,DELIVERED,2024-02-15 17:31:03,2024-02-20 12:07:59
9000000405,1000000728,Correo Argentino,CA772590508AR,DELIVERED,2024-02-15 16:25:12,2024-02-20 09:12:12
9000000406,1000000729,Correo Argentino,CA112649285AR,DELIVERED,2024-02-15 17:51:02,2024-02-19 16:46:30
9000000407,1000000730,Correo Argentino,CA011971902AR,DELIVERED,2024-02-15 18:21:02,2024-02-19 15:33:51
9000000408,1000000731,Correo Argentino,CA534932198AR,DELIVERED,2024-02-16 16:38:04,2024-02-20 17:08:36
9000000409,1000000734,Correo Argentino,CA798062681AR,DELIVERED,2024-02-16 16:55:33,2024-02-19 13:14:02
9000000410,1000000735,Correo Argentino,CA353910140AR,DELIVERED,2024-02-16 17:15:34,2024-02-21 10:56:24
9000000411,1000000740,Correo Argentino,CA625753553AR,DELIVERED,2024-02-16 16:25:14,2024-02-19 09:40:28
9000000412,1000000742,Correo Argentino,CA936259742AR,DELIVERED,2024-02-16 17:54:07,2024-02-19 10:02:25
9000000413,1000000743,Correo Argentino,CA680583676AR,DELIVERED,2024-02-16 18:28:01,2024-02-19 19:09:50
9000000414,1000000744,Correo Argentino,CA309824332AR,DELIVERED,2024-02-16 17:52:30,2024-02-22 12:41:55
9000000415,1000000745,Correo Argentino,CA050900347AR,DELIVERED,2024-02-16 18:06:21,2024-02-21 17:49:50
9000000416,1000000746,Correo Argentino,CA874630471AR,DELIVERED,2024-02-16 18:26:49,2024-02-23 19:10:36
9000000417,1000000747,Correo Argentino,CA733075506AR,DELIVERED,2024-02-16 18:48:05,2024-02-20 12:54:50
9000000418,1000000748,Correo Argentino,CA495302823AR,DELIVERED,2024-02-16 16:32:52,2024-02-20 19:53:44
9000000419,1000000750,Correo Argentino,CA883008734AR,DELIVERED,2024-02-16 18:16:30,2024-02-21 09:12:27
9000000420,1000000757,Correo Argentino,CA790028051AR,DELIVERED,2024-02-19 17:02:58,2024-02-22 10:33:15
9000000421,1000000762,Correo Argentino,CA648599159AR,DELIVERED,2024-02-19 18:34:11,2024-02-26 16:43:08
9000000422,1000000764,Correo Argentino,CA335202497AR,DELIVERED,2024-02-19 18:47:35,2024-02-26 18:06:28
9000000423,1000000769,Correo Argentino,CA039650111AR,DELIVERED,2024-02-19 17:40:05,2024-02-21 19:34:50
9000000424,1000000770,Correo Argentino,CA957095682AR,DELIVERED,2024-02-19 18:39:32,2024-02-26 16:43:18
9000000425,1000000771,Correo Argentino,CA679839715AR,DELIVERED,2024-02-19 17:26:06,2024-02-21 18:42:26
9000000426,1000000772,Correo Argentino,CA573965701AR,DELIVERED,2024-02-19 18:54:29,2024-02-21 15:12:19
9000000427,1000000773,Correo Argentino,CA572438031AR,DELIVERED,2024-02-19 18:42:43,2024-02-22 18:21:41
9000000428,1000000774,Correo Argentino,CA359683954AR,DELIVERED,2024-02-19 17:51:17,2024-02-23 19:56:49
9000000429,1000000775,Correo Argentino,CA489111090AR,DELIVERED,2024-02-19 18:57:17,2024-02-22 15:19:26
9000000430,1000000776,Correo Argentino,,CANCELLED,,
9000000431,1000000777,Correo Argentino,CA425386604AR,DELIVERED,2024-02-19 16:58:50,2024-02-20 09:03:26
9000000432,1000000779,Correo Argentino,CA612940694AR,DELIVERED,2024-02-19 16:02:11,2024-02-22 16:50:08
9000000433,1000000790,Correo Argentino,CA880570313AR,DELIVERED,2024-02-19 16:31:53,2024-02-21 12:35:13
9000000434,1000000793,Correo Argentino,CA174031979AR,DELIVERED,2024-02-19 17:24:23,2024-02-23 13:07:20
9000000435,1000000795,Correo Argentino,CA444014730AR,DELIVERED,2024-02-19 17:27:38,2024-02-22 18:46:58
9000000436,1000000796,Correo Argentino,CA825386976AR,DELIVERED,2024-02-19 18:31:38,2024-02-23 17:36:24
9000000437,1000000798,Correo Argentino,CA216178775AR,DELIVERED,2024-02-19 18:23:43,2024-02-23 12:14:56
9000000438,1000000799,Correo Argentino,CA432346765AR,DELIVERED,2024-02-19 18:58:56,2024-02-21 11:49:12
9000000439,1000000804,Correo Argentino,CA267017170AR,DELIVERED,2024-02-19 18:07:23,2024-02-20 17:36:34
9000000440,1000000805,Correo Argentino,CA367529608AR,DELIVERED,2024-02-19 18:17:26,2024-02-21 15:13:52
9000000441,1000000806,Correo Argentino,CA349686092AR,DELIVERED,2024-02-19 16:48:24,2024-02-26 19:16:07
9000000442,1000000807,Correo Argentino,CA894867786AR,DELIVERED,2024-02-19 18:09:10,2024-02-23 10:20:36
9000000443,1000000808,Correo Argentino,CA592185941AR,DELIVERED,2024-02-19 17:11:23,2024-02-22 11:46:29
9000000444,1000000809,Correo Argentino,CA149493563AR,DELIVERED,2024-02-19 16:41:03,2024-02-22 13:36:10
9000000445,1000000810,Correo Argentino,CA276380176AR,DELIVERED,2024-02-19 18:18:37,2024-02-23 14:48:19
9000000446,1000000811,Correo Argentino,CA905652994AR,DELIVERED,2024-02-19 16:05:50,2024-02-26 16:12:11
9000000447,1000000812,Correo Argentino,CA440232290AR,DELIVERED,2024-02-19 16:37:21,2024-02-21 18:32:41
9000000448,1000000813,Correo Argentino,CA454511299AR,DELIVERED,2024-02-19 18:03:36,2024-02-22 09:43:14
9000000449,1000000814,Correo Argentino,CA340214437AR,DELIVERED,2024-02-19 16:15:22,2024-02-22 11:32:21
9000000450,1000000815,Correo Argentino,CA442801862AR,DELIVERED,2024-02-19 18:20:33,2024-02-22 13:59:33
9000000451,1000000817,Correo Argentino,CA950733478AR,DELIVERED,2024-02-19 16:49:30,2024-02-23 09:52:38
9000000452,1000000819,Correo Argentino,CA228637416AR,DELIVERED,2024-02-19 18:21:50,2024-02-21 13:16:46
9000000453,1000000820,Correo Argentino,CA784141026AR,DELIVERED,2024-02-19 16:28:42,2024-02-23 09:25:50
9000000454,1000000826,Correo Argentino,CA871461890AR,DELIVERED,2024-02-20 17:21:17,2024-02-23 15:20:14
9000000455,1000000828,Correo Argentino,CA314485542AR,DELIVERED,2024-02-20 16:10:45,2024-02-27 16:55:43
9000000456,1000000829,Correo Argentino,CA889442350AR,DELIVERED,2024-02-20 18:19:11,2024-02-26 15:12:36
9000000457,1000000830,Correo Argentino,CA895818471AR,DELIVERED,2024-02-20 18:08:23,2024-02-27 13:38:59
9000000458,1000000832,Correo Argentino,CA393781638AR,DELIVERED,2024-02-20 17:05:36,2024-02-26 13:25:49
9000000459,1000000833,Correo Argentino,CA711417803AR,DELIVERED,2024-02-20 18:34:34,2024-02-26 17:05:56
9000000460,1000000834,Correo Argentino,CA137355644AR,DELIVERED,2024-02-20 17:40:33,2024-02-26 12:11:15
9000000461,1000000837,Correo Argentino,,CANCELLED,,
9000000462,1000000838,Correo Argentino,CA050752766AR,DELIVERED,2024-02-20 18:42:23,2024-02-26 13:30:41
9000000463,1000000839,Correo Argentino,CA170270316AR,DELIVERED,2024-02-20 16:23:54,2024-02-22 12:18:20
9000000464,1000000840,Correo Argentino,CA095148362AR,DELIVERED,2024-02-20 16:00:42,2024-02-26 18:32:58
9000000465,1000000841,Correo Argentino,CA825914639AR,DELIVERED,2024-02-20 16:55:19,2024-02-23 15:45:28
9000000466,1000000843,Correo Argentino,CA163149752AR,DELIVERED,2024-02-20 18:38:41,2024-02-27 14:00:46
9000000467,1000000844,Correo Argentino,CA552613416AR,DELIVERED,2024-02-20 18:21:52,2024-02-22 12:02:46
9000000468,1000000845,Correo Argentino,CA590942362AR,DELIVERED,2024-02-20 17:07:47,2024-02-26 19:00:10
9000000469,1000000846,Correo Argentino,CA763266265AR,DELIVERED,2024-02-20 18:54:01,2024-02-21 15:14:33
9000000470,1000000847,Correo Argentino,CA228678787AR,DELIVERED,2024-02-20 17:40:49,2024-02-21 16:30:33
9000000471,1000000848,Correo Argentino,CA673840067AR,DELIVERED,2024-02-20 16:38:52,2024-02-23 18:50:55
9000000472,1000000850,Correo Argentino,CA893707386AR,DELIVERED,2024-02-20 17:31:59,2024-02-23 09:16:28
9000000473,1000000851,Correo Argentino,CA896213117AR,DELIVERED,2024-02-20 17:30:51,2024-02-22 19:29:04
9000000474,1000000854,Correo Argentino,CA608003879AR,DELIVERED,2024-02-20 16:50:48,2024-02-22 18:02:26
9000000475,1000000856,Correo Argentino,CA538625619AR,DELIVERED,2024-02-21 16:02:49,2024-02-27 19:33:16
9000000476,1000000857,Correo Argentino,CA773856208AR,DELIVERED,2024-02-21 18:00:53,2024-02-22 09:33:30
9000000477,1000000858,Correo Argentino,CA440399504AR,DELIVERED,2024-02-21 16:48:23,2024-02-27 18:06:50
9000000478,1000000859,Correo Argentino,CA272695622AR,DELIVERED,2024-02-21 16:49:07,2024-02-27 13:02:58
9000000479,1000000860,Correo Argentino,CA160152009AR,DELIVERED,2024-02-21 16:09:09,2024-02-26 11:28:49
9000000480,1000000861,Correo Argentino,CA240194866AR,DELIVERED,2024-02-21 17:37:46,2024-02-23 11:08:47
9000000481,1000000862,Correo Argentino,CA170057932AR,DELIVERED,2024-02-21 18:24:52,2024-02-23 12:53:27
9000000482,1000000863,Correo Argentino,CA451226463AR,DELIVERED,2024-02-21 18:16:46,2024-02-26 09:16:29
9000000483,1000000864,Correo Argentino,CA683200741AR,DELIVERED,2024-02-21 18:12:32,2024-02-22 13:42:58
9000000484,1000000869,Correo Argentino,CA008109743AR,DELIVERED,2024-02-21 18:18:14,2024-02-23 15:16:27
9000000485,1000000871,Correo Argentino,CA527337991AR,DELIVERED,2024-02-21 17:05:29,2024-02-23 13:29:42
9000000486,1000000873,Correo Argentino,CA678390146AR,DELIVERED,2024-02-21 16:56:27,2024-02-26 15:25:43
9000000487,1000000874,Correo Argentino,CA839257883AR,DELIVERED,2024-02-22 18:26:36,2024-02-29 18:55:41
9000000488,1000000875,Correo Argentino,CA821187308AR,DELIVERED,2024-02-22 18:30:42,2024-02-23 12:36:36
9000000489,1000000877,Correo Argentino,CA185447715AR,DELIVERED,2024-02-22 18:49:24,2024-02-27 14:14:18
9000000490,1000000881,Correo Argentino,CA898592153AR,DELIVERED,2024-02-22 16:41:27,2024-02-28 10:28:22
9000000491,1000000883,Correo Argentino,CA060499038AR,DELIVERED,2024-02-22 18:56:15,2024-02-27 16:56:59
9000000492,1000000885,Correo Argentino,CA931391320AR,DELIVERED,2024-02-22 16:32:48,2024-02-27 18:28:23
9000000493,1000000889,Correo Argentino,CA432181855AR,DELIVERED,2024-02-26 17:03:55,2024-02-28 19:13:06
9000000494,1000000890,Correo Argentino,CA560768821AR,DELIVERED,2024-02-22 16:05:23,2024-02-26 09:51:50
9000000495,1000000892,Correo Argentino,CA379643777AR,DELIVERED,2024-02-22 17:35:01,2024-02-27 18:09:10
9000000496,1000000897,Correo Argentino,CA972145037AR,DELIVERED,2024-02-23 17:32:30,2024-02-27 13:46:47
9000000497,1000000898,Correo Argentino,CA942669003AR,DELIVERED,2024-02-23 17:43:29,2024-02-27 17:57:26
9000000498,1000000900,Correo Argentino,CA433677533AR,DELIVERED,2024-02-23 17:22:44,2024-02-27 10:20:33
9000000499,1000000901,Correo Argentino,CA284278280AR,DELIVERED,2024-02-23 16:19:57,2024-02-27 11:17:51
9000000500,1000000902,Correo Argentino,CA193545722AR,DELIVERED,2024-02-23 18:31:28,2024-02-28 09:34:09
9000000501,1000000903,Correo Argentino,CA021182640AR,DELIVERED,2024-02-23 16:12:19,2024-02-28 09:09:18
9000000502,1000000906,Correo Argentino,CA995647355AR,DELIVERED,2024-02-23 18:58:49,2024-02-27 15:44:24
9000000503,1000000907,Correo Argentino,CA049480894AR,DELIVERED,2024-02-23 16:38:51,2024-02-28 12:38:06
9000000504,1000000908,Correo Argentino,CA004100972AR,DELIVERED,2024-02-23 16:16:22,2024-02-27 14:25:17
9000000505,1000000909,Correo Argentino,CA034194635AR,DELIVERED,2024-02-23 18:00:51,2024-02-27 10:40:54
9000000506,1000000910,Correo Argentino,CA932754637AR,DELIVERED,2024-02-23 17:09:29,2024-02-27 13:55:31
9000000507,1000000911,Correo Argentino,CA748616562AR,DELIVERED,2024-02-23 18:30:49,2024-02-28 18:53:45
9000000508,1000000913,Correo Argentino,CA860882042AR,DELIVERED,2024-02-26 17:59:48,2024-02-27 18:34:41
9000000509,1000000914,Correo Argentino,CA914213148AR,DELIVERED,2024-02-26 16:24:13,2024-02-28 19:38:55
9000000510,1000000916,Correo Argentino,CA553089308AR,DELIVERED,2024-02-26 18:25:21,2024-02-28 12:41:53
9000000511,1000000918,Correo Argentino,CA862275563AR,DELIVERED,2024-02-26 16:24:02,2024-02-27 10:21:21
9000000512,1000000919,Correo Argentino,CA575208751AR,DELIVERED,2024-02-26 18:07:37,2024-02-28 18:08:46
9000000513,1000000921,Correo Argentino,CA025185096AR,DELIVERED,2024-02-26 17:02:07,2024-02-29 15:47:12
9000000514,1000000923,Correo Argentino,CA282387658AR,DELIVERED,2024-02-26 18:02:12,2024-02-27 17:48:25
9000000515,1000000926,Correo Argentino,CA017645238AR,DELIVERED,2024-02-26 17:41:51,2024-02-29 18:22:27
9000000516,1000000927,Correo Argentino,CA621683854AR,DELIVERED,2024-02-26 18:59:45,2024-02-29 12:27:20
9000000517,1000000930,Correo Argentino,CA085511388AR,DELIVERED,2024-02-26 17:25:03,2024-02-28 12:19:40
9000000518,1000000934,Correo Argentino,CA060065406AR,DELIVERED,2024-02-26 16:24:56,2024-02-28 18:31:21
9000000519,1000000935,Correo Argentino,CA762347533AR,DELIVERED,2024-02-26 17:01:48,2024-03-01 17:33:46
9000000520,1000000937,Correo Argentino,CA652399525AR,DELIVERED,2024-02-26 18:41:52,2024-02-28 09:38:38
9000000521,1000000938,Correo Argentino,CA803058241AR,DELIVERED,2024-02-26 16:22:18,2024-02-29 15:26:57
9000000522,1000000947,Correo Argentino,CA423526552AR,DELIVERED,2024-02-26 16:10:33,2024-03-01 16:05:21
9000000523,1000000948,Correo Argentino,CA781846818AR,DELIVERED,2024-02-26 18:43:16,2024-02-28 19:50:38
9000000524,1000000950,Correo Argentino,CA958522752AR,DELIVERED,2024-02-26 18:10:46,2024-02-28 19:27:01
9000000525,1000000963,Correo Argentino,CA456092471AR,DELIVERED,2024-02-26 18:53:51,2024-02-28 13:00:17
9000000526,1000000966,Correo Argentino,CA401064091AR,DELIVERED,2024-02-26 16:12:14,2024-02-27 18:36:46
9000000527,1000000968,Correo Argentino,CA758180724AR,DELIVERED,2024-02-26 18:08:59,2024-02-29 17:40:49
9000000528,1000000969,Correo Argentino,CA449442274AR,DELIVERED,2024-02-26 18:38:38,2024-02-29 14:58:55
9000000529,1000000970,Correo Argentino,CA446857832AR,DELIVERED,2024-02-26 18:13:11,2024-02-27 09:56:41
9000000530,1000000971,Correo Argentino,CA302226916AR,DELIVERED,2024-02-26 17:10:00,2024-03-04 19:39:32
9000000531,1000000972,Correo Argentino,CA397844471AR,DELIVERED,2024-02-26 18:07:56,2024-02-28 17:05:39
9000000532,1000000973,Correo Argentino,CA422753439AR,DELIVERED,2024-02-26 18:42:31,2024-02-28 10:54:05
9000000533,1000000974,Correo Argentino,CA894976179AR,DELIVERED,2024-02-26 17:03:00,2024-02-28 14:28:21
9000000534,1000000975,Correo Argentino,CA061034421AR,DELIVERED,2024-02-26 17:16:34,2024-02-28 09:32:20
9000000535,1000000976,Correo Argentino,CA915908376AR,DELIVERED,2024-02-26 17:43:57,2024-02-28 11:20:14
9000000536,1000000977,Correo Argentino,CA435702042AR,DELIVERED,2024-02-26 18:41:31,2024-02-28 16:59:01
9000000537,1000000978,Correo Argentino,CA650023645AR,DELIVERED,2024-02-26 16:43:20,2024-02-28 18:40:00
9000000538,1000000979,Correo Argentino,CA156996609AR,DELIVERED,2024-02-26 17:49:15,2024-02-28 14:22:19
9000000539,1000000981,Correo Argentino,CA783056688AR,DELIVERED,2024-02-26 16:33:55,2024-03-01 16:05:09
9000000540,1000000982,Correo Argentino,CA426580749AR,DELIVERED,2024-02-26 17:02:07,2024-03-01 14:17:39
9000000541,1000000983,Correo Argentino,CA637579861AR,DELIVERED,2024-02-26 16:50:48,2024-02-28 18:15:03
9000000542,1000000984,Correo Argentino,CA679598126AR,DELIVERED,2024-02-26 17:56:16,2024-02-28 13:47:31
9000000543,1000000985,Correo Argentino,CA237141294AR,DELIVERED,2024-02-26 17:33:18,2024-02-27 10:44:53
9000000544,1000000986,Correo Argentino,CA194862489AR,DELIVERED,2024-02-26 16:10:10,2024-02-29 13:48:59
9000000545,1000000988,Correo Argentino,CA927063497AR,DELIVERED,2024-02-26 17:55:00,2024-03-04 10:27:25
9000000546,1000000989,Correo Argentino,CA418345245AR,DELIVERED,2024-02-26 16:31:56,2024-02-27 09:32:58
9000000547,1000000990,Correo Argentino,CA043287084AR,DELIVERED,2024-02-26 18:37:32,2024-02-29 12:20:55
9000000548,1000000993,Correo Argentino,CA968485646AR,DELIVERED,2024-02-27 17:25:22,2024-02-28 12:45:15
9000000549,1000000995,Correo Argentino,CA452285704AR,DELIVERED,2024-02-27 17:24:17,2024-03-04 11:30:50
9000000550,1000000996,Correo Argentino,CA336365848AR,DELIVERED,2024-02-27 18:26:29,2024-03-01 17:32:24
9000000551,1000000997,Correo Argentino,CA856108066AR,DELIVERED,2024-02-27 17:39:51,2024-03-04 18:57:47
9000000552,1000000998,Correo Argentino,CA270624333AR,DELIVERED,2024-02-27 18:11:11,2024-03-04 13:52:04
9000000553,1000001000,Correo Argentino,CA551269677AR,DELIVERED,2024-02-27 17:01:37,2024-03-01 17:25:12
9000000554,1000001001,Correo Argentino,CA979604555AR,DELIVERED,2024-02-27 18:39:26,2024-02-29 14:55:59
9000000555,1000001002,Correo Argentino,CA212975988AR,DELIVERED,2024-02-27 16:24:18,2024-02-29 17:04:15
9000000556,1000001003,Correo Argentino,CA268487796AR,DELIVERED,2024-02-27 17:40:41,2024-03-01 16:38:40
9000000557,1000001004,Correo Argentino,CA287141677AR,DELIVERED,2024-02-27 18:15:19,2024-03-05 10:48:09
9000000558,1000001005,Correo Argentino,CA162218280AR,DELIVERED,2024-02-27 18:02:55,2024-02-29 13:05:31
9000000559,1000001006,Correo Argentino,CA479269996AR,DELIVERED,2024-02-27 17:58:02,2024-02-29 17:38:59
9000000560,1000001007,Correo Argentino,CA635946518AR,DELIVERED,2024-02-27 16:31:59,2024-02-29 19:54:13
9000000561,1000001008,Correo Argentino,CA696328418AR,DELIVERED,2024-02-27 17:57:38,2024-02-29 10:01:39
9000000562,1000001009,Correo Argentino,CA019497842AR,DELIVERED,2024-02-27 17:52:06,2024-03-01 16:17:30
9000000563,1000001010,Correo Argentino,CA526198333AR,DELIVERED,2024-02-27 17:35:26,2024-03-01 09:35:13
9000000564,1000001011,Correo Argentino,CA496954700AR,DELIVERED,2024-02-27 17:22:10,2024-03-04 15:04:21
9000000565,1000001012,Correo Argentino,CA239900601AR,DELIVERED,2024-02-27 17:22:29,2024-03-01 15:06:12
9000000566,1000001013,Correo Argentino,CA051873130AR,DELIVERED,2024-02-27 17:25:12,2024-03-05 16:09:07
9000000567,1000001015,Correo Argentino,CA611311431AR,DELIVERED,2024-02-28 18:23:12,2024-03-01 14:23:53
9000000568,1000001016,Correo Argentino,CA857049905AR,DELIVERED,2024-02-28 16:33:50,2024-03-01 11:38:54
9000000569,1000001017,Correo Argentino,CA655467612AR,DELIVERED,2024-02-28 18:01:12,2024-03-06 10:05:25
9000000570,1000001021,Correo Argentino,CA921463019AR,DELIVERED,2024-02-28 18:49:48,2024-03-04 13:03:07
9000000571,1000001022,Correo Argentino,CA200865491AR,DELIVERED,2024-02-28 17:51:30,2024-03-04 14:07:54
9000000572,1000001023,Correo Argentino,CA258612732AR,DELIVERED,2024-02-28 17:41:41,2024-03-01 19:32:21
9000000573,1000001024,Correo Argentino,CA558303027AR,DELIVERED,2024-02-28 17:13:55,2024-03-05 18:23:50
9000000574,1000001026,Correo Argentino,CA735211519AR,DELIVERED,2024-02-28 18:44:32,2024-03-01 15:43:43
9000000575,1000001027,Correo Argentino,CA192788982AR,DELIVERED,2024-02-28 18:57:01,2024-03-04 15:25:21
9000000576,1000001029,Correo Argentino,CA146879963AR,DELIVERED,2024-02-29 16:34:55,2024-03-04 12:34:41
9000000577,1000001031,Correo Argentino,CA069566330AR,DELIVERED,2024-02-29 16:24:00,2024-03-05 15:55:50
9000000578,1000001033,Correo Argentino,CA898406201AR,DELIVERED,2024-02-29 18:31:52,2024-03-06 17:07:29
9000000579,1000001035,Correo Argentino,CA203470463AR,DELIVERED,2024-02-29 18:11:42,2024-03-06 13:02:10
9000000580,1000001042,Correo Argentino,CA409083565AR,DELIVERED,2024-02-29 17:46:50,2024-03-06 12:47:31
9000000581,1000001045,Correo Argentino,CA599471578AR,DELIVERED,2024-02-29 16:21:27,2024-03-04 10:57:56
9000000582,1000001049,Correo Argentino,CA718560817AR,DELIVERED,2024-02-29 17:49:07,2024-03-01 14:39:01
9000000583,1000001050,Correo Argentino,CA896872772AR,DELIVERED,2024-02-29 16:32:28,2024-03-06 19:44:21
9000000584,1000001051,Correo Argentino,CA637462578AR,DELIVERED,2024-02-29 18:06:46,2024-03-06 19:54:42
9000000585,1000001052,Correo Argentino,CA872780469AR,DELIVERED,2024-02-29 18:13:50,2024-03-04 13:26:58
9000000586,1000001055,Correo Argentino,CA805101472AR,DELIVERED,2024-03-01 17:24:55,2024-03-04 19:28:55
9000000587,1000001056,Correo Argentino,CA628767740AR,DELIVERED,2024-03-01 18:56:11,2024-03-05 13:30:46
9000000588,1000001059,Correo Argentino,CA409340937AR,DELIVERED,2024-03-01 16:26:53,2024-03-04 19:26:32
9000000589,1000001060,Correo Argentino,CA717597561AR,DELIVERED,2024-03-01 17:16:52,2024-03-05 15:54:22
9000000590,1000001061,Correo Argentino,CA943008268AR,DELIVERED,2024-03-01 16:08:39,2024-03-07 18:30:42
9000000591,1000001062,Correo Argentino,CA005210165AR,DELIVERED,2024-03-01 17:20:44,2024-03-04 15:12:13
9000000592,1000001063,Correo Argentino,CA514060906AR,DELIVERED,2024-03-01 16:07:30,2024-03-07 18:07:17
9000000593,1000001064,Correo Argentino,CA456850680AR,DELIVERED,2024-03-01 17:14:44,2024-03-05 11:55:42
9000000594,1000001065,Correo Argentino,CA126443742AR,DELIVERED,2024-03-01 18:21:26,2024-03-06 12:54:27
9000000595,1000001066,Correo Argentino,CA033610460AR,DELIVERED,2024-03-01 17:38:07,2024-03-05 19:30:12
9000000596,1000001070,Correo Argentino,CA066077153AR,DELIVERED,2024-03-04 17:59:01,2024-03-05 11:24:03
9000000597,1000001076,Correo Argentino,CA786341139AR,DELIVERED,2024-03-04 17:52:34,2024-03-06 17:50:29
9000000598,1000001078,Correo Argentino,CA018786558AR,DELIVERED,2024-03-04 17:56:15,2024-03-06 19:52:26
9000000599,1000001079,Correo Argentino,CA699604097AR,DELIVERED,2024-03-04 16:09:32,2024-03-07 19:18:47
9000000600,1000001080,Correo Argentino,CA539349309AR,DELIVERED,2024-03-04 18:09:54,2024-03-06 13:26:45
9000000601,1000001082,Correo Argentino,CA312762641AR,DELIVERED,2024-03-04 16:03:28,2024-03-06 17:42:13
9000000602,1000001086,Correo Argentino,CA704190406AR,DELIVERED,2024-03-04 18:56:51,2024-03-07 11:44:26
9000000603,1000001089,Correo Argentino,CA204634947AR,DELIVERED,2024-03-04 16:21:08,2024-03-06 17:16:24
9000000604,1000001090,Correo Argentino,CA809493769AR,DELIVERED,2024-03-04 17:26:28,2024-03-08 11:27:27
9000000605,1000001092,Correo Argentino,CA869278416AR,DELIVERED,2024-03-04 18:02:44,2024-03-11 10:34:11
9000000606,1000001093,Correo Argentino,CA455028178AR,DELIVERED,2024-03-04 17:40:12,2024-03-05 17:40:44
9000000607,1000001094,Correo Argentino,CA630364851AR,DELIVERED,2024-03-04 17:47:02,2024-03-05 16:46:41
9000000608,1000001095,Correo Argentino,CA423418002AR,DELIVERED,2024-03-04 17:30:12,2024-03-07 09:19:18
9000000609,1000001096,Correo Argentino,CA429785306AR,DELIVERED,2024-03-04 18:15:38,2024-03-05 12:13:13
9000000610,1000001097,Correo Argentino,CA466845449AR,DELIVERED,2024-03-04 16:16:50,2024-03-07 13:17:56
9000000611,1000001099,Correo Argentino,CA299536726AR,DELIVERED,2024-03-04 17:33:28,2024-03-05 19:30:38
9000000612,1000001100,Correo Argentino,CA153518973AR,DELIVERED,2024-03-04 18:13:13,2024-03-06 18:55:00
9000000613,1000001109,Correo Argentino,CA317938101AR,DELIVERED,2024-03-04 18:52:22,2024-03-08 11:53:42
9000000614,1000001111,Correo Argentino,CA071255396AR,DELIVERED,2024-03-04 18:14:49,2024-03-11 12:23:49
9000000615,1000001118,Correo Argentino,CA303024990AR,DELIVERED,2024-03-04 16:17:31,2024-03-06 19:26:05
9000000616,1000001123,Correo Argentino,CA928909624AR,DELIVERED,2024-03-04 16:40:03,2024-03-05 16:45:49
9000000617,1000001124,Correo Argentino,CA516037945AR,DELIVERED,2024-03-04 16:19:16,2024-03-06 15:37:07
9000000618,1000001125,Correo Argentino,CA482255143AR,DELIVERED,2024-03-04 17:00:21,2024-03-07 11:42:40
9000000619,1000001126,Correo Argentino,CA224905001AR,DELIVERED,2024-03-04 16:14:04,2024-03-08 18:59:20
9000000620,1000001127,Correo Argentino,CA706813369AR,DELIVERED,2024-03-04 18:51:32,2024-03-07 18:14:58
9000000621,1000001128,Correo Argentino,CA773375738AR,DELIVERED,2024-03-04 17:17:29,2024-03-06 11:19:13
9000000622,1000001129,Correo Argentino,,CANCELLED,,
9000000623,1000001130,Correo Argentino,CA718759156AR,DELIVERED,2024-03-04 18:28:40,2024-03-05 14:51:49
9000000624,1000001131,Correo Argentino,CA109636796AR,DELIVERED,2024-03-04 18:51:20,2024-03-05 11:06:59
9000000625,1000001132,Correo Argentino,CA273738103AR,DELIVERED,2024-03-04 18:55:59,2024-03-05 09:57:34
9000000626,1000001133,Correo Argentino,CA902129229AR,DELIVERED,2024-03-04 16:35:31,2024-03-08 17:36:51
9000000627,1000001134,Correo Argentino,CA817964927AR,DELIVERED,2024-03-04 18:54:09,2024-03-08 17:17:23
9000000628,1000001135,Correo Argentino,CA697220069AR,DELIVERED,2024-03-04 17:28:14,2024-03-08 12:26:00
9000000629,1000001136,Correo Argentino,CA905216097AR,DELIVERED,2024-03-04 16:44:03,2024-03-05 11:48:21
9000000630,1000001137,Correo Argentino,CA283289828AR,DELIVERED,2024-03-05 17:00:58,2024-03-11 17:09:50
9000000631,1000001138,Correo Argentino,CA393400320AR,DELIVERED,2024-03-04 17:53:40,2024-03-07 17:46:28
9000000632,1000001139,Correo Argentino,CA208860276AR,DELIVERED,2024-03-04 18:19:52,2024-03-05 14:51:16
9000000633,1000001140,Correo Argentino,CA472326627AR,DELIVERED,2024-03-04 16:25:48,2024-03-05 09:27:44
9000000634,1000001141,Correo Argentino,CA635779388AR,DELIVERED,2024-03-04 16:19:56,2024-03-06 11:02:47
9000000635,1000001142,Correo Argentino,CA513395366AR,DELIVERED,2024-03-04 18:01:03,2024-03-08 09:08:56
9000000636,1000001144,Correo Argentino,CA544820700AR,DELIVERED,2024-03-05 18:33:02,2024-03-06 17:39:08
9000000637,1000001145,Correo Argentino,CA228061051AR,DELIVERED,2024-03-05 18:39:22,2024-03-08 10:13:41
9000000638,1000001146,Correo Argentino,,CANCELLED,,
9000000639,1000001148,Correo Argentino,CA548717249AR,DELIVERED,2024-03-05 17:42:45,2024-03-07 17:08:37
9000000640,1000001152,Correo Argentino,CA099346458AR,DELIVERED,2024-03-05 16:58:09,2024-03-11 09:12:34
9000000641,1000001153,Correo Argentino,CA181212690AR,DELIVERED,2024-03-05 17:55:08,2024-03-08 19:09:56
9000000642,1000001154,Correo Argentino,CA861612725AR,DELIVERED,2024-03-05 16:48:31,2024-03-07 11:24:54
9000000643,1000001156,Correo Argentino,CA001866932AR,DELIVERED,2024-03-05 16:00:09,2024-03-08 11:30:31
9000000644,1000001160,Correo Argentino,CA624794463AR,DELIVERED,2024-03-05 17:48:56,2024-03-07 12:48:27
9000000645,1000001161,Correo Argentino,CA033512261AR,DELIVERED,2024-03-05 17:59:03,2024-03-07 11:58:47
9000000646,1000001162,Correo Argentino,CA975923994AR,DELIVERED,2024-03-05 16:17:20,2024-03-07 11:36:06
9000000647,1000001163,Correo Argentino,CA639996466AR,DELIVERED,2024-03-05 17:26:07,2024-03-07 15:16:26
9000000648,1000001165,Correo Argentino,CA573973810AR,DELIVERED,2024-03-05 18:39:24,2024-03-07 10:38:40
9000000649,1000001166,Correo Argentino,CA529811665AR,DELIVERED,2024-03-05 18:13:45,2024-03-07 16:59:54
9000000650,1000001167,Correo Argentino,CA012663677AR,DELIVERED,2024-03-05 18:11:40,2024-03-08 13:16:33
9000000651,1000001170,Correo Argentino,CA670022362AR,DELIVERED,2024-03-06 17:02:25,2024-03-12 17:38:49
9000000652,1000001171,Correo Argentino,CA128311631AR,DELIVERED,2024-03-06 16:08:36,2024-03-13 10:30:58
9000000653,1000001173,Correo Argentino,CA874890787AR,DELIVERED,2024-03-06 16:27:57,2024-03-11 09:58:35
9000000654,1000001175,Correo Argentino,CA569201732AR,DELIVERED,2024-03-06 17:06:43,2024-03-13 16:59:26
9000000655,1000001179,Correo Argentino,CA114785682AR,DELIVERED,2024-03-06 17:42:17,2024-03-07 13:53:58
9000000656,1000001180,Correo Argentino,CA049998184AR,DELIVERED,2024-03-06 16:24:22,2024-03-08 19:39:38
9000000657,1000001181,Correo Argentino,CA112336627AR,DELIVERED,2024-03-06 17:15:32,2024-03-08 19:34:12
9000000658,1000001191,Correo Argentino,CA555289963AR,DELIVERED,2024-03-07 17:21:37,2024-03-08 14:49:13
9000000659,1000001194,Correo Argentino,CA561874471AR,DELIVERED,2024-03-07 18:08:51,2024-03-13 12:35:49
9000000660,1000001198,Correo Argentino,CA721295978AR,DELIVERED,2024-03-07 16:11:46,2024-03-12 09:06:23
9000000661,1000001201,Correo Argentino,CA095356188AR,DELIVERED,2024-03-11 16:29:58,2024-03-13 09:38:19
9000000662,1000001202,Correo Argentino,CA094362760AR,DELIVERED,2024-03-08 18:50:37,2024-03-11 19:41:11
9000000663,1000001209,Correo Argentino,CA823639717AR,DELIVERED,2024-03-08 16:56:40,2024-03-12 16:03:07
9000000664,1000001210,Correo Argentino,CA124415798AR,DELIVERED,2024-03-08 16:12:35,2024-03-14 17:10:01
9000000665,1000001211,Correo Argentino,CA704113926AR,DELIVERED,2024-03-08 17:24:06,2024-03-12 18:28:45
9000000666,1000001215,Correo Argentino,CA073195766AR,DELIVERED,2024-03-08 16:38:41,2024-03-12 10:26:49
9000000667,1000001219,Correo Argentino,CA231678487AR,DELIVERED,2024-03-11 18:43:10,2024-03-14 16:26:58
9000000668,1000001222,Correo Argentino,CA854677237AR,DELIVERED,2024-03-11 16:16:59,2024-03-18 13:40:21
9000000669,1000001223,Correo Argentino,CA045852619AR,DELIVERED,2024-03-11 17:55:54,2024-03-18 15:36:50
9000000670,1000001226,Correo Argentino,CA108206808AR,DELIVERED,2024-03-11 18:20:45,2024-03-13 13:00:48
9000000671,1000001227,Correo Argentino,CA638559578AR,DELIVERED,2024-03-11 17:47:20,2024-03-15 10:58:03
9000000672,1000001228,Correo Argentino,CA244617050AR,DELIVERED,2024-03-11 16:31:04,2024-03-15 11:37:48
9000000673,1000001229,Correo Argentino,CA750116292AR,DELIVERED,2024-03-11 17:44:36,2024-03-13 17:50:11
9000000674,1000001230,Correo Argentino,CA003414959AR,DELIVERED,2024-03-11 18:27:52,2024-03-13 14:51:42
9000000675,1000001231,Correo Argentino,CA437843358AR,DELIVERED,2024-03-11 16:24:41,2024-03-18 12:42:37
9000000676,1000001234,Correo Argentino,CA194719878AR,DELIVERED,2024-03-11 16:40:59,2024-03-13 17:55:06
9000000677,1000001235,Correo Argentino,CA591451145AR,DELIVERED,2024-03-11 17:24:23,2024-03-13 11:28:08
9000000678,1000001236,Correo Argentino,CA647247388AR,DELIVERED,2024-03-11 16:07:33,2024-03-15 15:08:47
9000000679,1000001245,Correo Argentino,CA815361329AR,DELIVERED,2024-03-11 16:50:26,2024-03-12 15:24:36
9000000680,1000001248,Correo Argentino,CA777502043AR,DELIVERED,2024-03-11 16:36:17,2024-03-15 12:57:09
9000000681,1000001250,Correo Argentino,CA933600984AR,DELIVERED,2024-03-11 17:03:34,2024-03-13 09:30:33
9000000682,1000001251,Correo Argentino,CA903298532AR,DELIVERED,2024-03-11 16:00:09,2024-03-15 14:53:48
9000000683,1000001252,Correo Argentino,CA825879165AR,DELIVERED,2024-03-11 18:05:23,2024-03-13 15:11:30
9000000684,1000001253,Correo Argentino,CA180755219AR,DELIVERED,2024-03-13 17:17:49,2024-03-15 13:54:21
9000000685,1000001255,Correo Argentino,CA628063120AR,DELIVERED,2024-03-11 18:25:02,2024-03-13 11:25:36
9000000686,1000001256,Correo Argentino,CA038991358AR,DELIVERED,2024-03-12 16:12:21,2024-03-14 12:34:08
9000000687,1000001257,Correo Argentino,CA729229219AR,DELIVERED,2024-03-11 18:25:36,2024-03-13 19:30:46
9000000688,1000001258,Correo Argentino,CA195820136AR,DELIVERED,2024-03-11 17:04:40,2024-03-15 18:41:03
9000000689,1000001259,Correo Argentino,CA040792631AR,DELIVERED,2024-03-11 18:49:57,2024-03-15 17:52:56
9000000690,1000001262,Correo Argentino,CA457025532AR,DELIVERED,2024-03-11 17:38:43,2024-03-15 10:11:39
9000000691,1000001263,Correo Argentino,CA511425908AR,DELIVERED,2024-03-12 16:28:44,2024-03-15 18:33:02
9000000692,1000001264,Correo Argentino,CA805846407AR,DELIVERED,2024-03-12 18:49:23,2024-03-13 13:33:01
9000000693,1000001266,Correo Argentino,CA226602418AR,DELIVERED,2024-03-12 18:20:41,2024-03-15 15:23:24
9000000694,1000001268,Correo Argentino,CA323287546AR,DELIVERED,2024-03-12 18:14:58,2024-03-15 13:55:49
9000000695,1000001270,Correo Argentino,CA818391127AR,DELIVERED,2024-03-12 18:50:25,2024-03-15 09:49:12
9000000696,1000001271,Correo Argentino,CA085958482AR,DELIVERED,2024-03-12 18:39:18,2024-03-14 14:09:58
9000000697,1000001275,Correo Argentino,CA073376616AR,DELIVERED,2024-03-12 16:09:35,2024-03-14 14:57:30
9000000698,1000001277,Correo Argentino,CA887081964AR,DELIVERED,2024-03-12 17:19:57,2024-03-18 13:04:59
9000000699,1000001279,Correo Argentino,CA552934887AR,DELIVERED,2024-03-13 18:06:47,2024-03-19 14:44:50
9000000700,1000001282,Correo Argentino,CA896914289AR,DELIVERED,2024-03-13 16:14:50,2024-03-15 14:49:37
9000000701,1000001283,Correo Argentino,CA664142708AR,DELIVERED,2024-03-13 18:01:48,2024-03-15 14:52:49
9000000702,1000001284,Correo Argentino,CA364202975AR,DELIVERED,2024-03-13 18:59:17,2024-03-19 13:44:01
9000000703,1000001285,Correo Argentino,CA919573520AR,DELIVERED,2024-03-13 17:46:03,2024-03-15 10:35:15
9000000704,1000001288,Correo Argentino,CA180966661AR,DELIVERED,2024-03-13 18:10:35,2024-03-15 09:24:46
9000000705,1000001289,Correo Argentino,CA095298395AR,DELIVERED,2024-03-13 18:35:54,2024-03-15 13:44:55
9000000706,1000001290,Correo Argentino,CA718451376AR,DELIVERED,2024-03-13 17:16:20,2024-03-15 18:43:21
9000000707,1000001291,Correo Argentino,CA487876044AR,DELIVERED,2024-03-13 16:57:36,2024-03-15 12:15:52
9000000708,1000001293,Correo Argentino,CA159201963AR,DELIVERED,2024-03-13 18:52:38,2024-03-15 19:57:16
9000000709,1000001294,Correo Argentino,CA328407202AR,DELIVERED,2024-03-13 18:17:33,2024-03-15 17:42:32
9000000710,1000001295,Correo Argentino,CA078530229AR,DELIVERED,2024-03-15 17:24:54,2024-03-21 17:21:18
9000000711,1000001296,Correo Argentino,CA233805202AR,DELIVERED,2024-03-14 17:42:23,2024-03-19 16:37:47
9000000712,1000001299,Correo Argentino,CA641275118AR,DELIVERED,2024-03-14 17:55:09,2024-03-20 14:15:39
9000000713,1000001300,Correo Argentino,CA616404858AR,DELIVERED,2024-03-15 16:28:08,2024-03-20 11:10:42
9000000714,1000001303,Correo Argentino,CA504858539AR,DELIVERED,2024-03-14 16:44:31,2024-03-18 09:29:09
9000000715,1000001305,Correo Argentino,CA707930683AR,DELIVERED,2024-03-14 17:40:27,2024-03-18 11:40:36
9000000716,1000001306,Correo Argentino,CA843059831AR,DELIVERED,2024-03-14 18:07:56,2024-03-18 09:06:03
9000000717,1000001307,Correo Argentino,CA392272370AR,DELIVERED,2024-03-14 17:12:50,2024-03-18 15:50:24
9000000718,1000001308,Correo Argentino,CA895267669AR,DELIVERED,2024-03-14 16:11:33,2024-03-19 19:30:29
9000000719,1000001309,Correo Argentino,CA404016455AR,DELIVERED,2024-03-14 18:29:48,2024-03-19 19:03:21
9000000720,1000001310,Correo Argentino,CA967347016AR,DELIVERED,2024-03-14 16:30:03,2024-03-18 12:04:11
9000000721,1000001312,Correo Argentino,CA262378953AR,DELIVERED,2024-03-14 17:33:24,2024-03-19 13:29:56
9000000722,1000001313,Correo Argentino,CA403151649AR,DELIVERED,2024-03-14 16:09:01,2024-03-19 13:29:33
9000000723,1000001329,Correo Argentino,CA264600434AR,DELIVERED,2024-03-18 17:18:48,2024-03-21 12:09:57
9000000724,1000001331,Correo Argentino,CA655715616AR,DELIVERED,2024-03-18 17:07:19,2024-03-20 17:18:55
9000000725,1000001336,Correo Argentino,CA755860016AR,DELIVERED,2024-03-18 18:08:11,2024-03-20 12:11:17
9000000726,1000001337,Correo Argentino,CA792922232AR,DELIVERED,2024-03-18 17:41:05,2024-03-20 17:26:37
9000000727,1000001341,Correo Argentino,CA215313413AR,DELIVERED,2024-03-18 18:37:23,2024-03-21 18:41:27
9000000728,1000001342,Correo Argentino,CA047295688AR,DELIVERED,2024-03-18 16:17:01,2024-03-21 19:45:03
9000000729,1000001350,Correo Argentino,CA797735090AR,DELIVERED,2024-03-18 17:36:09,2024-03-19 16:57:54
9000000730,1000001351,Correo Argentino,CA718932310AR,DELIVERED,2024-03-18 16:31:39,2024-03-22 13:24:03
9000000731,1000001352,Correo Argentino,CA665848756AR,DELIVERED,2024-03-18 18:01:59,2024-03-21 17:05:53
9000000732,1000001353,Correo Argentino,CA974023584AR,DELIVERED,2024-03-18 18:54:44,2024-03-19 11:29:18
9000000733,1000001354,Correo Argentino,CA313598430AR,DELIVERED,2024-03-18 17:17:53,2024-03-20 14:51:41
9000000734,1000001355,Correo Argentino,CA642578152AR,DELIVERED,2024-03-18 16:51:02,2024-03-20 16:28:37
9000000735,1000001356,Correo Argentino,CA961881588AR,DELIVERED,2024-03-18 16:04:58,2024-03-19 18:12:56
9000000736,1000001357,Correo Argentino,CA317833291AR,DELIVERED,2024-03-18 18:43:20,2024-03-19 17:57:22
9000000737,1000001358,Correo Argentino,CA892241414AR,DELIVERED,2024-03-18 16:26:47,2024-03-21 18:50:29
9000000738,1000001362,Correo Argentino,CA718811639AR,DELIVERED,2024-03-18 17:11:37,2024-03-20 13:55:51
9000000739,1000001364,Correo Argentino,CA404223312AR,DELIVERED,2024-03-18 16:08:56,2024-03-19 17:54:36
9000000740,1000001368,Correo Argentino,CA110588975AR,DELIVERED,2024-03-19 17:40:41,2024-03-20 16:10:47
9000000741,1000001369,Correo Argentino,CA489250726AR,DELIVERED,2024-03-19 17:28:30,2024-03-20 09:00:26
9000000742,1000001370,Correo Argentino,CA803702244AR,DELIVERED,2024-03-19 18:19:51,2024-03-22 12:19:23
9000000743,1000001371,Correo Argentino,CA744033690AR,DELIVERED,2024-03-19 16:08:11,2024-03-21 15:30:41
9000000744,1000001373,Correo Argentino,CA221904828AR,DELIVERED,2024-03-19 16:55:09,2024-03-22 13:19:13
9000000745,1000001376,Correo Argentino,CA638807366AR,DELIVERED,2024-03-19 18:40:45,2024-03-22 13:09:03
9000000746,1000001377,Correo Argentino,CA655454522AR,DELIVERED,2024-03-19 16:36:27,2024-03-25 11:02:16
9000000747,1000001378,Correo Argentino,CA857343747AR,DELIVERED,2024-03-19 18:27:00,2024-03-21 11:04:08
9000000748,1000001384,Correo Argentino,CA241976357AR,DELIVERED,2024-03-20 17:45:26,2024-03-27 19:34:58
9000000749,1000001386,Correo Argentino,CA839531293AR,DELIVERED,2024-03-20 16:18:43,2024-03-27 10:02:32
9000000750,1000001388,Correo Argentino,CA038340444AR,DELIVERED,2024-03-20 18:14:32,2024-03-25 15:19:11
9000000751,1000001389,Correo Argentino,CA151449249AR,DELIVERED,2024-03-20 16:59:59,2024-03-22 16:31:17
9000000752,1000001394,Correo Argentino,CA954500336AR,DELIVERED,2024-03-20 17:26:44,2024-03-25 11:12:43
9000000753,1000001395,Correo Argentino,CA642262431AR,DELIVERED,2024-03-20 17:07:02,2024-03-21 19:33:41
9000000754,1000001396,Correo Argentino,CA802564752AR,DELIVERED,2024-03-20 16:49:53,2024-03-21 17:58:08
9000000755,1000001397,Correo Argentino,CA936989889AR,DELIVERED,2024-03-20 18:57:52,2024-03-25 12:35:39
9000000756,1000001398,Correo Argentino,CA087062429AR,DELIVERED,2024-03-20 16:00:36,2024-03-25 14:28:51
9000000757,1000001399,Correo Argentino,CA891082372AR,DELIVERED,2024-03-20 16:54:32,2024-03-21 17:37:17
9000000758,1000001401,Correo Argentino,CA284194445AR,DELIVERED,2024-03-20 18:57:11,2024-03-27 12:49:23
9000000759,1000001404,Correo Argentino,CA696515087AR,DELIVERED,2024-03-21 17:53:58,2024-03-26 11:29:50
9000000760,1000001406,Correo Argentino,CA047323132AR,DELIVERED,2024-03-25 16:33:10,2024-03-28 18:15:32
9000000761,1000001414,Correo Argentino,CA634945311AR,DELIVERED,2024-03-21 17:10:31,2024-03-25 18:42:43
9000000762,1000001415,Correo Argentino,CA175649026AR,DELIVERED,2024-03-21 16:04:32,2024-03-27 16:57:31
9000000763,1000001416,Correo Argentino,CA532402318AR,DELIVERED,2024-03-21 18:33:42,2024-03-26 09:43:48
9000000764,1000001417,Correo Argentino,CA274909160AR,DELIVERED,2024-03-21 17:38:29,2024-03-26 18:18:41
9000000765,1000001418,Correo Argentino,CA650566235AR,DELIVERED,2024-03-21 16:06:25,2024-03-28 13:19:36
9000000766,1000001419,Correo Argentino,CA607964767AR,DELIVERED,2024-03-21 16:57:03,2024-03-27 09:44:19
9000000767,1000001422,Correo Argentino,CA455354507AR,DELIVERED,2024-03-21 16:21:59,2024-03-27 10:32:00
9000000768,1000001423,Correo Argentino,CA103436950AR,DELIVERED,2024-03-22 18:44:09,2024-03-25 18:48:58
9000000769,1000001425,Correo Argentino,CA763959962AR,DELIVERED,2024-03-22 17:17:01,2024-03-25 14:05:13
9000000770,1000001430,Correo Argentino,CA351113357AR,DELIVERED,2024-03-22 18:30:46,2024-03-26 14:33:25
9000000771,1000001431,Correo Argentino,CA446407660AR,DELIVERED,2024-03-22 17:49:56,2024-03-26 14:19:48
9000000772,1000001432,Correo Argentino,CA896047423AR,DELIVERED,2024-03-25 18:56:34,2024-03-29 09:21:00
9000000773,1000001433,Correo Argentino,CA837681095AR,DELIVERED,2024-03-22 17:27:54,2024-03-26 09:50:27
9000000774,1000001434,Correo Argentino,CA976847447AR,DELIVERED,2024-03-22 16:07:46,2024-03-28 14:40:01
9000000775,1000001435,Correo Argentino,CA999369042AR,DELIVERED,2024-03-22 16:39:21,2024-03-28 10:45:14
9000000776,1000001439,Correo Argentino,CA694390796AR,DELIVERED,2024-03-25 16:13:18,2024-03-26 09:56:21
9000000777,1000001441,Correo Argentino,CA686528304AR,DELIVERED,2024-03-25 18:34:24,2024-03-27 09:36:10
9000000778,1000001443,Correo Argentino,CA887122963AR,DELIVERED,2024-03-25 18:56:04,2024-03-27 10:50:44
9000000779,1000001444,Correo Argentino,CA551687060AR,DELIVERED,2024-03-25 16:37:43,2024-03-29 15:19:36
9000000780,1000001445,Correo Argentino,CA602041765AR,DELIVERED,2024-03-25 16:20:16,2024-03-27 11:37:35
9000000781,1000001446,Correo Argentino,CA888755569AR,DELIVERED,2024-03-25 18:29:03,2024-03-28 09:52:36
9000000782,1000001448,Correo Argentino,CA535779491AR,DELIVERED,2024-03-25 17:10:10,2024-03-27 17:46:32
9000000783,1000001451,Correo Argentino,CA606309052AR,DELIVERED,2024-03-25 18:27:31,2024-03-28 19:32:45
9000000784,1000001456,Correo Argentino,CA708700565AR,DELIVERED,2024-03-25 16:34:22,2024-03-28 12:03:18
9000000785,1000001457,Correo Argentino,CA580765634AR,DELIVERED,2024-03-25 17:02:40,2024-03-29 15:24:52
9000000786,1000001458,Correo Argentino,CA036759431AR,DELIVERED,2024-03-25 18:52:30,2024-03-28 13:29:23
9000000787,1000001461,Correo Argentino,CA424563738AR,DELIVERED,2024-03-25 18:20:47,2024-03-28 13:19:03
9000000788,1000001462,Correo Argentino,CA566842704AR,DELIVERED,2024-03-25 18:00:33,2024-03-26 18:35:30
9000000789,1000001464,Correo Argentino,,CANCELLED,,
9000000790,1000001465,Correo Argentino,CA899204080AR,DELIVERED,2024-03-25 17:36:42,2024-03-28 12:33:38
9000000791,1000001466,Correo Argentino,CA984106487AR,DELIVERED,2024-03-25 16:50:15,2024-03-27 09:43:31
9000000792,1000001467,Correo Argentino,CA378029561AR,DELIVERED,2024-03-25 17:00:02,2024-03-28 14:32:48
9000000793,1000001468,Correo Argentino,CA633050992AR,DELIVERED,2024-03-25 17:17:46,2024-03-28 18:00:53
9000000794,1000001469,Correo Argentino,,CANCELLED,,
9000000795,1000001470,Correo Argentino,CA674205015AR,DELIVERED,2024-03-25 16:06:39,2024-03-29 09:21:26
9000000796,1000001471,Correo Argentino,CA584752992AR,DELIVERED,2024-03-25 16:24:40,2024-03-28 12:41:48
9000000797,1000001472,Correo Argentino,CA102606403AR,DELIVERED,2024-03-25 16:57:09,2024-03-29 15:13:13
9000000798,1000001473,Correo Argentino,CA230407876AR,DELIVERED,2024-03-25 17:38:59,2024-03-27 10:23:13
9000000799,1000001474,Correo Argentino,CA584090526AR,DELIVERED,2024-03-25 17:37:50,2024-03-29 19:04:53
9000000800,1000001475,Correo Argentino,CA989576429AR,DELIVERED,2024-03-25 18:46:53,2024-03-28 17:42:21
9000000801,1000001476,Correo Argentino,CA188210289AR,DELIVERED,2024-03-25 18:45:05,2024-03-27 14:28:29
9000000802,1000001477,Correo Argentino,CA478544172AR,DELIVERED,2024-03-25 16:21:47,2024-03-26 18:25:24
9000000803,1000001479,Correo Argentino,CA059667035AR,DELIVERED,2024-03-26 16:08:16,2024-03-29 10:12:49
9000000804,1000001480,Correo Argentino,CA482041810AR,DELIVERED,2024-03-26 17:34:53,2024-03-28 16:50:57
9000000805,1000001481,Correo Argentino,CA209897982AR,DELIVERED,2024-03-26 18:28:17,2024-03-28 18:17:15
9000000806,1000001485,Correo Argentino,CA332813615AR,DELIVERED,2024-03-26 18:31:24,2024-03-27 09:45:40
9000000807,1000001486,Correo Argentino,CA586081755AR,DELIVERED,2024-03-26 16:26:50,2024-03-29 14:41:09
9000000808,1000001488,Correo Argentino,CA344581034AR,DELIVERED,2024-03-26 16:12:23,2024-04-01 11:59:39
9000000809,1000001489,Correo Argentino,CA611282903AR,DELIVERED,2024-03-27 18:54:23,2024-03-29 11:32:07
9000000810,1000001492,Correo Argentino,CA196409730AR,DELIVERED,2024-03-27 18:53:57,2024-03-29 09:20:50
9000000811,1000001493,Correo Argentino,CA544019259AR,DELIVERED,2024-03-27 16:27:39,2024-04-01 09:20:26
9000000812,1000001494,Correo Argentino,CA160680809AR,DELIVERED,2024-03-27 16:15:54,2024-03-28 18:31:25
9000000813,1000001495,Correo Argentino,CA768225909AR,DELIVERED,2024-03-27 16:55:39,2024-03-28 16:10:03
9000000814,1000001497,Correo Argentino,CA198677957AR,DELIVERED,2024-03-27 18:49:15,2024-04-03 10:23:34
9000000815,1000001498,Correo Argentino,CA527454920AR,DELIVERED,2024-03-27 16:46:27,2024-04-02 15:12:47
9000000816,1000001499,Correo Argentino,CA196926105AR,DELIVERED,2024-03-27 17:07:19,2024-03-29 11:58:40
9000000817,1000001500,Correo Argentino,CA740048663AR,DELIVERED,2024-03-29 18:46:40,2024-04-02 11:13:27
9000000818,1000001501,Correo Argentino,CA875586572AR,DELIVERED,2024-03-27 17:47:46,2024-03-29 11:37:05
9000000819,1000001502,Correo Argentino,CA891941539AR,DELIVERED,2024-03-27 18:44:34,2024-04-01 15:31:33
9000000820,1000001503,Correo Argentino,CA040152769AR,DELIVERED,2024-03-27 18:58:58,2024-04-01 11:50:43
9000000821,1000001505,Correo Argentino,CA393538423AR,DELIVERED,2024-03-27 16:52:16,2024-04-02 12:00:59
9000000822,1000001507,Correo Argentino,CA839157914AR,DELIVERED,2024-03-27 17:49:43,2024-03-29 19:21:42
9000000823,1000001508,Correo Argentino,CA546749545AR,DELIVERED,2024-03-27 16:51:50,2024-04-03 16:02:00
9000000824,1000001509,Correo Argentino,,CANCELLED,,
9000000825,1000001510,Correo Argentino,CA013564036AR,DELIVERED,2024-03-27 16:20:15,2024-03-28 15:56:42
9000000826,1000001512,Correo Argentino,CA694031732AR,DELIVERED,2024-03-27 18:01:53,2024-04-02 09:00:28
9000000827,1000001515,Correo Argentino,CA432963152AR,DELIVERED,2024-03-28 17:59:08,2024-03-29 16:20:24
9000000828,1000001517,Correo Argentino,CA935937881AR,DELIVERED,2024-03-28 18:38:50,2024-04-01 17:40:03
9000000829,1000001519,Correo Argentino,CA541067564AR,DELIVERED,2024-03-28 18:12:27,2024-04-02 11:25:01
9000000830,1000001521,Correo Argentino,CA004941013AR,DELIVERED,2024-03-28 16:14:25,2024-04-02 12:24:59
9000000831,1000001523,Correo Argentino,CA765870664AR,DELIVERED,2024-03-28 16:05:36,2024-04-01 16:26:24
9000000832,1000001524,Correo Argentino,CA040679265AR,DELIVERED,2024-03-28 17:05:28,2024-04-03 18:01:28
9000000833,1000001525,Correo Argentino,CA348094456AR,DELIVERED,2024-03-28 17:35:52,2024-04-03 18:02:16
9000000834,1000001526,Correo Argentino,CA760919812AR,DELIVERED,2024-03-28 18:57:55,2024-04-01 15:18:52
9000000835,1000001527,Correo Argentino,CA471287681AR,DELIVERED,2024-03-28 17:17:55,2024-04-02 14:13:24
9000000836,1000001528,Correo Argentino,CA835928654AR,DELIVERED,2024-03-28 16:47:27,2024-04-01 09:52:16
9000000837,1000001532,Correo Argentino,CA755840971AR,DELIVERED,2024-03-29 18:40:14,2024-04-03 11:03:31
9000000838,1000001533,Correo Argentino,CA694188672AR,DELIVERED,2024-03-29 16:37:19,2024-04-05 12:42:15
9000000839,1000001535,Correo Argentino,CA622066334AR,DELIVERED,2024-03-29 17:55:18,2024-04-02 13:45:13
9000000840,1000001536,Correo Argentino,CA309584733AR,DELIVERED,2024-03-29 17:27:34,2024-04-02 09:45:04
9000000841,1000001538,Correo Argentino,CA792753763AR,DELIVERED,2024-03-29 16:53:05,2024-04-03 17:04:18
9000000842,1000001539,Correo Argentino,CA673162968AR,DELIVERED,2024-03-29 17:14:17,2024-04-01 16:41:10
9000000843,1000001540,Correo Argentino,CA788456589AR,DELIVERED,2024-03-29 16:33:35,2024-04-04 15:31:46
9000000844,1000001541,Correo Argentino,CA081208543AR,DELIVERED,2024-03-29 17:08:02,2024-04-02 19:14:55
9000000845,1000001544,Correo Argentino,CA610389553AR,DELIVERED,2024-03-29 16:06:14,2024-04-01 15:13:02
9000000846,1000001547,Correo Argentino,CA641603761AR,DELIVERED,2024-04-01 16:55:09,2024-04-05 11:08:13
9000000847,1000001555,Correo Argentino,CA776742558AR,DELIVERED,2024-04-01 18:44:29,2024-04-03 19:23:03
9000000848,1000001556,Correo Argentino,CA880317154AR,DELIVERED,2024-04-01 17:33:03,2024-04-04 09:53:27
9000000849,1000001557,Correo Argentino,CA389255720AR,DELIVERED,2024-04-01 17:56:14,2024-04-02 18:26:22
9000000850,1000001558,Correo Argentino,CA679627550AR,DELIVERED,2024-04-01 18:03:49,2024-04-03 11:56:15
9000000851,1000001563,Correo Argentino,CA419460534AR,DELIVERED,2024-04-01 16:28:43,2024-04-02 15:56:11
9000000852,1000001564,Correo Argentino,CA348839839AR,DELIVERED,2024-04-01 18:22:06,2024-04-04 15:17:57
9000000853,1000001567,Correo Argentino,CA610545335AR,DELIVERED,2024-04-01 18:03:26,2024-04-02 12:17:56
9000000854,1000001569,Correo Argentino,CA780862815AR,DELIVERED,2024-04-01 16:17:58,2024-04-03 10:18:22
9000000855,1000001570,Correo Argentino,CA311290791AR,DELIVERED,2024-04-01 18:01:23,2024-04-03 13:10:54
9000000856,1000001572,Correo Argentino,CA122213148AR,DELIVERED,2024-04-01 18:51:00,2024-04-04 18:53:18
9000000857,1000001573,Correo Argentino,CA029306069AR,DELIVERED,2024-04-01 18:46:02,2024-04-08 09:59:36
9000000858,1000001574,Correo Argentino,CA509249188AR,DELIVERED,2024-04-01 17:16:10,2024-04-03 12:04:20
9000000859,1000001575,Correo Argentino,CA362257451AR,DELIVERED,2024-04-01 16:22:08,2024-04-03 12:05:02
9000000860,1000001576,Correo Argentino,CA862237134AR,DELIVERED,2024-04-01 17:34:12,2024-04-03 14:51:37
9000000861,1000001577,Correo Argentino,CA827038610AR,DELIVERED,2024-04-01 18:22:01,2024-04-03 13:29:43
9000000862,1000001578,Correo Argentino,CA662420725AR,DELIVERED,2024-04-01 18:34:26,2024-04-04 17:33:57
9000000863,1000001579,Correo Argentino,CA119341754AR,DELIVERED,2024-04-01 18:46:06,2024-04-05 11:59:42
9000000864,1000001580,Correo Argentino,CA129238822AR,DELIVERED,2024-04-01 17:34:02,2024-04-05 15:16:14
9000000865,1000001581,Correo Argentino,CA804180515AR,DELIVERED,2024-04-01 18:43:09,2024-04-04 16:40:50
9000000866,1000001582,Correo Argentino,CA902345081AR,DELIVERED,2024-04-01 18:22:52,2024-04-04 12:58:21
9000000867,1000001583,Correo Argentino,CA254544811AR,DELIVERED,2024-04-01 18:17:14,2024-04-03 10:21:53
9000000868,1000001584,Correo Argentino,CA409676658AR,DELIVERED,2024-04-01 16:30:02,2024-04-03 14:48:07
9000000869,1000001585,Correo Argentino,CA928997009AR,DELIVERED,2024-04-01 17:35:17,2024-04-02 11:36:35
9000000870,1000001586,Correo Argentino,CA807585007AR,DELIVERED,2024-04-01 16:22:49,2024-04-03 14:28:25
9000000871,1000001588,Correo Argentino,CA790290174AR,DELIVERED,2024-04-01 17:11:13,2024-04-02 18:47:47
9000000872,1000001589,Correo Argentino,CA384364885AR,DELIVERED,2024-04-01 17:56:17,2024-04-03 11:02:56
9000000873,1000001590,Correo Argentino,CA080894353AR,DELIVERED,2024-04-01 16:23:31,2024-04-05 15:38:14
9000000874,1000001591,Correo Argentino,CA608857327AR,DELIVERED,2024-04-01 16:21:53,2024-04-04 14:39:42
9000000875,1000001593,Correo Argentino,CA140641168AR,DELIVERED,2024-04-01 18:12:47,2024-04-03 19:51:07
9000000876,1000001594,Correo Argentino,CA199234017AR,DELIVERED,2024-04-01 17:51:27,2024-04-04 18:21:36
9000000877,1000001595,Correo Argentino,CA645629674AR,DELIVERED,2024-04-01 17:40:37,2024-04-03 10:51:34
9000000878,1000001596,Correo Argentino,CA350729115AR,DELIVERED,2024-04-01 18:49:34,2024-04-04 13:40:30
9000000879,1000001599,Correo Argentino,CA910412714AR,DELIVERED,2024-04-02 17:32:32,2024-04-05 18:26:11
9000000880,1000001600,Correo Argentino,CA389128981AR,DELIVERED,2024-04-02 16:08:37,2024-04-05 11:04:25
9000000881,1000001602,Correo Argentino,CA455466467AR,DELIVERED,2024-04-02 17:52:38,2024-04-04 15:56:19
9000000882,1000001603,Correo Argentino,CA612454340AR,DELIVERED,2024-04-02 16:14:09,2024-04-03 10:41:36
9000000883,1000001606,Correo Argentino,CA590135881AR,DELIVERED,2024-04-02 18:25:08,2024-04-03 19:32:48
9000000884,1000001609,Correo Argentino,CA291274214AR,DELIVERED,2024-04-02 17:18:09,2024-04-05 17:24:40
9000000885,1000001611,Correo Argentino,CA209282901AR,DELIVERED,2024-04-02 18:36:46,2024-04-04 09:33:09
9000000886,1000001612,Correo Argentino,CA465211959AR,DELIVERED,2024-04-02 16:59:26,2024-04-05 18:54:39
9000000887,1000001614,Correo Argentino,CA444478319AR,DELIVERED,2024-04-02 16:04:21,2024-04-04 15:55:51
9000000888,1000001615,Correo Argentino,CA061936417AR,DELIVERED,2024-04-03 18:14:25,2024-04-08 18:40:09
9000000889,1000001620,Correo Argentino,CA648643175AR,DELIVERED,2024-04-03 18:54:06,2024-04-05 19:46:04
9000000890,1000001621,Correo Argentino,CA231492457AR,DELIVERED,2024-04-03 18:21:41,2024-04-05 12:35:33
9000000891,1000001622,Correo Argentino,CA989990092AR,DELIVERED,2024-04-03 17:11:06,2024-04-04 11:49:23
9000000892,1000001623,Correo Argentino,CA407063186AR,DELIVERED,2024-04-03 18:26:42,2024-04-04 17:16:37
9000000893,1000001624,Correo Argentino,CA217166447AR,DELIVERED,2024-04-03 17:38:33,2024-04-04 12:45:09
9000000894,1000001625,Correo Argentino,CA812310117AR,DELIVERED,2024-04-03 16:54:56,2024-04-09 12:24:54
9000000895,1000001627,Correo Argentino,CA282759308AR,DELIVERED,2024-04-08 17:47:16,2024-04-10 18:43:51
9000000896,1000001628,Correo Argentino,,CANCELLED,,
9000000897,1000001630,Correo Argentino,CA087030991AR,DELIVERED,2024-04-04 18:36:04,2024-04-05 14:31:17
9000000898,1000001631,Correo Argentino,CA184319805AR,DELIVERED,2024-04-04 16:25:48,2024-04-08 14:24:59
9000000899,1000001633,Correo Argentino,CA745493235AR,DELIVERED,2024-04-04 16:52:12,2024-04-05 17:47:55
9000000900,1000001634,Correo Argentino,CA865114355AR,DELIVERED,2024-04-04 16:10:17,2024-04-05 17:04:50
9000000901,1000001635,Correo Argentino,CA201988020AR,DELIVERED,2024-04-04 17:33:06,2024-04-08 12:44:48
9000000902,1000001636,Correo Argentino,CA397324145AR,DELIVERED,2024-04-05 18:46:01,2024-04-10 17:46:19
9000000903,1000001637,Correo Argentino,CA904019283AR,DELIVERED,2024-04-04 18:33:59,2024-04-08 12:09:54
9000000904,1000001638,Correo Argentino,CA224771958AR,DELIVERED,2024-04-04 17:28:05,2024-04-05 11:39:37
9000000905,1000001640,Correo Argentino,CA548229203AR,DELIVERED,2024-04-04 17:08:29,2024-04-09 12:05:49
9000000906,1000001641,Correo Argentino,CA115550449AR,DELIVERED,2024-04-05 17:31:21,2024-04-11 12:17:08
9000000907,1000001645,Correo Argentino,CA761618746AR,DELIVERED,2024-04-05 16:49:16,2024-04-10 17:06:40
9000000908,1000001648,Correo Argentino,CA034225722AR,DELIVERED,2024-04-05 16:51:49,2024-04-09 11:00:03
9000000909,1000001649,Correo Argentino,CA163154601AR,DELIVERED,2024-04-05 17:04:22,2024-04-11 10:29:34
9000000910,1000001651,Correo Argentino,CA317669798AR,DELIVERED,2024-04-05 18:03:04,2024-04-10 15:54:00
9000000911,1000001652,Correo Argentino,CA106080719AR,DELIVERED,2024-04-05 18:17:41,2024-04-11 16:45:04
9000000912,1000001653,Correo Argentino,CA873477205AR,DELIVERED,2024-04-05 18:18:46,2024-04-10 19:18:22
9000000913,1000001654,Correo Argentino,CA401875070AR,DELIVERED,2024-04-05 16:43:21,2024-04-12 14:45:08
9000000914,1000001655,Correo Argentino,CA626467334AR,DELIVERED,2024-04-05 18:15:12,2024-04-10 17:06:15
9000000915,1000001658,Correo Argentino,CA470367155AR,DELIVERED,2024-04-08 17:34:16,2024-04-15 14:42:36
9000000916,1000001659,Correo Argentino,CA609199159AR,DELIVERED,2024-04-08 18:09:29,2024-04-12 13:38:07
9000000917,1000001666,Correo Argentino,CA713856410AR,DELIVERED,2024-04-08 17:33:22,2024-04-11 11:46:44
9000000918,1000001667,Correo Argentino,CA993089585AR,DELIVERED,2024-04-08 18:24:53,2024-04-10 12:06:29
9000000919,1000001668,Correo Argentino,CA216269251AR,DELIVERED,2024-04-08 17:59:47,2024-04-11 10:58:43
9000000920,1000001669,Correo Argentino,CA553385179AR,DELIVERED,2024-04-08 16:39:17,2024-04-10 14:38:30
9000000921,1000001670,Correo Argentino,CA989043577AR,DELIVERED,2024-04-08 16:52:22,2024-04-10 16:31:58
9000000922,1000001671,Correo Argentino,CA759620199AR,DELIVERED,2024-04-08 16:24:16,2024-04-10 16:05:37
9000000923,1000001674,Correo Argentino,CA733608024AR,DELIVERED,2024-04-08 16:52:57,2024-04-09 13:19:38
9000000924,1000001675,Correo Argentino,CA291245620AR,DELIVERED,2024-04-08 17:57:46,2024-04-12 17:37:47
9000000925,1000001686,Correo Argentino,CA519289603AR,DELIVERED,2024-04-08 16:16:11,2024-04-09 09:33:15
9000000926,1000001693,Correo Argentino,CA311004470AR,DELIVERED,2024-04-08 16:31:58,2024-04-10 12:08:02
9000000927,1000001694,Correo Argentino,CA073077595AR,DELIVERED,2024-04-08 16:48:08,2024-04-11 15:34:24
9000000928,1000001696,Correo Argentino,CA215251809AR,DELIVERED,2024-04-08 18:38:04,2024-04-10 09:32:09
9000000929,1000001697,Correo Argentino,CA923492763AR,DELIVERED,2024-04-08 18:06:28,2024-04-11 10:57:17
9000000930,1000001698,Correo Argentino,CA919773774AR,DELIVERED,2024-04-08 16:14:10,2024-04-12 17:54:57
9000000931,1000001699,Correo Argentino,CA733740672AR,DELIVERED,2024-04-08 17:51:34,2024-04-11 19:29:30
9000000932,1000001700,Correo Argentino,CA582814509AR,DELIVERED,2024-04-08 16:17:15,2024-04-11 17:01:49
9000000933,1000001701,Correo Argentino,CA065368117AR,DELIVERED,2024-04-08 17:44:35,2024-04-15 19:25:29
9000000934,1000001702,Correo Argentino,CA489926228AR,DELIVERED,2024-04-08 17:43:57,2024-04-12 11:08:19
9000000935,1000001703,Correo Argentino,CA246633799AR,DELIVERED,2024-04-08 18:43:30,2024-04-11 13:50:03
9000000936,1000001704,Correo Argentino,,CANCELLED,,
9000000937,1000001705,Correo Argentino,CA568039057AR,DELIVERED,2024-04-08 16:47:52,2024-04-12 14:13:00
9000000938,1000001706,Correo Argentino,CA675703077AR,DELIVERED,2024-04-08 18:13:44,2024-04-11 18:31:10
9000000939,1000001707,Correo Argentino,CA559133235AR,DELIVERED,2024-04-08 16:17:06,2024-04-09 09:09:18
9000000940,1000001708,Correo Argentino,CA696785723AR,DELIVERED,2024-04-08 16:33:03,2024-04-09 10:22:10
9000000941,1000001709,Correo Argentino,CA019581366AR,DELIVERED,2024-04-08 18:31:51,2024-04-11 12:12:50
9000000942,1000001710,Correo Argentino,CA314632018AR,DELIVERED,2024-04-08 17:22:54,2024-04-10 17:30:54
9000000943,1000001719,Correo Argentino,CA719464117AR,DELIVERED,2024-04-09 18:32:15,2024-04-10 14:31:19
9000000944,1000001721,Correo Argentino,CA152773728AR,DELIVERED,2024-04-09 17:20:06,2024-04-11 09:45:06
9000000945,1000001722,Correo Argentino,CA210757347AR,DELIVERED,2024-04-09 18:38:53,2024-04-12 13:17:22
9000000946,1000001724,Correo Argentino,CA785108287AR,DELIVERED,2024-04-09 18:10:21,2024-04-11 19:18:35
9000000947,1000001725,Correo Argentino,CA078270956AR,DELIVERED,2024-04-09 18:22:33,2024-04-15 18:17:38
9000000948,1000001726,Correo Argentino,CA326225542AR,DELIVERED,2024-04-09 18:26:02,2024-04-16 19:16:14
9000000949,1000001727,Correo Argentino,CA951413036AR,DELIVERED,2024-04-09 17:13:42,2024-04-11 13:49:51
9000000950,1000001728,Correo Argentino,CA088264587AR,DELIVERED,2024-04-09 16:28:52,2024-04-10 18:51:34
9000000951,1000001729,Correo Argentino,CA439625866AR,DELIVERED,2024-04-09 18:17:29,2024-04-12 12:19:38
9000000952,1000001730,Correo Argentino,CA111198787AR,DELIVERED,2024-04-09 18:38:34,2024-04-11 16:16:38
9000000953,1000001731,Correo Argentino,CA666434890AR,DELIVERED,2024-04-09 18:06:57,2024-04-11 11:51:32
9000000954,1000001735,Correo Argentino,CA324370592AR,DELIVERED,2024-04-10 18:10:25,2024-04-11 16:10:49
9000000955,1000001736,Correo Argentino,CA737755333AR,DELIVERED,2024-04-10 16:41:58,2024-04-17 14:30:31
9000000956,1000001737,Correo Argentino,CA008724315AR,DELIVERED,2024-04-10 18:11:38,2024-04-16 13:21:00
9000000957,1000001738,Correo Argentino,CA247793641AR,DELIVERED,2024-04-10 18:56:44,2024-04-15 19:32:45
9000000958,1000001739,Correo Argentino,CA506465271AR,DELIVERED,2024-04-10 16:26:24,2024-04-15 17:08:46
9000000959,1000001740,Correo Argentino,CA242871114AR,DELIVERED,2024-04-10 16:04:22,2024-04-11 15:03:31
9000000960,1000001741,Correo Argentino,CA130308213AR,DELIVERED,2024-04-10 16:53:44,2024-04-15 17:29:55
9000000961,1000001742,Correo Argentino,CA881694916AR,DELIVERED,2024-04-11 18:14:45,2024-04-17 14:39:26
9000000962,1000001743,Correo Argentino,CA976119747AR,DELIVERED,2024-04-10 18:46:20,2024-04-15 10:52:00
9000000963,1000001745,Correo Argentino,CA277411620AR,DELIVERED,2024-04-10 18:55:07,2024-04-12 16:19:57
9000000964,1000001746,Correo Argentino,CA630730001AR,DELIVERED,2024-04-10 18:39:28,2024-04-11 11:03:47
9000000965,1000001748,Correo Argentino,CA020604477AR,DELIVERED,2024-04-10 16:19:31,2024-04-12 19:56:30
9000000966,1000001749,Correo Argentino,CA828242482AR,DELIVERED,2024-04-10 17:14:45,2024-04-12 14:11:53
9000000967,1000001750,Correo Argentino,CA202713509AR,DELIVERED,2024-04-10 16:10:45,2024-04-15 19:21:47
9000000968,1000001751,Correo Argentino,CA999600179AR,DELIVERED,2024-04-10 17:59:00,2024-04-12 19:15:43
9000000969,1000001752,Correo Argentino,CA048266643AR,DELIVERED,2024-04-10 17:25:32,2024-04-12 19:08:04
9000000970,1000001755,Correo Argentino,CA435710369AR,DELIVERED,2024-04-11 17:23:36,2024-04-17 09:11:30
9000000971,1000001756,Correo Argentino,CA924816652AR,DELIVERED,2024-04-11 17:16:37,2024-04-15 12:49:02
9000000972,1000001757,Correo Argentino,CA570820138AR,DELIVERED,2024-04-11 17:37:00,2024-04-16 13:11:11
9000000973,1000001758,Correo Argentino,CA478442051AR,DELIVERED,2024-04-11 16:16:15,2024-04-16 13:18:15
9000000974,1000001763,Correo Argentino,CA539076504AR,DELIVERED,2024-04-11 16:15:28,2024-04-15 15:08:14
9000000975,1000001764,Correo Argentino,CA154099872AR,DELIVERED,2024-04-11 16:35:25,2024-04-17 09:02:12
9000000976,1000001765,Correo Argentino,CA246822575AR,DELIVERED,2024-04-11 17:32:48,2024-04-15 10:56:51
9000000977,1000001766,Correo Argentino,CA158642715AR,DELIVERED,2024-04-11 17:19:29,2024-04-16 11:43:04
9000000978,1000001767,Correo Argentino,CA261096998AR,DELIVERED,2024-04-11 18:38:02,2024-04-16 17:01:01
9000000979,1000001768,Correo Argentino,CA214257342AR,DELIVERED,2024-04-11 16:06:44,2024-04-16 10:41:00
9000000980,1000001769,Correo Argentino,CA483472351AR,DELIVERED,2024-04-11 17:30:38,2024-04-15 16:17:18
9000000981,1000001770,Correo Argentino,CA395365183AR,DELIVERED,2024-04-11 16:52:26,2024-04-16 17:34:43
9000000982,1000001771,Correo Argentino,CA681477367AR,DELIVERED,2024-04-11 18:18:22,2024-04-15 10:13:40
9000000983,1000001772,Correo Argentino,CA435056993AR,DELIVERED,2024-04-11 17:53:19,2024-04-16 09:05:06
9000000984,1000001773,Correo Argentino,CA765150317AR,DELIVERED,2024-04-11 16:42:23,2024-04-15 15:00:22
9000000985,1000001778,Correo Argentino,CA886794387AR,DELIVERED,2024-04-12 18:15:49,2024-04-17 09:55:58
9000000986,1000001779,Correo Argentino,CA107545297AR,DELIVERED,2024-04-12 18:13:53,2024-04-17 19:52:00
9000000987,1000001780,Correo Argentino,CA436654614AR,DELIVERED,2024-04-12 16:34:18,2024-04-17 16:31:18
9000000988,1000001782,Correo Argentino,CA490530430AR,DELIVERED,2024-04-12 16:49:37,2024-04-18 18:45:11
9000000989,1000001783,Correo Argentino,CA080350502AR,DELIVERED,2024-04-12 18:44:23,2024-04-17 18:24:22
9000000990,1000001784,Correo Argentino,CA757896401AR,DELIVERED,2024-04-15 16:58:22,2024-04-18 12:11:45
9000000991,1000001787,Correo Argentino,CA354424516AR,DELIVERED,2024-04-15 17:41:34,2024-04-16 12:09:29
9000000992,1000001794,Correo Argentino,CA767337607AR,DELIVERED,2024-04-15 18:18:15,2024-04-19 09:11:35
9000000993,1000001796,Correo Argentino,CA073306517AR,DELIVERED,2024-04-15 17:21:05,2024-04-17 11:21:01
9000000994,1000001797,Correo Argentino,CA397494147AR,DELIVERED,2024-04-15 18:44:25,2024-04-16 17:28:46
9000000995,1000001798,Correo Argentino,CA631072628AR,DELIVERED,2024-04-15 18:52:20,2024-04-17 16:31:50
9000000996,1000001801,Correo Argentino,CA726427259AR,DELIVERED,2024-04-15 17:35:11,2024-04-16 16:55:50
9000000997,1000001807,Correo Argentino,CA206310064AR,DELIVERED,2024-04-15 17:53:16,2024-04-17 17:33:09
9000000998,1000001808,Correo Argentino,CA190456135AR,DELIVERED,2024-04-15 18:09:53,2024-04-17 13:30:56
9000000999,1000001809,Correo Argentino,CA503922927AR,DELIVERED,2024-04-15 17:25:34,2024-04-19 14:56:28
9000001000,1000001810,Correo Argentino,CA358078708AR,DELIVERED,2024-04-15 18:08:40,2024-04-16 09:08:04
9000001001,1000001811,Correo Argentino,CA883606979AR,DELIVERED,2024-04-15 16:20:06,2024-04-17 12:57:14
9000001002,1000001812,Correo Argentino,CA295278255AR,DELIVERED,2024-04-15 18:48:09,2024-04-18 13:00:53
9000001003,1000001814,Correo Argentino,CA923833899AR,DELIVERED,2024-04-15 16:31:03,2024-04-19 09:16:04
9000001004,1000001815,Correo Argentino,CA600941226AR,DELIVERED,2024-04-15 16:22:50,2024-04-18 13:17:16
9000001005,1000001816,Correo Argentino,CA393524505AR,DELIVERED,2024-04-15 17:32:03,2024-04-16 13:50:27
9000001006,1000001817,Correo Argentino,CA182596618AR,DELIVERED,2024-04-15 16:50:31,2024-04-18 19:16:33
9000001007,1000001818,Correo Argentino,CA116397033AR,DELIVERED,2024-04-15 18:23:04,2024-04-18 18:16:08
9000001008,1000001819,Correo Argentino,CA114650926AR,DELIVERED,2024-04-15 18:15:33,2024-04-19 13:16:36
9000001009,1000001820,Correo Argentino,CA917129106AR,DELIVERED,2024-04-15 18:19:00,2024-04-19 15:22:23
9000001010,1000001821,Correo Argentino,CA277970803AR,DELIVERED,2024-04-15 18:04:35,2024-04-16 18:26:04
9000001011,1000001822,Correo Argentino,CA365372628AR,DELIVERED,2024-04-15 18:45:05,2024-04-18 16:31:47
9000001012,1000001823,Correo Argentino,CA169936708AR,DELIVERED,2024-04-16 18:50:43,2024-04-19 17:36:03
9000001013,1000001829,Correo Argentino,CA199701437AR,DELIVERED,2024-04-16 16:49:42,2024-04-19 10:55:34
9000001014,1000001830,Correo Argentino,CA839444264AR,DELIVERED,2024-04-16 16:34:02,2024-04-18 19:35:04
9000001015,1000001831,Correo Argentino,CA767426854AR,DELIVERED,2024-04-16 17:21:05,2024-04-22 18:01:57
9000001016,1000001832,Correo Argentino,CA243387588AR,DELIVERED,2024-04-17 16:52:39,2024-04-23 19:57:57
9000001017,1000001837,Correo Argentino,CA731756172AR,DELIVERED,2024-04-17 18:41:11,2024-04-19 19:23:42
9000001018,1000001839,Correo Argentino,CA836478753AR,DELIVERED,2024-04-17 18:23:16,2024-04-22 16:19:05
9000001019,1000001841,Correo Argentino,CA998734018AR,DELIVERED,2024-04-17 16:48:06,2024-04-23 09:57:24
9000001020,1000001845,Correo Argentino,CA056907631AR,DELIVERED,2024-04-17 18:36:55,2024-04-22 09:03:17
9000001021,1000001846,Correo Argentino,CA183879080AR,DELIVERED,2024-04-17 18:36:30,2024-04-19 09:48:57
9000001022,1000001852,Correo Argentino,CA286087259AR,DELIVERED,2024-04-18 18:40:53,2024-04-22 16:06:10
9000001023,1000001853,Correo Argentino,CA462214460AR,DELIVERED,2024-04-18 17:14:02,2024-04-22 10:26:58
9000001024,1000001858,Correo Argentino,CA638171348AR,DELIVERED,2024-04-18 16:39:08,2024-04-22 19:02:52
9000001025,1000001861,Correo Argentino,CA519910837AR,DELIVERED,2024-04-18 17:42:06,2024-04-25 09:57:25
9000001026,1000001862,Correo Argentino,CA324793621AR,DELIVERED,2024-04-18 16:10:08,2024-04-22 09:52:02
9000001027,1000001863,Correo Argentino,CA866093698AR,DELIVERED,2024-04-18 18:13:35,2024-04-19 16:43:47
9000001028,1000001864,Correo Argentino,CA486175909AR,DELIVERED,2024-04-18 18:08:38,2024-04-22 16:11:10
9000001029,1000001865,Correo Argentino,CA791264915AR,DELIVERED,2024-04-18 17:06:58,2024-04-24 14:42:25
9000001030,1000001867,Correo Argentino,CA801029107AR,DELIVERED,2024-04-19 18:18:54,2024-04-24 14:24:10
9000001031,1000001868,Correo Argentino,CA333904404AR,DELIVERED,2024-04-19 18:16:54,2024-04-25 19:39:17
9000001032,1000001872,Correo Argentino,CA928804130AR,DELIVERED,2024-04-19 17:22:46,2024-04-23 12:08:15
9000001033,1000001873,Correo Argentino,CA943700541AR,DELIVERED,2024-04-19 18:06:04,2024-04-26 13:39:17
9000001034,1000001874,Correo Argentino,CA445567199AR,DELIVERED,2024-04-19 16:30:34,2024-04-22 10:59:04
9000001035,1000001878,Correo Argentino,CA117683555AR,DELIVERED,2024-04-22 17:19:22,2024-04-24 10:30:26
9000001036,1000001880,Correo Argentino,CA120461580AR,DELIVERED,2024-04-22 17:01:15,2024-04-24 15:52:32
9000001037,1000001881,Correo Argentino,CA680487386AR,DELIVERED,2024-04-22 17:20:19,2024-04-23 18:48:59
9000001038,1000001884,Correo Argentino,CA652211922AR,DELIVERED,2024-04-22 16:09:30,2024-04-29 12:57:20
9000001039,1000001891,Correo Argentino,CA073867015AR,DELIVERED,2024-04-22 16:26:17,2024-04-24 12:09:39
9000001040,1000001893,Correo Argentino,CA923861329AR,DELIVERED,2024-04-22 16:16:57,2024-04-29 15:54:32
9000001041,1000001904,Correo Argentino,CA303331191AR,DELIVERED,2024-04-22 16:38:02,2024-04-24 15:03:32
9000001042,1000001905,Correo Argentino,CA143264330AR,DELIVERED,2024-04-22 18:26:36,2024-04-25 18:23:18
9000001043,1000001906,Correo Argentino,CA352335951AR,DELIVERED,2024-04-22 16:27:28,2024-04-24 14:54:49
9000001044,1000001907,Correo Argentino,CA769748176AR,DELIVERED,2024-04-22 18:14:05,2024-04-26 13:44:02
9000001045,1000001908,Correo Argentino,CA530781634AR,DELIVERED,2024-04-22 17:30:50,2024-04-26 16:53:30
9000001046,1000001909,Correo Argentino,CA744948676AR,DELIVERED,2024-04-22 18:02:33,2024-04-25 12:26:31
9000001047,1000001910,Correo Argentino,CA073997473AR,DELIVERED,2024-04-22 18:54:44,2024-04-25 11:20:24
9000001048,1000001911,Correo Argentino,CA090313694AR,DELIVERED,2024-04-22 18:37:46,2024-04-25 14:02:44
9000001049,1000001912,Correo Argentino,CA734563752AR,DELIVERED,2024-04-22 17:21:33,2024-04-24 19:07:19
9000001050,1000001913,Correo Argentino,CA594390196AR,DELIVERED,2024-04-22 16:43:15,2024-04-24 13:17:47
9000001051,1000001914,Correo Argentino,,CANCELLED,,
9000001052,1000001915,Correo Argentino,CA815069768AR,DELIVERED,2024-04-22 16:06:16,2024-04-26 15:44:05
9000001053,1000001921,Correo Argentino,CA706663894AR,DELIVERED,2024-04-23 17:31:24,2024-04-25 19:04:17
9000001054,1000001922,Correo Argentino,CA497148281AR,DELIVERED,2024-04-23 17:39:00,2024-04-24 09:57:20
9000001055,1000001924,Correo Argentino,CA581729693AR,DELIVERED,2024-04-23 16:56:06,2024-04-26 11:57:12
9000001056,1000001926,Correo Argentino,CA962095133AR,DELIVERED,2024-04-23 18:15:32,2024-04-25 17:55:04
9000001057,1000001927,Correo Argentino,CA380739106AR,DELIVERED,2024-04-23 16:09:57,2024-04-26 10:18:14
9000001058,1000001928,Correo Argentino,CA610929941AR,DELIVERED,2024-04-23 18:46:39,2024-04-29 15:50:41
9000001059,1000001929,Correo Argentino,CA630680549AR,DELIVERED,2024-04-23 17:54:59,2024-04-24 12:09:36
9000001060,1000001930,Correo Argentino,CA064212696AR,DELIVERED,2024-04-23 16:20:53,2024-04-30 14:31:19
9000001061,1000001931,Correo Argentino,CA757827886AR,DELIVERED,2024-04-23 16:00:02,2024-04-26 16:40:04
9000001062,1000001932,Correo Argentino,CA380064247AR,DELIVERED,2024-04-23 18:03:20,2024-04-26 17:03:09
9000001063,1000001933,Correo Argentino,CA126745426AR,DELIVERED,2024-04-23 17:07:38,2024-04-26 09:18:29
9000001064,1000001934,Correo Argentino,CA386780595AR,DELIVERED,2024-04-23 17:13:24,2024-04-30 12:33:29
9000001065,1000001935,Correo Argentino,CA188416310AR,DELIVERED,2024-04-23 18:39:11,2024-04-25 10:55:33
9000001066,1000001938,Correo Argentino,CA311813587AR,DELIVERED,2024-04-24 17:59:13,2024-04-26 11:02:28
9000001067,1000001941,Correo Argentino,CA041348411AR,DELIVERED,2024-04-24 18:58:59,2024-04-26 19:12:19
9000001068,1000001944,Correo Argentino,CA190210265AR,DELIVERED,2024-04-24 17:01:50,2024-04-26 19:53:54
9000001069,1000001945,Correo Argentino,CA218393416AR,DELIVERED,2024-04-24 17:04:41,2024-04-26 12:19:37
9000001070,1000001946,Correo Argentino,CA468426874AR,DELIVERED,2024-04-24 16:14:25,2024-04-30 09:53:28
9000001071,1000001948,Correo Argentino,CA641833559AR,DELIVERED,2024-04-24 17:43:03,2024-04-26 18:13:25
9000001072,1000001949,Correo Argentino,CA700004366AR,DELIVERED,2024-04-24 18:42:09,2024-04-26 15:05:34
9000001073,1000001950,Correo Argentino,CA366798733AR,DELIVERED,2024-04-24 17:30:44,2024-04-30 10:43:40
9000001074,1000001951,Correo Argentino,CA311052384AR,DELIVERED,2024-04-24 16:12:24,2024-04-25 09:42:21
9000001075,1000001952,Correo Argentino,CA808051496AR,DELIVERED,2024-04-24 17:20:43,2024-04-30 09:35:23
9000001076,1000001953,Correo Argentino,,CANCELLED,,
9000001077,1000001957,Correo Argentino,CA762232897AR,DELIVERED,2024-04-25 17:46:08,2024-05-02 13:02:15
9000001078,1000001960,Correo Argentino,CA893329111AR,DELIVERED,2024-04-25 18:57:24,2024-04-29 16:23:01
9000001079,1000001961,Correo Argentino,CA257729539AR,DELIVERED,2024-04-25 17:12:26,2024-04-30 12:01:20
9000001080,1000001963,Correo Argentino,CA606437909AR,DELIVERED,2024-04-25 16:21:48,2024-04-30 16:12:11
9000001081,1000001965,Correo Argentino,CA861575721AR,DELIVERED,2024-04-25 17:45:04,2024-05-03 16:25:15
9000001082,1000001967,Correo Argentino,CA364984674AR,DELIVERED,2024-04-25 18:24:20,2024-05-02 09:39:07
9000001083,1000001968,Correo Argentino,CA916352472AR,DELIVERED,2024-04-25 16:42:31,2024-04-30 19:27:39
9000001084,1000001969,Correo Argentino,CA918186169AR,DELIVERED,2024-04-25 17:49:19,2024-04-30 17:06:54
9000001085,1000001972,Correo Argentino,CA557114209AR,DELIVERED,2024-04-26 18:01:50,2024-05-02 10:22:33
9000001086,1000001977,Correo Argentino,CA061550648AR,DELIVERED,2024-04-26 17:19:48,2024-05-06 17:17:59
9000001087,1000001978,Correo Argentino,CA551122991AR,DELIVERED,2024-04-26 16:08:49,2024-05-03 19:56:40
9000001088,1000001982,Correo Argentino,CA559352226AR,DELIVERED,2024-04-26 16:40:34,2024-05-02 18:00:45
9000001089,1000001983,Correo Argentino,CA042920872AR,DELIVERED,2024-04-26 17:04:47,2024-05-03 13:33:19
9000001090,1000001985,Correo Argentino,CA413425502AR,DELIVERED,2024-04-26 18:13:55,2024-05-03 15:32:08
9000001091,1000001986,Correo Argentino,CA539654966AR,DELIVERED,2024-04-26 17:32:10,2024-04-30 10:33:09
9000001092,1000001990,Correo Argentino,CA222336968AR,DELIVERED,2024-04-29 17:02:00,2024-04-30 17:56:19
9000001093,1000001991,Correo Argentino,CA192094267AR,DELIVERED,2024-04-29 18:58:36,2024-05-06 10:10:22
9000001094,1000001992,Correo Argentino,CA485074420AR,DELIVERED,2024-04-29 16:09:35,2024-05-07 11:07:48
9000001095,1000001996,Correo Argentino,CA156006212AR,DELIVERED,2024-04-29 17:23:24,2024-05-03 09:47:00
9000001096,1000001997,Correo Argentino,CA917640507AR,DELIVERED,2024-04-29 17:38:09,2024-05-02 16:50:37
9000001097,1000001998,Correo Argentino,CA838145768AR,DELIVERED,2024-04-29 16:40:18,2024-05-06 12:54:55
9000001098,1000002001,Correo Argentino,CA449307123AR,DELIVERED,2024-04-29 18:06:12,2024-04-30 13:40:36
9000001099,1000002003,Correo Argentino,CA936092600AR,DELIVERED,2024-04-29 17:51:17,2024-05-02 18:54:42
9000001100,1000002004,Correo Argentino,CA622908128AR,DELIVERED,2024-04-29 18:08:00,2024-05-02 17:11:44
9000001101,1000002005,Correo Argentino,CA229396958AR,DELIVERED,2024-04-29 16:40:58,2024-05-02 11:38:31
9000001102,1000002006,Correo Argentino,CA992718569AR,DELIVERED,2024-04-29 18:16:18,2024-05-06 18:46:34
9000001103,1000002009,Correo Argentino,CA491782002AR,DELIVERED,2024-04-29 16:05:03,2024-04-30 18:34:34
9000001104,1000002014,Correo Argentino,CA815310049AR,DELIVERED,2024-04-29 17:55:03,2024-05-03 16:53:43
9000001105,1000002015,Correo Argentino,CA267775017AR,DELIVERED,2024-04-29 17:19:12,2024-05-06 14:49:47
9000001106,1000002016,Correo Argentino,CA740483452AR,DELIVERED,2024-04-29 17:59:31,2024-05-02 13:22:16
9000001107,1000002017,Correo Argentino,CA767013336AR,DELIVERED,2024-04-29 16:13:33,2024-04-30 16:24:09
9000001108,1000002018,Correo Argentino,CA827739380AR,DELIVERED,2024-04-29 16:31:53,2024-04-30 12:25:52
9000001109,1000002019,Correo Argentino,CA909002052AR,DELIVERED,2024-04-29 16:09:14,2024-05-03 15:03:53
9000001110,1000002020,Correo Argentino,CA193136756AR,DELIVERED,2024-04-29 17:19:51,2024-05-06 18:07:21
9000001111,1000002021,Correo Argentino,CA850980345AR,DELIVERED,2024-04-29 18:51:49,2024-05-02 13:05:37
9000001112,1000002022,Correo Argentino,CA913410802AR,DELIVERED,2024-04-29 17:31:47,2024-05-03 13:59:01
9000001113,1000002023,Correo Argentino,CA419203215AR,DELIVERED,2024-04-29 17:46:49,2024-05-03 13:34:16
9000001114,1000002024,Correo Argentino,CA175597647AR,DELIVERED,2024-04-29 17:33:03,2024-05-02 13:10:51
9000001115,1000002025,Correo Argentino,CA386655450AR,DELIVERED,2024-04-29 16:18:18,2024-05-07 14:36:52
9000001116,1000002026,Correo Argentino,CA224635559AR,DELIVERED,2024-04-30 18:44:53,2024-05-06 17:44:04
9000001117,1000002028,Correo Argentino,CA616780273AR,DELIVERED,2024-04-29 17:36:53,2024-05-03 14:29:41
9000001118,1000002029,Correo Argentino,CA768267771AR,DELIVERED,2024-04-29 16:40:43,2024-05-02 19:12:23
9000001119,1000002030,Correo Argentino,CA010188219AR,DELIVERED,2024-04-30 17:35:17,2024-05-06 15:48:49
9000001120,1000002031,Correo Argentino,CA865364783AR,DELIVERED,2024-04-30 18:25:01,2024-05-02 16:06:09
9000001121,1000002033,Correo Argentino,CA007718452AR,DELIVERED,2024-04-30 17:11:43,2024-05-02 12:34:00
9000001122,1000002035,Correo Argentino,CA826185605AR,DELIVERED,2024-04-30 16:29:17,2024-05-03 18:02:06
9000001123,1000002039,Correo Argentino,CA846858151AR,DELIVERED,2024-04-30 16:13:46,2024-05-02 10:16:39
9000001124,1000002040,Correo Argentino,CA697291632AR,DELIVERED,2024-04-30 17:59:37,2024-05-03 18:04:37
9000001125,1000002041,Correo Argentino,CA436840830AR,DELIVERED,2024-04-30 16:44:52,2024-05-06 11:20:25
9000001126,1000002042,Correo Argentino,CA600871539AR,DELIVERED,2024-04-30 18:42:34,2024-05-02 17:17:52
9000001127,1000002043,Correo Argentino,CA884304283AR,DELIVERED,2024-05-02 18:39:31,2024-05-07 16:37:33
9000001128,1000002045,Correo Argentino,CA706871879AR,DELIVERED,2024-05-02 17:47:58,2024-05-07 11:42:10
9000001129,1000002046,Correo Argentino,CA372693632AR,DELIVERED,2024-05-02 16:21:55,2024-05-08 19:54:52
9000001130,1000002047,Correo Argentino,CA571996174AR,DELIVERED,2024-05-02 16:08:07,2024-05-08 10:03:04
9000001131,1000002048,Correo Argentino,CA325975842AR,DELIVERED,2024-05-02 17:13:06,2024-05-06 12:23:52
9000001132,1000002051,Correo Argentino,CA762280824AR,DELIVERED,2024-05-02 18:13:13,2024-05-03 16:58:54
9000001133,1000002054,Correo Argentino,CA849373614AR,DELIVERED,2024-05-02 16:55:42,2024-05-08 12:42:01
9000001134,1000002055,Correo Argentino,CA044578701AR,DELIVERED,2024-05-02 16:00:04,2024-05-06 15:29:22
9000001135,1000002056,Correo Argentino,CA574638698AR,DELIVERED,2024-05-02 16:16:53,2024-05-06 09:52:43
9000001136,1000002057,Correo Argentino,CA654335736AR,DELIVERED,2024-05-02 16:33:39,2024-05-07 19:22:46
9000001137,1000002058,Correo Argentino,CA629265417AR,DELIVERED,2024-05-02 16:27:59,2024-05-08 15:37:19
9000001138,1000002059,Correo Argentino,CA227376455AR,DELIVERED,2024-05-02 18:01:30,2024-05-06 09:46:06
9000001139,1000002060,Correo Argentino,CA909276010AR,DELIVERED,2024-05-02 18:56:07,2024-05-09 13:59:00
9000001140,1000002061,Correo Argentino,CA357400269AR,DELIVERED,2024-05-02 17:15:01,2024-05-06 15:04:20
9000001141,1000002062,Correo Argentino,CA607470876AR,DELIVERED,2024-05-02 16:32:54,2024-05-06 14:32:39
9000001142,1000002065,Correo Argentino,CA439655986AR,DELIVERED,2024-05-02 18:24:51,2024-05-03 13:13:28
9000001143,1000002066,Correo Argentino,CA696838804AR,DELIVERED,2024-05-03 17:43:55,2024-05-07 17:11:58
9000001144,1000002067,Correo Argentino,CA536840772AR,DELIVERED,2024-05-02 16:01:58,2024-05-06 14:43:10
9000001145,1000002068,Correo Argentino,CA833596361AR,DELIVERED,2024-05-02 18:30:49,2024-05-06 09:08:15
9000001146,1000002073,Correo Argentino,CA344317867AR,DELIVERED,2024-05-03 17:42:16,2024-05-07 09:02:53
9000001147,1000002074,Correo Argentino,,CANCELLED,,
9000001148,1000002076,Correo Argentino,,CANCELLED,,
9000001149,1000002077,Correo Argentino,CA057961586AR,DELIVERED,2024-05-03 18:32:15,2024-05-07 13:30:24
9000001150,1000002079,Correo Argentino,CA956497735AR,DELIVERED,2024-05-03 16:56:15,2024-05-06 17:35:45
9000001151,1000002080,Correo Argentino,CA159181769AR,DELIVERED,2024-05-03 16:54:36,2024-05-08 16:06:00
9000001152,1000002081,Correo Argentino,CA304197270AR,DELIVERED,2024-05-03 17:23:47,2024-05-07 19:49:15
9000001153,1000002086,Correo Argentino,CA535860370AR,DELIVERED,2024-05-03 18:32:06,2024-05-06 17:21:18
9000001154,1000002087,Correo Argentino,CA538250386AR,DELIVERED,2024-05-03 16:13:33,2024-05-06 09:38:48
9000001155,1000002088,Correo Argentino,CA608627111AR,DELIVERED,2024-05-03 18:56:08,2024-05-09 16:37:05
9000001156,1000002091,Correo Argentino,CA678023442AR,DELIVERED,2024-05-06 17:39:07,2024-05-08 09:14:06
9000001157,1000002099,Correo Argentino,CA248908308AR,DELIVERED,2024-05-06 18:46:07,2024-05-09 11:04:05
9000001158,1000002100,Correo Argentino,CA758532660AR,DELIVERED,2024-05-06 16:28:00,2024-05-08 16:47:07
9000001159,1000002104,Correo Argentino,CA332833525AR,DELIVERED,2024-05-06 16:20:11,2024-05-08 12:02:34
9000001160,1000002106,Correo Argentino,CA349332890AR,DELIVERED,2024-05-06 16:11:58,2024-05-08 11:18:09
9000001161,1000002107,Correo Argentino,CA608296733AR,DELIVERED,2024-05-06 16:37:10,2024-05-10 14:39:57
9000001162,1000002108,Correo Argentino,CA769884232AR,DELIVERED,2024-05-06 17:22:52,2024-05-10 17:19:54
9000001163,1000002109,Correo Argentino,CA431649047AR,DELIVERED,2024-05-06 17:53:01,2024-05-07 18:08:42
9000001164,1000002110,Correo Argentino,CA741265240AR,DELIVERED,2024-05-06 17:15:53,2024-05-08 10:50:07
9000001165,1000002111,Correo Argentino,CA007477048AR,DELIVERED,2024-05-06 18:10:57,2024-05-08 12:54:44
9000001166,1000002112,Correo Argentino,CA338451123AR,DELIVERED,2024-05-06 16:00:07,2024-05-08 16:25:51
9000001167,1000002113,Correo Argentino,CA614418694AR,DELIVERED,2024-05-06 17:43:57,2024-05-10 14:09:27
9000001168,1000002114,Correo Argentino,CA731031201AR,DELIVERED,2024-05-06 17:37:23,2024-05-09 09:55:47
9000001169,1000002116,Correo Argentino,CA120308661AR,DELIVERED,2024-05-06 17:10:53,2024-05-08 16:55:10
9000001170,1000002117,Correo Argentino,CA999320646AR,DELIVERED,2024-05-06 16:30:00,2024-05-08 17:41:35
9000001171,1000002122,Correo Argentino,CA719091624AR,DELIVERED,2024-05-07 16:17:23,2024-05-08 19:38:30
9000001172,1000002123,Correo Argentino,CA006362367AR,DELIVERED,2024-05-07 17:36:52,2024-05-08 19:14:46
9000001173,1000002124,Correo Argentino,CA136491044AR,DELIVERED,2024-05-07 17:41:55,2024-05-09 19:38:56
9000001174,1000002125,Correo Argentino,CA542667460AR,DELIVERED,2024-05-07 16:42:12,2024-05-09 09:36:53
9000001175,1000002126,Correo Argentino,,CANCELLED,,
9000001176,1000002127,Correo Argentino,CA972648047AR,DELIVERED,2024-05-07 18:35:01,2024-05-09 12:05:34
9000001177,1000002128,Correo Argentino,CA345900899AR,DELIVERED,2024-05-07 17:58:16,2024-05-09 16:43:59
9000001178,1000002129,Correo Argentino,CA417847556AR,DELIVERED,2024-05-07 16:39:58,2024-05-13 18:16:15
9000001179,1000002130,Correo Argentino,CA320801328AR,DELIVERED,2024-05-07 16:50:40,2024-05-13 17:41:11
9000001180,1000002132,Correo Argentino,CA932222185AR,DELIVERED,2024-05-07 17:12:31,2024-05-10 12:01:49
9000001181,1000002133,Correo Argentino,CA874242695AR,DELIVERED,2024-05-08 17:31:09,2024-05-14 12:38:24
9000001182,1000002137,Correo Argentino,CA196050855AR,DELIVERED,2024-05-08 18:43:21,2024-05-09 10:42:06
9000001183,1000002140,Correo Argentino,CA824703120AR,DELIVERED,2024-05-08 17:53:35,2024-05-10 16:28:01
9000001184,1000002142,Correo Argentino,CA114384412AR,DELIVERED,2024-05-08 18:05:43,2024-05-10 10:33:22
9000001185,1000002143,Correo Argentino,CA847687105AR,DELIVERED,2024-05-08 16:42:09,2024-05-10 14:49:43
9000001186,1000002144,Correo Argentino,CA259095241AR,DELIVERED,2024-05-08 17:47:06,2024-05-13 11:45:01
9000001187,1000002145,Correo Argentino,CA383005247AR,DELIVERED,2024-05-08 18:43:44,2024-05-13 10:58:48
9000001188,1000002146,Correo Argentino,CA370889924AR,DELIVERED,2024-05-08 18:03:29,2024-05-10 12:56:41
9000001189,1000002147,Correo Argentino,CA547497544AR,DELIVERED,2024-05-08 17:15:03,2024-05-10 11:28:33
9000001190,1000002148,Correo Argentino,CA763624797AR,DELIVERED,2024-05-08 18:07:30,2024-05-14 09:05:29
9000001191,1000002150,Correo Argentino,CA224592053AR,DELIVERED,2024-05-09 17:07:22,2024-05-10 18:30:52
9000001192,1000002152,Correo Argentino,CA475628558AR,DELIVERED,2024-05-09 17:35:37,2024-05-10 18:35:11
9000001193,1000002155,Correo Argentino,CA353646771AR,DELIVERED,2024-05-09 18:31:01,2024-05-10 12:00:55
9000001194,1000002158,Correo Argentino,CA655767533AR,DELIVERED,2024-05-09 18:31:53,2024-05-15 18:17:51
9000001195,1000002159,Correo Argentino,CA553199549AR,DELIVERED,2024-05-09 17:56:16,2024-05-13 12:06:57
9000001196,1000002160,Correo Argentino,CA877482635AR,DELIVERED,2024-05-09 18:34:15,2024-05-13 14:01:28
9000001197,1000002165,Correo Argentino,CA912738253AR,DELIVERED,2024-05-10 18:20:16,2024-05-14 09:59:43
9000001198,1000002168,Correo Argentino,CA608109039AR,DELIVERED,2024-05-10 17:33:06,2024-05-15 09:58:25
9000001199,1000002170,Correo Argentino,CA888599790AR,DELIVERED,2024-05-10 17:01:52,2024-05-14 18:51:06
9000001200,1000002171,Correo Argentino,CA929849320AR,DELIVERED,2024-05-10 17:49:37,2024-05-14 14:51:51
9000001201,1000002174,Correo Argentino,CA216066673AR,DELIVERED,2024-05-13 18:19:33,2024-05-20 15:40:58
9000001202,1000002177,Correo Argentino,CA805255528AR,DELIVERED,2024-05-13 16:04:51,2024-05-15 14:36:12
9000001203,1000002180,Correo Argentino,CA698734341AR,DELIVERED,2024-05-13 16:33:13,2024-05-21 19:44:43
9000001204,1000002182,Correo Argentino,CA225140279AR,DELIVERED,2024-05-13 18:54:34,2024-05-20 11:23:22
9000001205,1000002184,Correo Argentino,CA601168716AR,DELIVERED,2024-05-13 18:08:48,2024-05-17 12:48:57
9000001206,1000002185,Correo Argentino,CA403320204AR,DELIVERED,2024-05-13 17:39:58,2024-05-20 10:22:32
9000001207,1000002186,Correo Argentino,CA345529739AR,DELIVERED,2024-05-13 16:14:35,2024-05-17 18:44:02
9000001208,1000002201,Correo Argentino,CA329725893AR,DELIVERED,2024-05-13 18:04:32,2024-05-16 13:50:08
9000001209,1000002202,Correo Argentino,CA126797865AR,DELIVERED,2024-05-13 18:50:29,2024-05-16 09:57:55
9000001210,1000002203,Correo Argentino,CA407618882AR,DELIVERED,2024-05-13 18:28:11,2024-05-21 12:21:17
9000001211,1000002204,Correo Argentino,CA681661348AR,DELIVERED,2024-05-13 17:45:29,2024-05-16 12:11:59
9000001212,1000002205,Correo Argentino,CA555449635AR,DELIVERED,2024-05-13 16:59:36,2024-05-16 13:48:40
9000001213,1000002206,Correo Argentino,CA933355564AR,DELIVERED,2024-05-13 18:37:53,2024-05-17 11:13:42
9000001214,1000002207,Correo Argentino,CA044070675AR,DELIVERED,2024-05-13 18:19:38,2024-05-15 18:38:03
9000001215,1000002208,Correo Argentino,CA678748934AR,DELIVERED,2024-05-13 17:17:57,2024-05-16 09:15:15
9000001216,1000002209,Correo Argentino,CA939483999AR,DELIVERED,2024-05-13 16:39:53,2024-05-20 09:28:23
9000001217,1000002211,Correo Argentino,CA588282634AR,DELIVERED,2024-05-13 16:15:51,2024-05-20 13:07:35
9000001218,1000002212,Correo Argentino,CA883724243AR,DELIVERED,2024-05-13 17:48:26,2024-05-17 19:51:15
9000001219,1000002213,Correo Argentino,CA836845899AR,DELIVERED,2024-05-13 16:47:04,2024-05-17 16:20:46
9000001220,1000002214,Correo Argentino,CA245924424AR,DELIVERED,2024-05-13 16:30:51,2024-05-17 16:50:40
9000001221,1000002215,Correo Argentino,CA822460492AR,DELIVERED,2024-05-13 18:13:43,2024-05-17 12:14:44
9000001222,1000002216,Correo Argentino,CA867819332AR,DELIVERED,2024-05-13 16:42:48,2024-05-21 15:12:26
9000001223,1000002217,Correo Argentino,CA093215304AR,DELIVERED,2024-05-13 17:12:17,2024-05-20 11:13:12
9000001224,1000002219,Correo Argentino,CA437351681AR,DELIVERED,2024-05-13 17:23:20,2024-05-15 11:38:36
9000001225,1000002221,Correo Argentino,CA580238844AR,DELIVERED,2024-05-13 18:43:54,2024-05-17 09:09:30
9000001226,1000002222,Correo Argentino,CA961353541AR,DELIVERED,2024-05-13 18:03:53,2024-05-17 19:09:10
9000001227,1000002223,Correo Argentino,CA264546670AR,DELIVERED,2024-05-13 17:38:31,2024-05-16 13:01:43
9000001228,1000002224,Correo Argentino,CA026525319AR,DELIVERED,2024-05-13 17:35:09,2024-05-22 15:06:08
9000001229,1000002225,Correo Argentino,CA706339769AR,DELIVERED,2024-05-14 17:27:03,2024-05-17 19:43:54
9000001230,1000002226,Correo Argentino,CA052219274AR,DELIVERED,2024-05-14 16:50:57,2024-05-17 09:58:08
9000001231,1000002227,Correo Argentino,CA759266700AR,DELIVERED,2024-05-14 18:15:30,2024-05-20 13:57:38
9000001232,1000002229,Correo Argentino,CA106226518AR,DELIVERED,2024-05-14 16:09:56,2024-05-20 13:18:53
9000001233,1000002230,Correo Argentino,CA916125607AR,DELIVERED,2024-05-14 17:47:27,2024-05-17 10:07:52
9000001234,1000002231,Correo Argentino,CA538200652AR,DELIVERED,2024-05-14 16:03:55,2024-05-16 13:15:11
9000001235,1000002233,Correo Argentino,CA862157901AR,DELIVERED,2024-05-14 16:22:06,2024-05-16 17:06:17
9000001236,1000002234,Correo Argentino,CA334403973AR,DELIVERED,2024-05-14 16:46:55,2024-05-17 12:01:55
9000001237,1000002236,Correo Argentino,CA443008391AR,DELIVERED,2024-05-14 17:53:35,2024-05-20 18:59:17
9000001238,1000002238,Correo Argentino,CA283249069AR,DELIVERED,2024-05-14 16:50:59,2024-05-17 17:52:09
9000001239,1000002239,Correo Argentino,CA808713650AR,DELIVERED,2024-05-14 18:52:17,2024-05-17 10:59:30
9000001240,1000002240,Correo Argentino,CA992939148AR,DELIVERED,2024-05-14 16:07:36,2024-05-20 12:41:31
9000001241,1000002241,Correo Argentino,CA060283191AR,DELIVERED,2024-05-14 17:56:37,2024-05-20 14:28:58
9000001242,1000002242,Correo Argentino,CA858715256AR,DELIVERED,2024-05-14 17:00:45,2024-05-22 15:58:46
9000001243,1000002243,Correo Argentino,CA269894961AR,DELIVERED,2024-05-14 17:29:06,2024-05-20 10:06:44
9000001244,1000002244,Correo Argentino,CA684270864AR,DELIVERED,2024-05-14 16:24:05,2024-05-21 13:47:35
9000001245,1000002246,Correo Argentino,CA591159281AR,DELIVERED,2024-05-14 16:46:56,2024-05-21 15:32:31
9000001246,1000002248,Correo Argentino,CA135910338AR,DELIVERED,2024-05-14 17:38:29,2024-05-17 09:14:15
9000001247,1000002249,Correo Argentino,CA826503523AR,DELIVERED,2024-05-14 16:29:35,2024-05-21 16:55:06
9000001248,1000002250,Correo Argentino,CA035592908AR,DELIVERED,2024-05-14 17:43:44,2024-05-22 15:11:29
9000001249,1000002252,Correo Argentino,CA110823429AR,DELIVERED,2024-05-14 18:00:28,2024-05-21 12:58:30
9000001250,1000002253,Correo Argentino,CA837661807AR,DELIVERED,2024-05-14 16:31:03,2024-05-22 18:20:20
9000001251,1000002254,Correo Argentino,CA489601869AR,DELIVERED,2024-05-14 18:32:33,2024-05-17 19:45:44
9000001252,1000002255,Correo Argentino,CA480968675AR,DELIVERED,2024-05-14 16:50:53,2024-05-21 13:05:11
9000001253,1000002256,Correo Argentino,CA475295601AR,DELIVERED,2024-05-14 18:33:42,2024-05-22 11:05:06
9000001254,1000002257,Correo Argentino,CA311495173AR,DELIVERED,2024-05-14 18:37:19,2024-05-22 09:01:23
9000001255,1000002258,Correo Argentino,CA879735438AR,DELIVERED,2024-05-14 16:17:14,2024-05-22 09:51:28
9000001256,1000002259,Correo Argentino,CA647345743AR,DELIVERED,2024-05-15 18:04:16,2024-05-21 17:02:05
9000001257,1000002260,Correo Argentino,CA049688696AR,DELIVERED,2024-05-14 17:41:03,2024-05-17 16:11:43
9000001258,1000002262,Correo Argentino,CA317961373AR,DELIVERED,2024-05-14 16:17:11,2024-05-20 15:44:03
9000001259,1000002264,Correo Argentino,CA290560923AR,DELIVERED,2024-05-15 16:06:41,2024-05-23 15:38:57
9000001260,1000002265,Correo Argentino,CA238299063AR,DELIVERED,2024-05-15 16:59:10,2024-05-22 18:05:10
9000001261,1000002266,Correo Argentino,CA713992452AR,DELIVERED,2024-05-15 18:42:45,2024-05-21 15:09:51
9000001262,1000002267,Correo Argentino,CA367007137AR,DELIVERED,2024-05-15 17:04:50,2024-05-23 14:48:15
9000001263,1000002268,Correo Argentino,CA382982268AR,DELIVERED,2024-05-15 18:39:38,2024-05-20 19:42:53
9000001264,1000002269,Correo Argentino,CA447667437AR,DELIVERED,2024-05-15 18:03:56,2024-05-22 13:19:49
9000001265,1000002270,Correo Argentino,CA285619020AR,DELIVERED,2024-05-15 16:21:32,2024-05-21 11:56:28
9000001266,1000002275,Correo Argentino,CA168405838AR,DELIVERED,2024-05-15 18:48:10,2024-05-23 14:59:49
9000001267,1000002276,Correo Argentino,CA980063420AR,DELIVERED,2024-05-15 18:26:28,2024-05-21 11:51:48
9000001268,1000002277,Correo Argentino,CA779074728AR,DELIVERED,2024-05-15 16:49:27,2024-05-21 16:57:10
9000001269,1000002278,Correo Argentino,CA592922311AR,DELIVERED,2024-05-15 16:58:27,2024-05-21 15:07:04
9000001270,1000002280,Correo Argentino,CA767281455AR,DELIVERED,2024-05-15 18:23:43,2024-05-21 09:24:18
9000001271,1000002281,Correo Argentino,CA630118384AR,DELIVERED,2024-05-15 17:49:33,2024-05-20 16:12:35
9000001272,1000002282,Correo Argentino,CA358943563AR,DELIVERED,2024-05-15 16:10:50,2024-05-21 15:07:01
9000001273,1000002283,Correo Argentino,CA688877449AR,DELIVERED,2024-05-15 17:37:50,2024-05-17 16:00:48
9000001274,1000002284,Correo Argentino,CA784268863AR,DELIVERED,2024-05-15 18:50:24,2024-05-22 09:19:34
9000001275,1000002285,Correo Argentino,CA386063464AR,DELIVERED,2024-05-15 17:18:21,2024-05-20 11:10:32
9000001276,1000002286,Correo Argentino,CA450137495AR,DELIVERED,2024-05-15 17:37:58,2024-05-21 15:43:54
9000001277,1000002287,Correo Argentino,CA315336729AR,DELIVERED,2024-05-15 17:35:37,2024-05-21 13:34:51
9000001278,1000002288,Correo Argentino,CA385967489AR,DELIVERED,2024-05-15 18:20:27,2024-05-21 17:27:16
9000001279,1000002289,Correo Argentino,CA107816452AR,DELIVERED,2024-05-15 18:11:40,2024-05-20 09:04:09
9000001280,1000002290,Correo Argentino,CA162793654AR,DELIVERED,2024-05-15 18:13:05,2024-05-21 10:46:52
9000001281,1000002291,Correo Argentino,CA378858142AR,DELIVERED,2024-05-15 17:33:51,2024-05-21 09:06:36
9000001282,1000002292,Correo Argentino,CA423499794AR,DELIVERED,2024-05-16 18:08:41,2024-05-17 14:55:27
9000001283,1000002294,Correo Argentino,CA475332644AR,DELIVERED,2024-05-15 18:37:01,2024-05-23 18:34:40
9000001284,1000002295,Correo Argentino,CA248396877AR,DELIVERED,2024-05-15 17:14:51,2024-05-20 14:12:00
9000001285,1000002296,Correo Argentino,CA503298402AR,DELIVERED,2024-05-16 18:25:49,2024-05-21 17:34:12
9000001286,1000002297,Correo Argentino,CA224582660AR,DELIVERED,2024-05-16 16:00:09,2024-05-20 11:28:48
9000001287,1000002299,Correo Argentino,CA817659630AR,DELIVERED,2024-05-16 16:36:32,2024-05-23 18:13:24
9000001288,1000002300,Correo Argentino,CA839600418AR,DELIVERED,2024-05-16 17:32:11,2024-05-20 16:33:19
9000001289,1000002301,Correo Argentino,CA639249980AR,DELIVERED,2024-05-16 17:42:07,2024-05-17 10:14:15
9000001290,1000002304,Correo Argentino,CA768899592AR,DELIVERED,2024-05-16 17:02:57,2024-05-21 12:43:52
9000001291,1000002305,Correo Argentino,CA586183602AR,DELIVERED,2024-05-16 17:28:03,2024-05-22 14:17:05
9000001292,1000002306,Correo Argentino,CA721441767AR,DELIVERED,2024-05-16 17:04:51,2024-05-22 17:46:49
9000001293,1000002307,Correo Argentino,CA363315857AR,DELIVERED,2024-05-16 16:37:21,2024-05-22 13:11:37
9000001294,1000002310,Correo Argentino,CA554024252AR,DELIVERED,2024-05-16 18:47:06,2024-05-21 11:20:14
9000001295,1000002311,Correo Argentino,CA460284839AR,DELIVERED,2024-05-16 17:49:39,2024-05-21 09:15:55
9000001296,1000002313,Correo Argentino,CA867227555AR,DELIVERED,2024-05-16 17:04:28,2024-05-21 14:42:13
9000001297,1000002314,Correo Argentino,CA439809082AR,DELIVERED,2024-05-16 18:13:18,2024-05-22 17:06:27
9000001298,1000002315,Correo Argentino,CA056101019AR,DELIVERED,2024-05-16 16:35:01,2024-05-20 13:52:17
9000001299,1000002316,Correo Argentino,CA977742913AR,DELIVERED,2024-05-16 16:41:15,2024-05-20 17:42:07
9000001300,1000002317,Correo Argentino,CA440609683AR,DELIVERED,2024-05-16 16:12:26,2024-05-20 18:06:06
9000001301,1000002318,Correo Argentino,CA000920236AR,DELIVERED,2024-05-16 16:12:05,2024-05-20 13:34:33
9000001302,1000002319,Correo Argentino,CA903074978AR,DELIVERED,2024-05-16 17:40:20,2024-05-20 10:19:01
9000001303,1000002320,Correo Argentino,CA792555242AR,DELIVERED,2024-05-16 18:31:43,2024-05-21 13:27:33
9000001304,1000002321,Correo Argentino,CA951275202AR,DELIVERED,2024-05-16 18:13:41,2024-05-17 14:49:45
9000001305,1000002322,Correo Argentino,CA156698012AR,DELIVERED,2024-05-16 17:53:01,2024-05-20 10:39:37
9000001306,1000002323,Correo Argentino,CA744641184AR,DELIVERED,2024-05-16 16:31:31,2024-05-21 13:58:57
9000001307,1000002328,Correo Argentino,CA701633037AR,DELIVERED,2024-05-17 18:03:01,2024-05-23 09:23:08
9000001308,1000002329,Correo Argentino,CA191455194AR,DELIVERED,2024-05-17 16:25:26,2024-05-23 15:34:30
9000001309,1000002331,Correo Argentino,CA677124352AR,DELIVERED,2024-05-17 16:24:46,2024-05-22 17:10:48
9000001310,1000002335,Correo Argentino,CA771287531AR,DELIVERED,2024-05-17 18:16:47,2024-05-23 14:47:07
9000001311,1000002336,Correo Argentino,CA754733149AR,DELIVERED,2024-05-17 16:40:59,2024-05-21 14:37:41
9000001312,1000002338,Correo Argentino,CA155936638AR,DELIVERED,2024-05-17 16:59:25,2024-05-22 14:14:13
9000001313,1000002339,Correo Argentino,CA404610192AR,DELIVERED,2024-05-17 18:37:36,2024-05-23 19:16:25
9000001314,1000002340,Correo Argentino,CA898151001AR,DELIVERED,2024-05-20 18:34:41,2024-05-24 18:07:46
9000001315,1000002343,Correo Argentino,CA007788905AR,DELIVERED,2024-05-20 18:58:29,2024-05-24 09:17:11
9000001316,1000002344,Correo Argentino,CA772060758AR,DELIVERED,2024-05-20 18:16:43,2024-05-24 12:32:23
9000001317,1000002347,Correo Argentino,CA013232345AR,DELIVERED,2024-05-20 16:46:24,2024-05-21 16:12:24
9000001318,1000002348,Correo Argentino,CA854609900AR,DELIVERED,2024-05-20 18:06:34,2024-05-22 10:26:38
9000001319,1000002350,Correo Argentino,CA875442976AR,DELIVERED,2024-05-20 17:28:16,2024-05-24 14:27:36
9000001320,1000002351,Correo Argentino,CA756512398AR,DELIVERED,2024-05-20 16:50:15,2024-05-22 11:32:15
9000001321,1000002353,Correo Argentino,CA983547831AR,DELIVERED,2024-05-20 17:08:28,2024-05-22 19:43:40
9000001322,1000002354,Correo Argentino,CA241339064AR,DELIVERED,2024-05-20 16:53:31,2024-05-22 13:30:27
9000001323,1000002355,Correo Argentino,CA585420848AR,DELIVERED,2024-05-20 18:29:31,2024-05-21 13:30:54
9000001324,1000002356,Correo Argentino,CA596713404AR,DELIVERED,2024-05-20 17:42:03,2024-05-24 11:57:14
9000001325,1000002357,Correo Argentino,CA628808312AR,DELIVERED,2024-05-20 18:13:46,2024-05-22 12:30:29
9000001326,1000002358,Correo Argentino,CA909993418AR,DELIVERED,2024-05-20 17:26:46,2024-05-24 19:53:32
9000001327,1000002366,Correo Argentino,CA497476289AR,DELIVERED,2024-05-20 17:04:10,2024-05-23 19:13:20
9000001328,1000002367,Correo Argentino,CA248729502AR,DELIVERED,2024-05-20 18:32:44,2024-05-22 14:59:49
9000001329,1000002371,Correo Argentino,CA248152820AR,DELIVERED,2024-05-20 16:37:54,2024-05-24 19:13:29
9000001330,1000002372,Correo Argentino,CA396113205AR,DELIVERED,2024-05-20 18:49:42,2024-05-22 12:33:02
9000001331,1000002373,Correo Argentino,CA835239436AR,DELIVERED,2024-05-20 17:38:02,2024-05-22 16:14:28
9000001332,1000002374,Correo Argentino,,CANCELLED,,
9000001333,1000002375,Correo Argentino,CA263469747AR,DELIVERED,2024-05-21 18:41:22,2024-05-23 12:43:43
9000001334,1000002376,Correo Argentino,CA369964641AR,DELIVERED,2024-05-20 17:00:47,2024-05-24 13:25:25
9000001335,1000002377,Correo Argentino,CA919412730AR,DELIVERED,2024-05-20 18:04:39,2024-05-23 10:18:20
9000001336,1000002378,Correo Argentino,CA747911172AR,DELIVERED,2024-05-21 18:44:37,2024-05-23 11:01:29
9000001337,1000002379,Correo Argentino,CA689473448AR,DELIVERED,2024-05-20 17:36:21,2024-05-22 09:06:58
9000001338,1000002380,Correo Argentino,CA271363100AR,DELIVERED,2024-05-20 16:05:27,2024-05-22 13:50:47
9000001339,1000002381,Correo Argentino,CA711958654AR,DELIVERED,2024-05-20 18:39:31,2024-05-22 19:33:22
9000001340,1000002382,Correo Argentino,CA300445179AR,DELIVERED,2024-05-20 17:55:12,2024-05-23 17:15:37
9000001341,1000002383,Correo Argentino,CA622232468AR,DELIVERED,2024-05-20 16:18:55,2024-05-22 12:59:03
9000001342,1000002384,Correo Argentino,CA895454387AR,DELIVERED,2024-05-20 18:50:54,2024-05-27 14:05:03
9000001343,1000002385,Correo Argentino,CA291582970AR,DELIVERED,2024-05-20 18:43:11,2024-05-22 19:31:53
9000001344,1000002386,Correo Argentino,CA612321674AR,DELIVERED,2024-05-20 17:54:21,2024-05-23 16:09:33
9000001345,1000002387,Correo Argentino,CA682307519AR,DELIVERED,2024-05-20 18:58:12,2024-05-22 18:24:20
9000001346,1000002388,Correo Argentino,CA458093970AR,DELIVERED,2024-05-20 18:44:10,2024-05-24 12:37:19
9000001347,1000002390,Correo Argentino,CA315764655AR,DELIVERED,2024-05-20 18:32:59,2024-05-23 10:03:48
9000001348,1000002391,Correo Argentino,CA067213537AR,DELIVERED,2024-05-21 18:02:38,2024-05-22 10:59:53
9000001349,1000002393,Correo Argentino,CA400637652AR,DELIVERED,2024-05-21 16:34:51,2024-05-27 13:50:05
9000001350,1000002395,Correo Argentino,CA616130512AR,DELIVERED,2024-05-21 16:27:16,2024-05-27 16:33:21
9000001351,1000002399,Correo Argentino,CA857304335AR,DELIVERED,2024-05-21 17:20:47,2024-05-24 10:09:20
9000001352,1000002400,Correo Argentino,CA707385454AR,DELIVERED,2024-05-21 16:44:03,2024-05-22 17:12:33
9000001353,1000002401,Correo Argentino,CA957190317AR,DELIVERED,2024-05-21 17:34:50,2024-05-23 16:00:13
9000001354,1000002402,Correo Argentino,CA159756535AR,DELIVERED,2024-05-21 16:00:01,2024-05-27 12:39:40
9000001355,1000002403,Correo Argentino,CA642398388AR,DELIVERED,2024-05-21 18:54:36,2024-05-24 15:55:25
9000001356,1000002404,Correo Argentino,CA086492403AR,DELIVERED,2024-05-21 18:26:47,2024-05-27 17:35:15
9000001357,1000002405,Correo Argentino,CA472433437AR,DELIVERED,2024-05-21 17:24:09,2024-05-24 17:15:23
9000001358,1000002406,Correo Argentino,CA259924196AR,DELIVERED,2024-05-22 17:42:48,2024-05-24 16:18:28
9000001359,1000002407,Correo Argentino,CA531815976AR,DELIVERED,2024-05-22 16:57:35,2024-05-27 15:55:42
9000001360,1000002412,Correo Argentino,CA593535235AR,DELIVERED,2024-05-22 17:09:13,2024-05-27 09:23:01
9000001361,1000002414,Correo Argentino,CA092961251AR,DELIVERED,2024-05-22 16:15:44,2024-05-27 10:30:51
9000001362,1000002419,Correo Argentino,CA301855589AR,DELIVERED,2024-05-23 16:12:31,2024-05-29 12:35:40
9000001363,1000002420,Correo Argentino,CA573182569AR,DELIVERED,2024-05-23 18:45:01,2024-05-28 13:37:32
9000001364,1000002423,Correo Argentino,CA126790422AR,DELIVERED,2024-05-23 17:23:42,2024-05-28 19:54:38
9000001365,1000002424,Correo Argentino,CA213533273AR,DELIVERED,2024-05-23 18:25:29,2024-05-27 17:17:11
9000001366,1000002425,Correo Argentino,CA192205033AR,DELIVERED,2024-05-23 18:42:54,2024-05-28 17:19:16
9000001367,1000002427,Correo Argentino,CA085379924AR,DELIVERED,2024-05-23 16:15:50,2024-05-28 14:48:59
9000001368,1000002429,Correo Argentino,CA032640624AR,DELIVERED,2024-05-23 17:12:10,2024-05-24 10:51:43
9000001369,1000002431,Correo Argentino,CA736515263AR,DELIVERED,2024-05-23 18:20:58,2024-05-27 16:50:33
9000001370,1000002432,Correo Argentino,CA123017536AR,DELIVERED,2024-05-23 18:00:29,2024-05-28 10:48:36
9000001371,1000002434,Correo Argentino,CA668507129AR,DELIVERED,2024-05-23 16:16:49,2024-05-30 14:08:52
9000001372,1000002435,Correo Argentino,CA410405897AR,DELIVERED,2024-05-23 16:48:08,2024-05-27 10:40:32
9000001373,1000002436,Correo Argentino,CA375743450AR,DELIVERED,2024-05-23 18:53:16,2024-05-29 14:24:38
9000001374,1000002437,Correo Argentino,CA728332010AR,DELIVERED,2024-05-24 16:06:24,2024-05-28 16:09:05
9000001375,1000002439,Correo Argentino,CA800266482AR,DELIVERED,2024-05-24 17:05:57,2024-05-29 15:18:07
9000001376,1000002441,Correo Argentino,CA257834793AR,DELIVERED,2024-05-24 18:03:30,2024-05-28 17:35:34
9000001377,1000002445,Correo Argentino,CA324401694AR,DELIVERED,2024-05-24 17:16:18,2024-05-27 11:16:42
9000001378,1000002446,Correo Argentino,CA509049027AR,DELIVERED,2024-05-24 17:31:07,2024-05-28 16:17:42
9000001379,1000002448,Correo Argentino,CA410643748AR,DELIVERED,2024-05-24 18:23:11,2024-05-30 11:03:47
9000001380,1000002449,Correo Argentino,CA400001177AR,DELIVERED,2024-05-24 17:41:38,2024-05-28 14:29:11
9000001381,1000002453,Correo Argentino,CA962305056AR,DELIVERED,2024-05-27 17:36:58,2024-05-29 13:21:11
9000001382,1000002454,Correo Argentino,CA450672860AR,DELIVERED,2024-05-27 17:45:15,2024-05-30 16:27:11
9000001383,1000002455,Correo Argentino,CA408139959AR,DELIVERED,2024-05-27 16:01:20,2024-05-30 10:47:34
9000001384,1000002459,Correo Argentino,CA521175158AR,DELIVERED,2024-05-27 18:25:41,2024-05-29 14:36:16
9000001385,1000002463,Correo Argentino,CA255337264AR,DELIVERED,2024-05-27 18:49:10,2024-05-30 17:28:26
9000001386,1000002464,Correo Argentino,CA888811056AR,DELIVERED,2024-05-27 16:59:50,2024-06-03 16:03:56
9000001387,1000002465,Correo Argentino,CA240337228AR,DELIVERED,2024-05-27 18:18:32,2024-05-28 14:41:31
9000001388,1000002466,Correo Argentino,CA497633252AR,DELIVERED,2024-05-27 18:42:00,2024-05-30 15:57:29
9000001389,1000002467,Correo Argentino,CA221415889AR,DELIVERED,2024-05-27 18:12:14,2024-05-29 14:54:00
9000001390,1000002468,Correo Argentino,CA667461516AR,DELIVERED,2024-05-27 18:39:01,2024-05-31 17:26:40
9000001391,1000002469,Correo Argentino,CA625926589AR,DELIVERED,2024-05-27 16:40:17,2024-05-30 10:38:18
9000001392,1000002470,Correo Argentino,CA983137507AR,DELIVERED,2024-05-27 17:49:23,2024-05-28 10:35:08
9000001393,1000002471,Correo Argentino,CA275412032AR,DELIVERED,2024-05-27 16:15:39,2024-05-30 12:55:23
9000001394,1000002472,Correo Argentino,CA907615732AR,DELIVERED,2024-05-27 18:46:47,2024-05-28 15:51:35
9000001395,1000002473,Correo Argentino,CA691076410AR,DELIVERED,2024-05-27 17:26:27,2024-05-29 13:34:56
9000001396,1000002474,Correo Argentino,CA152693308AR,DELIVERED,2024-05-27 16:28:48,2024-05-30 15:27:21
9000001397,1000002475,Correo Argentino,CA290411431AR,DELIVERED,2024-05-27 16:39:54,2024-05-31 19:11:39
9000001398,1000002476,Correo Argentino,CA613903360AR,DELIVERED,2024-05-27 18:26:41,2024-05-30 09:18:52
9000001399,1000002483,Correo Argentino,CA219064424AR,DELIVERED,2024-05-27 17:30:47,2024-05-29 11:23:42
9000001400,1000002484,Correo Argentino,CA323506627AR,DELIVERED,2024-05-27 18:08:09,2024-05-28 12:09:14
9000001401,1000002486,Correo Argentino,CA109968989AR,DELIVERED,2024-05-27 18:31:02,2024-05-31 13:20:43
9000001402,1000002487,Correo Argentino,CA175012938AR,DELIVERED,2024-05-27 17:36:33,2024-05-29 13:44:26
9000001403,1000002489,Correo Argentino,CA476738975AR,DELIVERED,2024-05-27 17:23:53,2024-05-29 17:42:19
9000001404,1000002490,Correo Argentino,CA670527015AR,DELIVERED,2024-05-27 18:37:43,2024-05-30 12:53:51
9000001405,1000002491,Correo Argentino,CA716910611AR,DELIVERED,2024-05-27 16:08:14,2024-05-28 16:23:59
9000001406,1000002492,Correo Argentino,CA692323694AR,DELIVERED,2024-05-27 18:04:00,2024-05-30 14:20:19
9000001407,1000002493,Correo Argentino,CA783594646AR,DELIVERED,2024-05-27 18:42:58,2024-05-30 19:51:17
9000001408,1000002494,Correo Argentino,CA659621408AR,DELIVERED,2024-05-27 17:01:03,2024-05-28 13:25:14
9000001409,1000002495,Correo Argentino,CA013290224AR,DELIVERED,2024-05-27 17:37:23,2024-05-30 12:08:40
9000001410,1000002496,Correo Argentino,CA723170957AR,DELIVERED,2024-05-27 18:41:12,2024-05-30 13:30:17
9000001411,1000002497,Correo Argentino,CA420957890AR,DELIVERED,2024-05-27 16:25:33,2024-05-28 10:51:43
9000001412,1000002499,Correo Argentino,CA241063268AR,DELIVERED,2024-05-27 18:24:36,2024-05-29 09:12:30
9000001413,1000002501,Correo Argentino,CA644972785AR,DELIVERED,2024-05-28 16:50:37,2024-05-31 16:57:55
9000001414,1000002503,Correo Argentino,CA967391322AR,DELIVERED,2024-05-28 18:18:26,2024-05-30 18:49:40
9000001415,1000002515,Correo Argentino,CA316775815AR,DELIVERED,2024-05-28 18:00:39,2024-05-29 11:00:10
9000001416,1000002517,Correo Argentino,CA591667059AR,DELIVERED,2024-05-28 17:52:58,2024-05-29 10:10:29
9000001417,1000002518,Correo Argentino,CA021792907AR,DELIVERED,2024-05-28 18:55:15,2024-05-30 16:07:48
9000001418,1000002519,Correo Argentino,CA750710003AR,DELIVERED,2024-05-28 18:46:39,2024-05-30 13:03:26
9000001419,1000002520,Correo Argentino,CA173755000AR,DELIVERED,2024-05-28 18:54:34,2024-06-03 12:53:04
9000001420,1000002521,Correo Argentino,CA361436301AR,DELIVERED,2024-05-29 17:33:29,2024-06-04 16:37:25
9000001421,1000002522,Correo Argentino,CA670584066AR,DELIVERED,2024-05-29 17:35:16,2024-05-30 11:20:18
9000001422,1000002524,Correo Argentino,CA704363855AR,DELIVERED,2024-05-29 17:25:37,2024-06-04 12:41:24
9000001423,1000002526,Correo Argentino,CA115986370AR,DELIVERED,2024-05-29 17:32:13,2024-06-03 11:33:11
9000001424,1000002527,Correo Argentino,CA864641017AR,DELIVERED,2024-05-29 17:15:11,2024-05-31 18:16:38
9000001425,1000002528,Correo Argentino,CA006672591AR,DELIVERED,2024-05-29 18:40:41,2024-05-31 12:42:47
9000001426,1000002529,Correo Argentino,CA369281775AR,DELIVERED,2024-05-29 16:23:18,2024-05-30 15:14:17
9000001427,1000002531,Correo Argentino,CA645066035AR,DELIVERED,2024-05-29 17:25:50,2024-06-03 11:17:51
9000001428,1000002534,Correo Argentino,CA084593918AR,DELIVERED,2024-05-30 17:16:46,2024-06-06 12:50:40
9000001429,1000002537,Correo Argentino,CA109697906AR,DELIVERED,2024-05-29 18:29:35,2024-05-30 14:48:56
9000001430,1000002540,Correo Argentino,CA865804238AR,DELIVERED,2024-05-29 16:34:10,2024-05-31 11:57:38
9000001431,1000002546,Correo Argentino,CA048593533AR,DELIVERED,2024-05-30 17:39:15,2024-06-05 19:35:08
9000001432,1000002549,Correo Argentino,CA969430574AR,DELIVERED,2024-05-30 16:25:50,2024-06-03 14:11:09
9000001433,1000002550,Correo Argentino,CA693815507AR,DELIVERED,2024-05-30 16:25:56,2024-05-31 11:52:26
9000001434,1000002551,Correo Argentino,CA230157360AR,DELIVERED,2024-05-30 18:01:52,2024-06-03 18:24:09
9000001435,1000002552,Correo Argentino,CA124373879AR,DELIVERED,2024-05-30 16:57:55,2024-06-03 14:54:25
9000001436,1000002553,Correo Argentino,CA987746246AR,DELIVERED,2024-05-30 18:16:22,2024-06-03 11:06:41
9000001437,1000002558,Correo Argentino,CA589441639AR,DELIVERED,2024-05-31 17:12:02,2024-06-04 11:12:49
9000001438,1000002560,Correo Argentino,CA094856369AR,DELIVERED,2024-05-31 16:45:08,2024-06-06 18:45:39
9000001439,1000002562,Correo Argentino,CA310517629AR,DELIVERED,2024-05-31 17:32:43,2024-06-05 19:55:26
9000001440,1000002563,Correo Argentino,CA506847274AR,DELIVERED,2024-05-31 16:38:14,2024-06-06 10:34:21
9000001441,1000002564,Correo Argentino,CA139640304AR,DELIVERED,2024-05-31 17:37:18,2024-06-03 10:36:23
9000001442,1000002565,Correo Argentino,CA696323458AR,DELIVERED,2024-05-31 18:08:30,2024-06-05 13:32:53
9000001443,1000002566,Correo Argentino,CA804448030AR,DELIVERED,2024-05-31 17:46:21,2024-06-05 13:49:25
9000001444,1000002568,Correo Argentino,CA361579624AR,DELIVERED,2024-05-31 18:03:34,2024-06-03 18:05:31
9000001445,1000002570,Correo Argentino,CA527690550AR,DELIVERED,2024-06-03 16:35:36,2024-06-07 11:07:01
9000001446,1000002572,Correo Argentino,CA748086022AR,DELIVERED,2024-06-03 18:02:28,2024-06-05 19:55:09
9000001447,1000002574,Correo Argentino,CA228983880AR,DELIVERED,2024-06-03 16:48:51,2024-06-07 09:05:17
9000001448,1000002576,Correo Argentino,CA949169918AR,DELIVERED,2024-06-03 16:25:10,2024-06-05 19:04:48
9000001449,1000002578,Correo Argentino,CA386164779AR,DELIVERED,2024-06-03 16:23:24,2024-06-06 12:20:32
9000001450,1000002579,Correo Argentino,CA136787966AR,DELIVERED,2024-06-03 17:05:21,2024-06-05 16:19:10
9000001451,1000002590,Correo Argentino,CA358986383AR,DELIVERED,2024-06-03 18:06:28,2024-06-07 14:06:57
9000001452,1000002595,Correo Argentino,CA154316491AR,DELIVERED,2024-06-03 18:03:45,2024-06-05 11:02:16
9000001453,1000002596,Correo Argentino,CA373198216AR,DELIVERED,2024-06-03 18:45:29,2024-06-05 18:27:19
9000001454,1000002597,Correo Argentino,CA445389959AR,DELIVERED,2024-06-03 18:28:40,2024-06-05 16:27:18
9000001455,1000002598,Correo Argentino,CA957106059AR,DELIVERED,2024-06-03 17:57:47,2024-06-05 16:03:56
9000001456,1000002599,Correo Argentino,CA671511686AR,DELIVERED,2024-06-03 18:06:20,2024-06-05 09:39:08
9000001457,1000002600,Correo Argentino,CA746832971AR,DELIVERED,2024-06-03 16:45:47,2024-06-04 12:39:00
9000001458,1000002601,Correo Argentino,CA466386838AR,DELIVERED,2024-06-03 17:51:26,2024-06-05 19:50:51
9000001459,1000002602,Correo Argentino,CA791012018AR,DELIVERED,2024-06-03 17:17:02,2024-06-07 12:05:29
9000001460,1000002603,Correo Argentino,CA529387044AR,DELIVERED,2024-06-03 18:00:06,2024-06-06 12:16:19
9000001461,1000002604,Correo Argentino,CA454579942AR,DELIVERED,2024-06-03 18:02:43,2024-06-07 11:30:08
9000001462,1000002605,Correo Argentino,CA158383441AR,DELIVERED,2024-06-03 17:13:56,2024-06-07 09:12:15
9000001463,1000002606,Correo Argentino,CA831580187AR,DELIVERED,2024-06-03 16:45:45,2024-06-05 18:55:07
9000001464,1000002607,Correo Argentino,CA655908711AR,DELIVERED,2024-06-03 16:04:49,2024-06-04 14:49:02
9000001465,1000002608,Correo Argentino,CA959701421AR,DELIVERED,2024-06-03 16:31:30,2024-06-10 10:30:52
9000001466,1000002613,Correo Argentino,CA929696044AR,DELIVERED,2024-06-03 16:31:38,2024-06-05 09:36:04
9000001467,1000002614,Correo Argentino,CA787162111AR,DELIVERED,2024-06-03 18:52:11,2024-06-05 10:46:02
9000001468,1000002617,Correo Argentino,CA835054287AR,DELIVERED,2024-06-04 18:41:45,2024-06-05 19:47:39
9000001469,1000002622,Correo Argentino,CA821845837AR,DELIVERED,2024-06-04 18:08:02,2024-06-10 12:52:48
9000001470,1000002623,Correo Argentino,CA347995911AR,DELIVERED,2024-06-05 16:27:37,2024-06-10 12:12:08
9000001471,1000002624,Correo Argentino,CA191946723AR,DELIVERED,2024-06-04 18:41:33,2024-06-10 09:58:51
9000001472,1000002625,Correo Argentino,CA322219589AR,DELIVERED,2024-06-04 18:08:56,2024-06-06 17:18:52
9000001473,1000002626,Correo Argentino,CA049755514AR,DELIVERED,2024-06-04 18:41:22,2024-06-05 10:06:14
9000001474,1000002628,Correo Argentino,CA436485476AR,DELIVERED,2024-06-04 18:43:26,2024-06-06 13:53:44
9000001475,1000002629,Correo Argentino,CA398439463AR,DELIVERED,2024-06-04 17:11:28,2024-06-06 13:11:37
9000001476,1000002630,Correo Argentino,CA280346628AR,DELIVERED,2024-06-04 17:28:00,2024-06-07 19:49:04
9000001477,1000002632,Correo Argentino,CA289236014AR,DELIVERED,2024-06-04 17:33:30,2024-06-10 15:42:17
9000001478,1000002634,Correo Argentino,CA517060517AR,DELIVERED,2024-06-05 17:04:20,2024-06-11 09:31:58
9000001479,1000002636,Correo Argentino,CA826158524AR,DELIVERED,2024-06-05 18:16:57,2024-06-11 09:01:26
9000001480,1000002637,Correo Argentino,CA685735204AR,DELIVERED,2024-06-05 16:54:41,2024-06-07 17:07:24
9000001481,1000002639,Correo Argentino,CA162296580AR,DELIVERED,2024-06-05 17:14:22,2024-06-10 12:20:13
9000001482,1000002642,Correo Argentino,CA006834369AR,DELIVERED,2024-06-05 18:46:23,2024-06-07 12:31:43
9000001483,1000002643,Correo Argentino,CA133382522AR,DELIVERED,2024-06-05 18:55:17,2024-06-10 12:45:00
9000001484,1000002644,Correo Argentino,CA569768745AR,DELIVERED,2024-06-05 17:42:33,2024-06-06 17:46:13
9000001485,1000002645,Correo Argentino,CA829331458AR,DELIVERED,2024-06-05 17:08:38,2024-06-11 14:46:13
9000001486,1000002650,Correo Argentino,CA063325958AR,DELIVERED,2024-06-06 16:21:53,2024-06-12 10:55:31
9000001487,1000002652,Correo Argentino,CA504034074AR,DELIVERED,2024-06-06 18:16:16,2024-06-07 17:23:43
9000001488,1000002653,Correo Argentino,CA337880879AR,DELIVERED,2024-06-06 16:37:32,2024-06-10 17:15:22
9000001489,1000002654,Correo Argentino,CA862805392AR,DELIVERED,2024-06-06 18:47:42,2024-06-12 15:50:10
9000001490,1000002656,Correo Argentino,CA968439787AR,DELIVERED,2024-06-06 17:19:36,2024-06-10 18:46:01
9000001491,1000002659,Correo Argentino,CA450693443AR,DELIVERED,2024-06-06 18:20:39,2024-06-13 14:38:07
9000001492,1000002660,Correo Argentino,CA393528734AR,DELIVERED,2024-06-06 16:50:38,2024-06-13 15:12:29
9000001493,1000002661,Correo Argentino,CA143518117AR,DELIVERED,2024-06-06 16:55:40,2024-06-10 09:03:39
9000001494,1000002664,Correo Argentino,CA456588264AR,DELIVERED,2024-06-06 17:27:42,2024-06-12 09:57:26
9000001495,1000002667,Correo Argentino,CA004358810AR,DELIVERED,2024-06-06 17:12:23,2024-06-07 14:29:30
9000001496,1000002668,Correo Argentino,CA159917797AR,DELIVERED,2024-06-07 18:23:49,2024-06-10 17:53:27
9000001497,1000002670,Correo Argentino,CA366737827AR,DELIVERED,2024-06-07 16:27:27,2024-06-11 14:09:40
9000001498,1000002671,Correo Argentino,CA058315219AR,DELIVERED,2024-06-07 18:15:21,2024-06-12 15:05:17
9000001499,1000002672,Correo Argentino,CA564535975AR,DELIVERED,2024-06-07 17:52:05,2024-06-11 13:11:56
9000001500,1000002673,Correo Argentino,CA274019916AR,DELIVERED,2024-06-07 16:19:41,2024-06-13 10:09:07
9000001501,1000002675,Correo Argentino,CA286511566AR,DELIVERED,2024-06-07 18:50:05,2024-06-11 15:37:32
9000001502,1000002676,Correo Argentino,CA390795861AR,DELIVERED,2024-06-07 18:36:00,2024-06-11 19:03:56
9000001503,1000002677,Correo Argentino,CA764277598AR,DELIVERED,2024-06-07 17:36:42,2024-06-12 12:51:19
9000001504,1000002679,Correo Argentino,CA514910172AR,DELIVERED,2024-06-07 18:10:03,2024-06-11 11:25:26
9000001505,1000002682,Correo Argentino,CA963681242AR,DELIVERED,2024-06-07 18:05:17,2024-06-12 18:08:14
9000001506,1000002683,Correo Argentino,CA712621754AR,DELIVERED,2024-06-07 18:21:10,2024-06-11 19:06:34
9000001507,1000002684,Correo Argentino,CA017600952AR,DELIVERED,2024-06-07 17:38:35,2024-06-12 15:31:18
9000001508,1000002685,Correo Argentino,CA525907188AR,DELIVERED,2024-06-07 17:50:10,2024-06-11 15:50:00
9000001509,1000002686,Correo Argentino,CA353196675AR,DELIVERED,2024-06-07 16:20:56,2024-06-11 11:12:00
9000001510,1000002690,Correo Argentino,CA848392187AR,DELIVERED,2024-06-10 17:00:36,2024-06-17 19:58:51
9000001511,1000002693,Correo Argentino,CA407876402AR,DELIVERED,2024-06-10 18:57:22,2024-06-12 13:18:23
9000001512,1000002699,Correo Argentino,CA602399712AR,DELIVERED,2024-06-10 16:54:32,2024-06-17 19:13:30
9000001513,1000002700,Correo Argentino,CA000860927AR,DELIVERED,2024-06-10 16:52:37,2024-06-17 10:55:37
9000001514,1000002702,Correo Argentino,CA424232951AR,DELIVERED,2024-06-10 18:04:01,2024-06-12 14:33:36
9000001515,1000002703,Correo Argentino,CA010244488AR,DELIVERED,2024-06-10 18:12:04,2024-06-13 19:11:52
9000001516,1000002704,Correo Argentino,CA683684322AR,DELIVERED,2024-06-10 16:59:39,2024-06-13 14:25:14
9000001517,1000002705,Correo Argentino,CA370517478AR,DELIVERED,2024-06-10 17:21:27,2024-06-14 11:47:12
9000001518,1000002706,Correo Argentino,CA219166633AR,DELIVERED,2024-06-10 16:32:10,2024-06-12 19:32:34
9000001519,1000002707,Correo Argentino,CA738343293AR,DELIVERED,2024-06-10 16:43:00,2024-06-11 13:52:23
9000001520,1000002708,Correo Argentino,CA341666375AR,DELIVERED,2024-06-10 16:17:56,2024-06-12 15:04:58
9000001521,1000002709,Correo Argentino,CA423631849AR,DELIVERED,2024-06-10 16:58:15,2024-06-12 16:46:54
9000001522,1000002710,Correo Argentino,CA890146510AR,DELIVERED,2024-06-10 17:33:54,2024-06-12 13:52:12
9000001523,1000002717,Correo Argentino,CA160003781AR,DELIVERED,2024-06-10 17:35:48,2024-06-11 17:03:02
9000001524,1000002720,Correo Argentino,CA518781603AR,DELIVERED,2024-06-10 17:49:46,2024-06-12 16:31:18
9000001525,1000002722,Correo Argentino,CA256602881AR,DELIVERED,2024-06-10 16:06:13,2024-06-13 15:42:09
9000001526,1000002733,Correo Argentino,CA276688062AR,DELIVERED,2024-06-10 18:34:50,2024-06-12 16:00:56
9000001527,1000002734,Correo Argentino,CA352748275AR,DELIVERED,2024-06-10 18:38:18,2024-06-13 16:14:48
9000001528,1000002738,Correo Argentino,CA964890282AR,DELIVERED,2024-06-10 16:44:50,2024-06-11 15:24:57
9000001529,1000002740,Correo Argentino,CA647696300AR,DELIVERED,2024-06-10 16:48:59,2024-06-12 13:25:27
9000001530,1000002741,Correo Argentino,CA862416204AR,DELIVERED,2024-06-10 16:01:01,2024-06-14 18:40:10
9000001531,1000002742,Correo Argentino,CA427266668AR,DELIVERED,2024-06-10 16:32:09,2024-06-12 16:58:03
9000001532,1000002744,Correo Argentino,CA947553703AR,DELIVERED,2024-06-10 18:04:12,2024-06-14 18:20:54
9000001533,1000002745,Correo Argentino,CA805468850AR,DELIVERED,2024-06-10 16:42:39,2024-06-14 12:59:07
9000001534,1000002746,Correo Argentino,CA207999750AR,DELIVERED,2024-06-10 17:16:44,2024-06-13 13:13:19
9000001535,1000002747,Correo Argentino,CA687680895AR,DELIVERED,2024-06-10 16:02:47,2024-06-11 19:18:28
9000001536,1000002748,Correo Argentino,CA791583057AR,DELIVERED,2024-06-10 17:44:58,2024-06-13 19:42:51
9000001537,1000002749,Correo Argentino,CA778514743AR,DELIVERED,2024-06-10 16:55:20,2024-06-14 19:18:11
9000001538,1000002750,Correo Argentino,CA585550533AR,DELIVERED,2024-06-10 18:07:24,2024-06-12 11:35:44
9000001539,1000002751,Correo Argentino,CA180593639AR,DELIVERED,2024-06-10 18:22:06,2024-06-12 12:15:50
9000001540,1000002752,Correo Argentino,CA279173932AR,DELIVERED,2024-06-10 16:06:43,2024-06-14 16:42:32
9000001541,1000002753,Correo Argentino,CA108689848AR,DELIVERED,2024-06-10 18:13:33,2024-06-12 12:35:02
9000001542,1000002754,Correo Argentino,CA669324283AR,DELIVERED,2024-06-10 18:12:30,2024-06-17 15:59:15
9000001543,1000002755,Correo Argentino,CA563486509AR,DELIVERED,2024-06-11 16:00:03,2024-06-13 13:24:59
9000001544,1000002758,Correo Argentino,CA486577728AR,DELIVERED,2024-06-11 16:21:20,2024-06-14 13:10:46
9000001545,1000002763,Correo Argentino,CA180333154AR,DELIVERED,2024-06-11 18:14:11,2024-06-17 16:36:02
9000001546,1000002764,Correo Argentino,CA827956569AR,DELIVERED,2024-06-11 16:30:13,2024-06-14 11:19:59
9000001547,1000002767,Correo Argentino,CA623498119AR,DELIVERED,2024-06-11 16:38:35,2024-06-17 16:05:08
9000001548,1000002768,Correo Argentino,CA040135997AR,DELIVERED,2024-06-11 17:10:51,2024-06-14 14:53:17
9000001549,1000002769,Correo Argentino,CA485334841AR,DELIVERED,2024-06-11 17:56:21,2024-06-13 10:08:20
9000001550,1000002770,Correo Argentino,CA208199865AR,DELIVERED,2024-06-11 17:35:47,2024-06-13 15:07:33
9000001551,1000002771,Correo Argentino,CA797928232AR,DELIVERED,2024-06-11 18:38:15,2024-06-17 18:20:55
9000001552,1000002772,Correo Argentino,CA065180990AR,DELIVERED,2024-06-11 18:27:28,2024-06-17 16:50:04
9000001553,1000002773,Correo Argentino,CA306720857AR,DELIVERED,2024-06-11 17:46:57,2024-06-13 10:49:33
9000001554,1000002774,Correo Argentino,CA831993192AR,DELIVERED,2024-06-11 17:17:41,2024-06-17 11:42:52
9000001555,1000002775,Correo Argentino,CA563371132AR,DELIVERED,2024-06-11 17:16:01,2024-06-12 15:54:00
9000001556,1000002776,Correo Argentino,CA021385302AR,DELIVERED,2024-06-11 16:49:49,2024-06-13 12:27:14
9000001557,1000002777,Correo Argentino,CA543978662AR,DELIVERED,2024-06-11 16:59:40,2024-06-17 15:33:18
9000001558,1000002782,Correo Argentino,CA480726633AR,DELIVERED,2024-06-12 17:42:00,2024-06-13 19:31:07
9000001559,1000002783,Correo Argentino,CA402524476AR,DELIVERED,2024-06-13 17:15:56,2024-06-19 18:44:19
9000001560,1000002787,Correo Argentino,CA753492710AR,DELIVERED,2024-06-12 18:10:45,2024-06-13 09:40:26
9000001561,1000002789,Correo Argentino,CA521625329AR,DELIVERED,2024-06-12 16:09:37,2024-06-14 09:51:30
9000001562,1000002795,Correo Argentino,CA483039040AR,DELIVERED,2024-06-12 16:20:59,2024-06-18 15:48:14
9000001563,1000002796,Correo Argentino,CA789187583AR,DELIVERED,2024-06-12 18:01:23,2024-06-14 15:03:32
9000001564,1000002797,Correo Argentino,CA659377734AR,DELIVERED,2024-06-12 17:19:19,2024-06-18 17:47:29
9000001565,1000002798,Correo Argentino,CA536716328AR,DELIVERED,2024-06-12 18:16:19,2024-06-17 09:27:02
9000001566,1000002800,Correo Argentino,CA082664937AR,DELIVERED,2024-06-12 16:08:24,2024-06-13 17:01:19
9000001567,1000002802,Correo Argentino,CA128672182AR,DELIVERED,2024-06-12 17:19:35,2024-06-14 18:36:50
9000001568,1000002806,Correo Argentino,CA692845972AR,DELIVERED,2024-06-13 17:31:40,2024-06-19 15:26:09
9000001569,1000002812,Correo Argentino,CA509574217AR,DELIVERED,2024-06-13 17:10:06,2024-06-17 19:40:32
9000001570,1000002813,Correo Argentino,CA033313986AR,DELIVERED,2024-06-13 16:34:40,2024-06-17 12:29:23
9000001571,1000002814,Correo Argentino,CA355944994AR,DELIVERED,2024-06-13 17:47:27,2024-06-20 10:07:39
9000001572,1000002817,Correo Argentino,CA004592477AR,DELIVERED,2024-06-13 17:56:06,2024-06-17 14:44:46
9000001573,1000002819,Correo Argentino,CA715863426AR,DELIVERED,2024-06-13 18:52:59,2024-06-19 10:01:27
9000001574,1000002820,Correo Argentino,CA914198714AR,DELIVERED,2024-06-13 16:37:29,2024-06-14 11:40:14
9000001575,1000002821,Correo Argentino,CA355196337AR,DELIVERED,2024-06-13 18:39:46,2024-06-17 17:50:05
9000001576,1000002822,Correo Argentino,CA229643602AR,DELIVERED,2024-06-13 18:59:28,2024-06-18 15:16:13
9000001577,1000002823,Correo Argentino,CA316232004AR,DELIVERED,2024-06-13 18:47:50,2024-06-17 17:57:11
9000001578,1000002825,Correo Argentino,CA766222825AR,DELIVERED,2024-06-13 16:12:38,2024-06-14 15:10:47
9000001579,1000002826,Correo Argentino,CA054860854AR,DELIVERED,2024-06-13 17:08:27,2024-06-19 12:36:50
9000001580,1000002827,Correo Argentino,CA670612515AR,DELIVERED,2024-06-13 17:45:16,2024-06-17 13:10:05
9000001581,1000002828,Correo Argentino,CA282724069AR,DELIVERED,2024-06-13 18:34:45,2024-06-17 16:33:45
9000001582,1000002829,Correo Argentino,CA005441652AR,DELIVERED,2024-06-13 17:13:30,2024-06-14 17:16:28
9000001583,1000002830,Correo Argentino,CA579127950AR,DELIVERED,2024-06-14 16:38:47,2024-06-19 19:11:56
9000001584,1000002834,Correo Argentino,CA202860573AR,DELIVERED,2024-06-14 17:31:47,2024-06-20 14:14:45
9000001585,1000002835,Correo Argentino,CA145615392AR,DELIVERED,2024-06-14 16:51:29,2024-06-20 11:24:37
9000001586,1000002838,Correo Argentino,CA621155540AR,DELIVERED,2024-06-14 16:20:00,2024-06-19 13:41:22
9000001587,1000002841,Correo Argentino,CA383624296AR,DELIVERED,2024-06-14 18:31:50,2024-06-20 12:08:47
9000001588,1000002844,Correo Argentino,CA007265600AR,DELIVERED,2024-06-14 18:46:39,2024-06-17 12:02:58
9000001589,1000002846,Correo Argentino,CA428748842AR,DELIVERED,2024-06-14 18:17:48,2024-06-20 16:10:47
9000001590,1000002847,Correo Argentino,CA342070753AR,DELIVERED,2024-06-14 16:15:43,2024-06-18 16:52:44
9000001591,1000002848,Correo Argentino,CA004406066AR,DELIVERED,2024-06-14 18:54:44,2024-06-18 17:37:24
9000001592,1000002851,Correo Argentino,CA799170282AR,DELIVERED,2024-06-14 18:26:25,2024-06-18 15:47:52
9000001593,1000002852,Correo Argentino,CA591865922AR,DELIVERED,2024-06-14 18:58:20,2024-06-19 17:00:21
9000001594,1000002853,Correo Argentino,CA692909189AR,DELIVERED,2024-06-14 18:24:01,2024-06-19 09:25:35
9000001595,1000002854,Correo Argentino,CA223861591AR,DELIVERED,2024-06-14 17:42:34,2024-06-18 16:42:01
9000001596,1000002855,Correo Argentino,CA708864313AR,DELIVERED,2024-06-14 16:01:28,2024-06-18 19:01:20
9000001597,1000002856,Correo Argentino,CA103613031AR,DELIVERED,2024-06-14 16:10:12,2024-06-20 14:10:26
9000001598,1000002858,Correo Argentino,CA759938456AR,DELIVERED,2024-06-14 16:30:21,2024-06-17 19:03:49
9000001599,1000002870,Correo Argentino,CA507440333AR,DELIVERED,2024-06-17 18:37:01,2024-06-21 15:25:24
9000001600,1000002873,Correo Argentino,CA176018846AR,DELIVERED,2024-06-17 16:46:50,2024-06-19 19:59:44
9000001601,1000002874,Correo Argentino,CA333278964AR,DELIVERED,2024-06-17 16:04:48,2024-06-19 18:06:56
9000001602,1000002876,Correo Argentino,CA967311261AR,DELIVERED,2024-06-17 16:05:12,2024-06-21 09:30:05
9000001603,1000002877,Correo Argentino,CA061189954AR,DELIVERED,2024-06-17 16:47:17,2024-06-21 17:35:01
9000001604,1000002878,Correo Argentino,CA362052076AR,DELIVERED,2024-06-17 18:23:52,2024-06-21 16:36:11
9000001605,1000002879,Correo Argentino,CA449360508AR,DELIVERED,2024-06-17 16:56:49,2024-06-18 12:02:18
9000001606,1000002880,Correo Argentino,CA862406445AR,DELIVERED,2024-06-17 18:10:41,2024-06-19 18:57:11
9000001607,1000002881,Correo Argentino,CA296453196AR,DELIVERED,2024-06-17 16:17:12,2024-06-20 10:09:15
9000001608,1000002882,Correo Argentino,CA389963047AR,DELIVERED,2024-06-17 18:45:34,2024-06-20 11:30:24
9000001609,1000002883,Correo Argentino,CA296381685AR,DELIVERED,2024-06-17 17:45:27,2024-06-20 19:44:59
9000001610,1000002886,Correo Argentino,CA768539769AR,DELIVERED,2024-06-17 17:35:04,2024-06-21 09:24:11
9000001611,1000002887,Correo Argentino,CA752533243AR,DELIVERED,2024-06-17 17:51:51,2024-06-20 15:48:20
9000001612,1000002909,Correo Argentino,CA655024913AR,DELIVERED,2024-06-17 18:28:51,2024-06-21 09:59:25
9000001613,1000002910,Correo Argentino,CA339125908AR,DELIVERED,2024-06-17 18:07:37,2024-06-19 15:58:50
9000001614,1000002911,Correo Argentino,CA957652223AR,DELIVERED,2024-06-17 17:18:09,2024-06-21 09:20:27
9000001615,1000002912,Correo Argentino,CA240782882AR,DELIVERED,2024-06-17 17:39:12,2024-06-20 09:39:49
9000001616,1000002913,Correo Argentino,CA317118955AR,DELIVERED,2024-06-17 16:06:12,2024-06-18 10:06:30
9000001617,1000002914,Correo Argentino,CA061656269AR,DELIVERED,2024-06-17 17:03:09,2024-06-18 09:40:57
9000001618,1000002915,Correo Argentino,CA698371762AR,DELIVERED,2024-06-17 17:54:28,2024-06-19 10:20:36
9000001619,1000002916,Correo Argentino,CA466347450AR,DELIVERED,2024-06-17 17:16:06,2024-06-19 13:41:36
9000001620,1000002917,Correo Argentino,CA276880758AR,DELIVERED,2024-06-17 18:26:44,2024-06-20 18:58:49
9000001621,1000002918,Correo Argentino,CA384893951AR,DELIVERED,2024-06-17 18:03:38,2024-06-19 15:12:11
9000001622,1000002919,Correo Argentino,CA976843593AR,DELIVERED,2024-06-17 17:23:52,2024-06-18 14:52:04
9000001623,1000002920,Correo Argentino,CA667136166AR,DELIVERED,2024-06-17 17:09:51,2024-06-19 14:42:04
9000001624,1000002921,Correo Argentino,CA708808209AR,DELIVERED,2024-06-17 17:00:38,2024-06-19 14:48:58
9000001625,1000002922,Correo Argentino,CA364672116AR,DELIVERED,2024-06-17 18:08:07,2024-06-19 17:29:21
9000001626,1000002923,Correo Argentino,CA421672751AR,DELIVERED,2024-06-17 17:58:47,2024-06-18 19:25:11
9000001627,1000002924,Correo Argentino,CA049097692AR,DELIVERED,2024-06-17 16:15:38,2024-06-18 11:29:20
9000001628,1000002925,Correo Argentino,CA646111332AR,DELIVERED,2024-06-17 17:11:47,2024-06-20 12:04:20
9000001629,1000002926,Correo Argentino,CA436137858AR,DELIVERED,2024-06-19 16:13:08,2024-06-26 09:10:18
9000001630,1000002927,Correo Argentino,CA469799614AR,DELIVERED,2024-06-17 17:25:28,2024-06-24 13:10:34
9000001631,1000002928,Correo Argentino,CA138967542AR,DELIVERED,2024-06-17 17:57:12,2024-06-20 19:02:23
9000001632,1000002929,Correo Argentino,CA542019095AR,DELIVERED,2024-06-17 16:00:56,2024-06-19 10:54:31
9000001633,1000002930,Correo Argentino,CA652397316AR,DELIVERED,2024-06-17 17:40:21,2024-06-21 19:38:20
9000001634,1000002931,Correo Argentino,CA456108475AR,DELIVERED,2024-06-17 17:37:21,2024-06-19 12:27:29
9000001635,1000002932,Correo Argentino,CA748154528AR,DELIVERED,2024-06-17 16:58:12,2024-06-21 16:14:53
9000001636,1000002934,Correo Argentino,CA149163525AR,DELIVERED,2024-06-17 18:09:10,2024-06-19 18:31:48
9000001637,1000002936,Correo Argentino,CA374108758AR,DELIVERED,2024-06-18 16:16:18,2024-06-20 11:18:18
9000001638,1000002937,Correo Argentino,CA409102020AR,DELIVERED,2024-06-18 17:55:25,2024-06-21 10:57:41
9000001639,1000002938,Correo Argentino,CA461889457AR,DELIVERED,2024-06-18 17:07:48,2024-06-19 16:09:29
9000001640,1000002939,Correo Argentino,CA040152459AR,DELIVERED,2024-06-18 16:12:52,2024-06-20 16:36:34
9000001641,1000002940,Correo Argentino,CA547233751AR,DELIVERED,2024-06-18 16:40:38,2024-06-21 17:57:58
9000001642,1000002941,Correo Argentino,CA435233595AR,DELIVERED,2024-06-18 16:43:29,2024-06-20 16:25:38
9000001643,1000002943,Correo Argentino,CA366239977AR,DELIVERED,2024-06-18 18:26:11,2024-06-21 13:48:00
9000001644,1000002944,Correo Argentino,CA339148195AR,DELIVERED,2024-06-18 18:56:58,2024-06-21 09:23:17
9000001645,1000002945,Correo Argentino,CA209432984AR,DELIVERED,2024-06-18 17:50:29,2024-06-20 15:48:33
9000001646,1000002946,Correo Argentino,CA401852414AR,DELIVERED,2024-06-18 17:45:51,2024-06-20 10:44:02
9000001647,1000002947,Correo Argentino,CA942761487AR,DELIVERED,2024-06-18 16:56:37,2024-06-25 10:13:55
9000001648,1000002948,Correo Argentino,CA216650025AR,DELIVERED,2024-06-18 16:16:56,2024-06-20 17:05:09
9000001649,1000002949,Correo Argentino,CA305679667AR,DELIVERED,2024-06-18 18:11:18,2024-06-20 09:20:43
9000001650,1000002950,Correo Argentino,CA717956200AR,DELIVERED,2024-06-18 17:52:52,2024-06-21 10:12:12
9000001651,1000002951,Correo Argentino,CA424734820AR,DELIVERED,2024-06-18 16:20:36,2024-06-21 16:02:24
9000001652,1000002952,Correo Argentino,CA073774122AR,DELIVERED,2024-06-18 16:29:24,2024-06-24 16:43:12
9000001653,1000002953,Correo Argentino,CA967588186AR,DELIVERED,2024-06-18 18:09:23,2024-06-20 14:17:11
9000001654,1000002954,Correo Argentino,CA028835841AR,DELIVERED,2024-06-19 17:27:49,2024-06-21 13:44:44
9000001655,1000002955,Correo Argentino,CA537181628AR,DELIVERED,2024-06-19 16:05:28,2024-06-21 14:38:55
9000001656,1000002956,Correo Argentino,CA077776497AR,DELIVERED,2024-06-19 16:07:07,2024-06-21 09:07:03
9000001657,1000002958,Correo Argentino,CA327828064AR,DELIVERED,2024-06-19 16:50:11,2024-06-25 12:36:06
9000001658,1000002960,Correo Argentino,CA359515930AR,DELIVERED,2024-06-19 17:31:06,2024-06-24 18:02:30
9000001659,1000002962,Correo Argentino,CA034793234AR,DELIVERED,2024-06-19 18:08:29,2024-06-21 19:27:45
9000001660,1000002963,Correo Argentino,CA911071234AR,DELIVERED,2024-06-19 18:58:13,2024-06-21 17:56:22
9000001661,1000002964,Correo Argentino,CA183054624AR,DELIVERED,2024-06-19 16:27:06,2024-06-20 12:09:25
9000001662,1000002965,Correo Argentino,CA034008453AR,DELIVERED,2024-06-19 17:54:33,2024-06-21 18:48:47
9000001663,1000002966,Correo Argentino,CA134056622AR,DELIVERED,2024-06-19 16:41:52,2024-06-24 16:24:57
9000001664,1000002967,Correo Argentino,CA788619197AR,DELIVERED,2024-06-19 16:08:05,2024-06-25 11:42:40
9000001665,1000002968,Correo Argentino,CA561419065AR,DELIVERED,2024-06-19 17:33:11,2024-06-26 09:05:57
9000001666,1000002969,Correo Argentino,CA721764781AR,DELIVERED,2024-06-19 16:28:17,2024-06-25 14:18:46
9000001667,1000002970,Correo Argentino,CA892187632AR,DELIVERED,2024-06-19 17:33:58,2024-06-21 17:03:29
9000001668,1000002975,Correo Argentino,CA698650029AR,DELIVERED,2024-06-20 16:12:15,2024-06-24 13:47:51
9000001669,1000002978,Correo Argentino,CA464676607AR,DELIVERED,2024-06-20 16:07:32,2024-06-26 17:30:56
9000001670,1000002981,Correo Argentino,CA202481179AR,DELIVERED,2024-06-20 18:05:35,2024-06-21 10:39:09
9000001671,1000002982,Correo Argentino,CA538870108AR,DELIVERED,2024-06-20 16:30:19,2024-06-21 15:40:49
9000001672,1000002983,Correo Argentino,CA372155608AR,DELIVERED,2024-06-20 18:55:01,2024-06-25 18:00:40
9000001673,1000002984,Correo Argentino,CA634551501AR,DELIVERED,2024-06-20 16:25:58,2024-06-26 11:19:11
9000001674,1000002985,Correo Argentino,CA914943573AR,DELIVERED,2024-06-20 16:47:10,2024-06-21 17:20:27
9000001675,1000002986,Correo Argentino,CA482847836AR,DELIVERED,2024-06-20 17:15:50,2024-06-26 13:12:46
9000001676,1000002991,Correo Argentino,CA990200487AR,DELIVERED,2024-06-21 18:42:27,2024-06-25 15:29:48
9000001677,1000002994,Correo Argentino,CA488667308AR,DELIVERED,2024-06-21 17:52:42,2024-06-25 12:33:01
9000001678,1000002996,Correo Argentino,CA807679264AR,DELIVERED,2024-06-21 16:08:46,2024-06-24 09:30:35
9000001679,1000002998,Correo Argentino,CA018331468AR,DELIVERED,2024-06-24 17:51:26,2024-06-25 16:24:49
9000001680,1000002999,Correo Argentino,CA310417163AR,DELIVERED,2024-06-21 16:16:42,2024-06-26 17:25:35
9000001681,1000003000,Correo Argentino,CA315741146AR,DELIVERED,2024-06-21 17:18:25,2024-06-25 15:23:49
9000001682,1000003007,Correo Argentino,CA976929538AR,DELIVERED,2024-06-24 16:25:38,2024-07-01 16:42:08
9000001683,1000003008,Correo Argentino,CA818036281AR,DELIVERED,2024-06-24 16:21:00,2024-06-27 17:35:54
9000001684,1000003012,Correo Argentino,CA967902184AR,DELIVERED,2024-06-24 17:48:49,2024-06-27 13:39:36
9000001685,1000003016,Correo Argentino,CA057098484AR,DELIVERED,2024-06-24 18:19:29,2024-06-26 18:43:52
9000001686,1000003017,Correo Argentino,CA414878576AR,DELIVERED,2024-06-24 16:13:59,2024-06-26 13:37:14
9000001687,1000003019,Correo Argentino,CA120303266AR,DELIVERED,2024-06-24 17:35:52,2024-06-25 17:48:52
9000001688,1000003020,Correo Argentino,CA039036871AR,DELIVERED,2024-06-24 18:29:04,2024-06-26 18:25:19
9000001689,1000003021,Correo Argentino,CA193019927AR,DELIVERED,2024-06-24 16:03:18,2024-06-27 15:13:58
9000001690,1000003022,Correo Argentino,CA983961121AR,DELIVERED,2024-06-24 18:08:45,2024-06-27 14:13:13
9000001691,1000003026,Correo Argentino,CA056234833AR,DELIVERED,2024-06-24 16:12:34,2024-06-27 19:00:43
9000001692,1000003028,Correo Argentino,CA572071086AR,DELIVERED,2024-06-24 16:17:14,2024-07-01 10:25:16
9000001693,1000003032,Correo Argentino,CA923436732AR,DELIVERED,2024-06-24 18:17:25,2024-06-28 11:57:34
9000001694,1000003033,Correo Argentino,CA839726306AR,DELIVERED,2024-06-24 18:53:00,2024-06-26 12:33:43
9000001695,1000003034,Correo Argentino,CA661022926AR,DELIVERED,2024-06-24 18:33:21,2024-06-27 12:08:59
9000001696,1000003035,Correo Argentino,CA185865736AR,DELIVERED,2024-06-24 18:09:16,2024-06-28 15:02:08
9000001697,1000003036,Correo Argentino,CA930784368AR,DELIVERED,2024-06-24 17:33:22,2024-06-27 19:42:25
9000001698,1000003037,Correo Argentino,CA392762605AR,DELIVERED,2024-06-24 17:11:33,2024-06-27 19:29:45
9000001699,1000003038,Correo Argentino,CA027524366AR,DELIVERED,2024-06-24 17:23:14,2024-06-25 19:36:01
9000001700,1000003039,Correo Argentino,CA702071789AR,DELIVERED,2024-06-24 16:41:53,2024-06-28 10:04:01
9000001701,1000003040,Correo Argentino,CA771397096AR,DELIVERED,2024-06-24 18:10:43,2024-06-26 12:52:55
9000001702,1000003041,Correo Argentino,CA227900171AR,DELIVERED,2024-06-24 18:09:11,2024-06-26 19:55:07
9000001703,1000003042,Correo Argentino,CA281850483AR,DELIVERED,2024-06-24 18:46:18,2024-07-01 09:30:18
9000001704,1000003043,Correo Argentino,CA438818773AR,DELIVERED,2024-06-24 17:45:29,2024-06-26 13:54:13
9000001705,1000003044,Correo Argentino,CA272363546AR,DELIVERED,2024-06-24 18:49:13,2024-06-26 12:38:40
9000001706,1000003045,Correo Argentino,CA256848187AR,DELIVERED,2024-06-24 16:23:12,2024-06-27 16:26:48
9000001707,1000003046,Correo Argentino,CA721070187AR,DELIVERED,2024-06-24 18:59:12,2024-06-28 19:11:23
9000001708,1000003047,Correo Argentino,CA739323852AR,DELIVERED,2024-06-25 17:55:10,2024-06-28 12:27:16
9000001709,1000003048,Correo Argentino,CA043519959AR,DELIVERED,2024-06-25 17:26:13,2024-07-01 17:14:39
9000001710,1000003049,Correo Argentino,CA733967643AR,DELIVERED,2024-06-25 17:16:40,2024-07-01 10:36:33
9000001711,1000003050,Correo Argentino,CA252213819AR,DELIVERED,2024-06-25 18:33:41,2024-07-01 13:26:49
9000001712,1000003052,Correo Argentino,CA435744963AR,DELIVERED,2024-06-25 17:00:52,2024-06-28 13:48:49
9000001713,1000003056,Correo Argentino,CA136582324AR,DELIVERED,2024-06-25 16:18:19,2024-06-28 19:09:43
9000001714,1000003058,Correo Argentino,CA918447633AR,DELIVERED,2024-06-25 17:31:35,2024-06-27 18:18:33
9000001715,1000003062,Correo Argentino,CA774105771AR,DELIVERED,2024-06-25 17:38:04,2024-06-27 09:57:02
9000001716,1000003063,Correo Argentino,CA782833283AR,DELIVERED,2024-06-25 18:24:27,2024-06-27 17:35:58
9000001717,1000003064,Correo Argentino,CA141273847AR,DELIVERED,2024-06-25 16:47:09,2024-06-28 15:37:19
9000001718,1000003065,Correo Argentino,CA576258396AR,DELIVERED,2024-06-25 17:27:28,2024-06-26 13:24:36
9000001719,1000003073,Correo Argentino,CA530257365AR,DELIVERED,2024-06-26 16:39:54,2024-06-28 16:44:04
9000001720,1000003076,Correo Argentino,CA817029907AR,DELIVERED,2024-06-26 17:47:17,2024-07-01 12:38:14
9000001721,1000003077,Correo Argentino,CA360787445AR,DELIVERED,2024-06-26 18:36:57,2024-07-02 11:06:03
9000001722,1000003081,Correo Argentino,CA731774556AR,DELIVERED,2024-06-26 18:55:19,2024-06-28 13:49:41
9000001723,1000003082,Correo Argentino,CA328270502AR,DELIVERED,2024-06-26 17:33:25,2024-06-28 17:06:51
9000001724,1000003083,Correo Argentino,CA107427140AR,DELIVERED,2024-06-26 16:32:21,2024-07-01 12:10:01
9000001725,1000003084,Correo Argentino,CA491283468AR,DELIVERED,2024-06-26 18:54:49,2024-07-01 10:51:04
9000001726,1000003085,Correo Argentino,CA939601050AR,DELIVERED,2024-06-26 18:48:17,2024-06-27 12:44:44
9000001727,1000003086,Correo Argentino,CA856813794AR,DELIVERED,2024-06-26 17:12:20,2024-07-03 18:26:24
9000001728,1000003087,Correo Argentino,CA799488017AR,DELIVERED,2024-06-26 16:53:52,2024-06-27 16:57:22
9000001729,1000003088,Correo Argentino,CA042024221AR,DELIVERED,2024-06-26 17:53:16,2024-06-28 12:25:13
9000001730,1000003094,Correo Argentino,CA851453714AR,DELIVERED,2024-06-27 18:36:13,2024-07-01 11:54:08
9000001731,1000003100,Correo Argentino,CA846184110AR,DELIVERED,2024-06-27 16:28:06,2024-07-01 15:13:17
9000001732,1000003101,Correo Argentino,CA576830869AR,DELIVERED,2024-06-27 17:13:38,2024-07-03 17:18:40
9000001733,1000003105,Correo Argentino,CA155976092AR,DELIVERED,2024-06-27 17:25:23,2024-07-03 11:03:14
9000001734,1000003106,Correo Argentino,CA265292524AR,DELIVERED,2024-06-27 17:18:45,2024-06-28 13:07:53
9000001735,1000003107,Correo Argentino,CA301662376AR,DELIVERED,2024-06-27 17:54:04,2024-07-02 18:49:59
9000001736,1000003108,Correo Argentino,CA391256580AR,DELIVERED,2024-06-27 16:55:54,2024-07-02 11:58:01
9000001737,1000003109,Correo Argentino,CA390815703AR,DELIVERED,2024-06-27 17:53:29,2024-07-01 19:22:08
9000001738,1000003110,Correo Argentino,CA527590222AR,DELIVERED,2024-06-28 16:25:29,2024-07-02 09:31:10
9000001739,1000003112,Correo Argentino,CA298322128AR,DELIVERED,2024-06-28 17:35:34,2024-07-02 13:14:56
9000001740,1000003113,Correo Argentino,CA138074374AR,DELIVERED,2024-06-28 17:36:03,2024-07-04 19:53:44
9000001741,1000003114,Correo Argentino,CA527460676AR,DELIVERED,2024-06-28 16:38:30,2024-07-05 14:12:04
9000001742,1000003118,Correo Argentino,CA095614291AR,DELIVERED,2024-06-28 18:02:00,2024-07-02 14:30:05
9000001743,1000003119,Correo Argentino,CA566145552AR,DELIVERED,2024-06-28 16:17:46,2024-07-03 15:26:45
9000001744,1000003120,Correo Argentino,CA039721475AR,DELIVERED,2024-06-28 17:54:32,2024-07-04 19:30:09
9000001745,1000003122,Correo Argentino,CA062131008AR,DELIVERED,2024-06-28 17:05:34,2024-07-02 19:51:04
9000001746,1000003123,Correo Argentino,CA521840131AR,DELIVERED,2024-06-28 17:08:11,2024-07-02 12:34:45
9000001747,1000003125,Correo Argentino,CA778417919AR,DELIVERED,2024-06-28 17:18:22,2024-07-02 18:26:17
9000001748,1000003126,Correo Argentino,CA243017919AR,DELIVERED,2024-06-28 18:09:29,2024-07-04 10:39:27
9000001749,1000003127,Correo Argentino,CA933082133AR,DELIVERED,2024-06-28 17:00:55,2024-07-02 14:17:37
9000001750,1000003132,Correo Argentino,CA652866036AR,DELIVERED,2024-07-01 17:20:47,2024-07-05 09:30:13
9000001751,1000003134,Correo Argentino,CA702234897AR,DELIVERED,2024-07-01 17:07:17,2024-07-10 09:32:41
9000001752,1000003138,Correo Argentino,CA213218896AR,DELIVERED,2024-07-01 17:03:37,2024-07-11 09:40:27
9000001753,1000003139,Correo Argentino,CA170314091AR,DELIVERED,2024-07-01 18:37:58,2024-07-05 17:44:37
9000001754,1000003141,Correo Argentino,CA308061016AR,DELIVERED,2024-07-01 17:40:48,2024-07-08 13:53:42
9000001755,1000003142,Correo Argentino,CA108093404AR,DELIVERED,2024-07-01 18:19:16,2024-07-05 19:16:58
9000001756,1000003144,Correo Argentino,CA194342093AR,DELIVERED,2024-07-01 16:16:41,2024-07-11 14:17:21
9000001757,1000003146,Correo Argentino,CA341710890AR,DELIVERED,2024-07-01 18:53:22,2024-07-09 16:56:16
9000001758,1000003148,Correo Argentino,CA304852513AR,DELIVERED,2024-07-01 17:11:25,2024-07-08 09:28:15
9000001759,1000003150,Correo Argentino,CA393431673AR,DELIVERED,2024-07-01 18:09:52,2024-07-09 13:05:13
9000001760,1000003151,Correo Argentino,CA585495178AR,DELIVERED,2024-07-01 18:39:52,2024-07-05 12:41:33
9000001761,1000003154,Correo Argentino,CA034570482AR,DELIVERED,2024-07-01 16:06:01,2024-07-09 14:38:27
9000001762,1000003156,Correo Argentino,CA023744678AR,DELIVERED,2024-07-01 16:52:32,2024-07-12 10:09:12
9000001763,1000003163,Correo Argentino,CA007350000AR,DELIVERED,2024-07-01 16:27:33,2024-07-11 12:26:18
9000001764,1000003164,Correo Argentino,CA601645744AR,DELIVERED,2024-07-01 17:47:07,2024-07-09 09:16:48
9000001765,1000003167,Correo Argentino,CA262997190AR,DELIVERED,2024-07-01 17:09:36,2024-07-08 16:08:14
9000001766,1000003168,Correo Argentino,CA220460506AR,DELIVERED,2024-07-01 18:53:07,2024-07-11 18:19:23
9000001767,1000003169,Correo Argentino,CA525047695AR,DELIVERED,2024-07-01 16:35:38,2024-07-10 18:24:48
9000001768,1000003170,Correo Argentino,CA193592546AR,DELIVERED,2024-07-01 16:46:54,2024-07-08 10:52:17
9000001769,1000003171,Correo Argentino,CA566881522AR,DELIVERED,2024-07-01 17:17:19,2024-07-10 11:20:41
9000001770,1000003172,Correo Argentino,CA489840738AR,DELIVERED,2024-07-01 18:46:10,2024-07-11 10:27:44
9000001771,1000003173,Correo Argentino,CA563065083AR,DELIVERED,2024-07-01 17:23:16,2024-07-05 12:48:52
9000001772,1000003174,Correo Argentino,CA701812895AR,DELIVERED,2024-07-01 18:20:37,2024-07-10 19:17:13
9000001773,1000003175,Correo Argentino,CA256056090AR,DELIVERED,2024-07-01 18:25:18,2024-07-11 12:31:43
9000001774,1000003176,Correo Argentino,CA211380246AR,DELIVERED,2024-07-01 16:28:19,2024-07-10 09:35:16
9000001775,1000003178,Correo Argentino,CA235390708AR,DELIVERED,2024-07-01 18:21:34,2024-07-05 11:11:59
9000001776,1000003179,Correo Argentino,CA637877604AR,DELIVERED,2024-07-01 17:06:00,2024-07-09 13:42:49
9000001777,1000003180,Correo Argentino,CA124051828AR,DELIVERED,2024-07-01 17:55:20,2024-07-05 12:51:37
9000001778,1000003181,Correo Argentino,CA341332335AR,DELIVERED,2024-07-02 18:43:27,2024-07-08 11:22:26
9000001779,1000003185,Correo Argentino,CA103502664AR,DELIVERED,2024-07-02 18:17:14,2024-07-05 09:26:20
9000001780,1000003186,Correo Argentino,CA892571366AR,DELIVERED,2024-07-02 16:14:59,2024-07-10 12:28:06
9000001781,1000003187,Correo Argentino,CA164722610AR,DELIVERED,2024-07-02 18:05:37,2024-07-10 13:01:17
9000001782,1000003188,Correo Argentino,CA387300855AR,DELIVERED,2024-07-02 18:14:53,2024-07-16 14:29:50
9000001783,1000003189,Correo Argentino,CA395752600AR,DELIVERED,2024-07-02 16:28:51,2024-07-10 15:03:40
9000001784,1000003190,Correo Argentino,CA511723750AR,DELIVERED,2024-07-02 17:12:44,2024-07-10 14:00:42
9000001785,1000003193,Correo Argentino,CA749770324AR,DELIVERED,2024-07-03 16:21:26,2024-07-09 18:36:12
9000001786,1000003197,Correo Argentino,CA708112654AR,DELIVERED,2024-07-05 16:32:39,2024-07-11 17:20:44
9000001787,1000003198,Correo Argentino,CA827712252AR,DELIVERED,2024-07-03 17:35:09,2024-07-12 14:26:26
9000001788,1000003199,Correo Argentino,CA973661381AR,DELIVERED,2024-07-03 17:52:13,2024-07-12 14:59:50
9000001789,1000003200,Correo Argentino,CA041162487AR,DELIVERED,2024-07-03 17:17:07,2024-07-16 11:27:28
9000001790,1000003201,Correo Argentino,CA334032660AR,DELIVERED,2024-07-03 16:55:51,2024-07-10 12:42:49
9000001791,1000003202,Correo Argentino,CA555979309AR,DELIVERED,2024-07-03 17:51:57,2024-07-10 17:31:12
9000001792,1000003203,Correo Argentino,CA606586732AR,DELIVERED,2024-07-03 16:56:21,2024-07-12 11:56:10
9000001793,1000003207,Correo Argentino,CA589040500AR,DELIVERED,2024-07-03 18:53:59,2024-07-11 18:10:15
9000001794,1000003210,Correo Argentino,CA760571801AR,DELIVERED,2024-07-04 17:42:33,2024-07-16 13:48:27
9000001795,1000003212,Correo Argentino,CA197867074AR,DELIVERED,2024-07-04 18:10:49,2024-07-17 14:36:30
9000001796,1000003214,Correo Argentino,CA390760083AR,DELIVERED,2024-07-04 16:37:13,2024-07-10 10:05:52
9000001797,1000003217,Correo Argentino,CA705940568AR,DELIVERED,2024-07-04 17:06:21,2024-07-17 11:04:43
9000001798,1000003218,Correo Argentino,CA932106432AR,DELIVERED,2024-07-04 18:06:41,2024-07-10 12:08:33
9000001799,1000003219,Correo Argentino,CA301635162AR,DELIVERED,2024-07-05 18:52:19,2024-07-11 16:58:43
9000001800,1000003220,Correo Argentino,CA143824580AR,DELIVERED,2024-07-04 16:33:55,2024-07-12 11:05:36
9000001801,1000003227,Correo Argentino,CA316112453AR,DELIVERED,2024-07-05 16:07:05,2024-07-15 15:31:20
9000001802,1000003228,Correo Argentino,CA647654212AR,DELIVERED,2024-07-05 18:41:51,2024-07-15 16:51:19
9000001803,1000003229,Correo Argentino,CA405551799AR,DELIVERED,2024-07-05 17:48:12,2024-07-12 11:40:28
9000001804,1000003230,Correo Argentino,CA184151187AR,DELIVERED,2024-07-05 18:50:24,2024-07-11 16:01:26
9000001805,1000003232,Correo Argentino,CA900047301AR,DELIVERED,2024-07-05 18:13:36,2024-07-12 17:54:24
9000001806,1000003233,Correo Argentino,CA602151540AR,DELIVERED,2024-07-05 16:55:01,2024-07-11 14:49:17
9000001807,1000003234,Correo Argentino,CA124402589AR,DELIVERED,2024-07-05 17:51:07,2024-07-12 12:43:26
9000001808,1000003235,Correo Argentino,CA720173197AR,DELIVERED,2024-07-05 16:02:43,2024-07-15 14:37:26
9000001809,1000003236,Correo Argentino,CA071669930AR,DELIVERED,2024-07-05 18:49:46,2024-07-16 09:40:53
9000001810,1000003238,Correo Argentino,CA063530500AR,DELIVERED,2024-07-05 16:06:32,2024-07-15 14:38:25
9000001811,1000003239,Correo Argentino,CA902550008AR,DELIVERED,2024-07-05 16:49:24,2024-07-16 12:51:30
9000001812,1000003244,Correo Argentino,CA616044183AR,DELIVERED,2024-07-08 18:05:41,2024-07-16 16:40:22
9000001813,1000003246,Correo Argentino,CA365274766AR,DELIVERED,2024-07-08 17:23:49,2024-07-17 15:16:36
9000001814,1000003249,Correo Argentino,CA354651159AR,DELIVERED,2024-07-08 18:14:58,2024-07-12 13:47:25
9000001815,1000003253,Correo Argentino,CA897179857AR,DELIVERED,2024-07-08 18:13:54,2024-07-18 15:39:28
9000001816,1000003254,Correo Argentino,CA503860005AR,DELIVERED,2024-07-08 18:37:48,2024-07-12 14:23:01
9000001817,1000003259,Correo Argentino,CA896526686AR,DELIVERED,2024-07-08 16:31:03,2024-07-19 17:07:58
9000001818,1000003260,Correo Argentino,CA165286680AR,DELIVERED,2024-07-08 17:31:09,2024-07-18 15:15:18
9000001819,1000003261,Correo Argentino,CA525985631AR,DELIVERED,2024-07-08 16:58:52,2024-07-16 10:33:47
9000001820,1000003263,Correo Argentino,CA599142845AR,DELIVERED,2024-07-08 18:18:20,2024-07-12 19:48:48
9000001821,1000003268,Correo Argentino,CA926461637AR,DELIVERED,2024-07-08 16:49:54,2024-07-15 10:21:17
9000001822,1000003273,Correo Argentino,CA761009958AR,DELIVERED,2024-07-08 18:10:16,2024-07-17 15:49:52
9000001823,1000003274,Correo Argentino,CA060421142AR,DELIVERED,2024-07-08 18:37:24,2024-07-16 15:50:44
9000001824,1000003275,Correo Argentino,CA715952040AR,DELIVERED,2024-07-08 16:45:22,2024-07-15 18:35:15
9000001825,1000003276,Correo Argentino,CA929096951AR,DELIVERED,2024-07-08 17:45:17,2024-07-17 14:21:20
9000001826,1000003277,Correo Argentino,CA316423458AR,DELIVERED,2024-07-08 18:02:31,2024-07-11 12:00:52
9000001827,1000003278,Correo Argentino,CA877461469AR,DELIVERED,2024-07-08 17:26:26,2024-07-17 10:34:28
9000001828,1000003279,Correo Argentino,CA775298639AR,DELIVERED,2024-07-08 16:31:41,2024-07-11 16:38:43
9000001829,1000003280,Correo Argentino,CA245372570AR,DELIVERED,2024-07-08 18:00:00,2024-07-19 10:58:40
9000001830,1000003281,Correo Argentino,CA725402010AR,DELIVERED,2024-07-08 16:00:59,2024-07-12 15:46:34
9000001831,1000003282,Correo Argentino,CA660247108AR,DELIVERED,2024-07-08 16:07:41,2024-07-16 09:45:53
9000001832,1000003283,Correo Argentino,CA495544801AR,DELIVERED,2024-07-08 18:22:26,2024-07-16 09:17:05
9000001833,1000003284,Correo Argentino,CA590128541AR,DELIVERED,2024-07-08 16:07:03,2024-07-15 09:10:50
9000001834,1000003287,Correo Argentino,CA729285943AR,DELIVERED,2024-07-09 18:35:11,2024-07-18 12:20:37
9000001835,1000003289,Correo Argentino,CA939040981AR,DELIVERED,2024-07-09 16:50:57,2024-07-16 09:38:39
9000001836,1000003290,Correo Argentino,CA035829247AR,DELIVERED,2024-07-09 17:43:52,2024-07-17 12:43:44
9000001837,1000003291,Correo Argentino,CA579772400AR,DELIVERED,2024-07-09 17:21:16,2024-07-16 16:30:42
9000001838,1000003292,Correo Argentino,CA814827207AR,DELIVERED,2024-07-09 18:35:04,2024-07-15 17:06:15
9000001839,1000003293,Correo Argentino,CA300936219AR,DELIVERED,2024-07-09 18:28:21,2024-07-18 13:55:26
9000001840,1000003295,Correo Argentino,CA865798181AR,DELIVERED,2024-07-09 18:05:02,2024-07-19 15:10:48
9000001841,1000003297,Correo Argentino,CA855892272AR,DELIVERED,2024-07-09 17:18:47,2024-07-18 13:26:34
9000001842,1000003298,Correo Argentino,CA368030225AR,DELIVERED,2024-07-09 18:29:12,2024-07-17 18:43:40
9000001843,1000003299,Correo Argentino,CA055514916AR,DELIVERED,2024-07-09 16:19:59,2024-07-17 12:31:26
9000001844,1000003301,Correo Argentino,CA772671969AR,DELIVERED,2024-07-10 18:01:40,2024-07-17 13:50:53
9000001845,1000003302,Correo Argentino,CA962566749AR,DELIVERED,2024-07-10 17:36:25,2024-07-17 09:24:25
9000001846,1000003304,Correo Argentino,CA560612712AR,DELIVERED,2024-07-11 17:25:31,2024-07-23 13:05:31
9000001847,1000003306,Correo Argentino,CA723499702AR,DELIVERED,2024-07-10 18:44:14,2024-07-19 13:02:49
9000001848,1000003309,Correo Argentino,CA016701388AR,DELIVERED,2024-07-11 17:10:26,2024-07-17 12:00:35
9000001849,1000003310,Correo Argentino,,CANCELLED,,
9000001850,1000003311,Correo Argentino,CA347986735AR,DELIVERED,2024-07-11 18:29:49,2024-07-18 15:11:16
9000001851,1000003314,Correo Argentino,CA659702756AR,DELIVERED,2024-07-11 18:15:58,2024-07-19 18:31:29
9000001852,1000003315,Correo Argentino,CA770947430AR,DELIVERED,2024-07-11 18:01:58,2024-07-19 09:23:12
9000001853,1000003316,Correo Argentino,CA947629619AR,DELIVERED,2024-07-11 17:55:19,2024-07-23 19:57:30
9000001854,1000003317,Correo Argentino,CA435087293AR,DELIVERED,2024-07-11 16:18:50,2024-07-17 19:35:33
9000001855,1000003318,Correo Argentino,CA566956767AR,DELIVERED,2024-07-11 18:18:40,2024-07-18 15:10:48
9000001856,1000003319,Correo Argentino,CA570760709AR,DELIVERED,2024-07-11 17:12:48,2024-07-17 12:59:06
9000001857,1000003322,Correo Argentino,CA324925267AR,DELIVERED,2024-07-15 18:06:06,2024-07-23 16:58:05
9000001858,1000003328,Correo Argentino,CA266288647AR,DELIVERED,2024-07-12 18:31:58,2024-07-23 13:50:05
9000001859,1000003329,Correo Argentino,CA215664462AR,DELIVERED,2024-07-12 18:27:35,2024-07-24 16:28:55
9000001860,1000003330,Correo Argentino,CA719997858AR,DELIVERED,2024-07-12 16:52:18,2024-07-22 11:53:25
9000001861,1000003331,Correo Argentino,CA458901283AR,DELIVERED,2024-07-12 16:45:52,2024-07-23 16:53:00
9000001862,1000003333,Correo Argentino,CA790963878AR,DELIVERED,2024-07-15 17:57:56,2024-07-25 19:45:29
9000001863,1000003334,Correo Argentino,CA693137440AR,DELIVERED,2024-07-15 18:16:09,2024-07-22 19:34:05
9000001864,1000003339,Correo Argentino,CA026993320AR,DELIVERED,2024-07-15 16:17:50,2024-07-19 14:42:53
9000001865,1000003342,Correo Argentino,CA907860148AR,DELIVERED,2024-07-15 17:35:56,2024-07-24 11:19:55
9000001866,1000003347,Correo Argentino,CA867544948AR,DELIVERED,2024-07-15 18:40:04,2024-07-19 14:08:39
9000001867,1000003356,Correo Argentino,CA162505265AR,DELIVERED,2024-07-15 16:56:39,2024-07-24 10:16:13
9000001868,1000003358,Correo Argentino,CA634040272AR,DELIVERED,2024-07-15 17:21:02,2024-07-18 11:51:06
9000001869,1000003360,Correo Argentino,CA028893038AR,DELIVERED,2024-07-15 16:13:10,2024-07-24 18:39:57
9000001870,1000003361,Correo Argentino,CA431398028AR,DELIVERED,2024-07-15 17:50:27,2024-07-25 19:47:11
9000001871,1000003363,Correo Argentino,CA197549419AR,DELIVERED,2024-07-15 18:22:03,2024-07-24 15:35:28
9000001872,1000003364,Correo Argentino,CA663994221AR,DELIVERED,2024-07-15 18:07:15,2024-07-19 09:08:20
9000001873,1000003365,Correo Argentino,CA057023883AR,DELIVERED,2024-07-15 18:29:26,2024-07-24 15:25:03
9000001874,1000003366,Correo Argentino,CA876183903AR,DELIVERED,2024-07-15 17:34:59,2024-07-26 09:45:07
9000001875,1000003367,Correo Argentino,CA710201569AR,DELIVERED,2024-07-15 16:07:22,2024-07-23 09:01:08
9000001876,1000003368,Correo Argentino,CA165619002AR,DELIVERED,2024-07-15 16:25:49,2024-07-23 18:53:17
9000001877,1000003369,Correo Argentino,CA027120922AR,DELIVERED,2024-07-15 17:02:35,2024-07-19 09:55:18
9000001878,1000003370,Correo Argentino,CA474061653AR,DELIVERED,2024-07-15 18:32:15,2024-07-23 09:06:46
9000001879,1000003371,Correo Argentino,CA082462527AR,DELIVERED,2024-07-15 16:08:25,2024-07-24 19:00:32
9000001880,1000003372,Correo Argentino,CA099955160AR,DELIVERED,2024-07-15 16:29:21,2024-07-24 17:32:51
9000001881,1000003373,Correo Argentino,CA605365429AR,DELIVERED,2024-07-15 16:29:09,2024-07-23 17:33:56
9000001882,1000003374,Correo Argentino,CA274167439AR,DELIVERED,2024-07-15 16:22:34,2024-07-23 15:51:14
9000001883,1000003376,Correo Argentino,CA884348804AR,DELIVERED,2024-07-16 17:45:05,2024-07-25 14:53:17
9000001884,1000003377,Correo Argentino,CA096641498AR,DELIVERED,2024-07-16 18:42:18,2024-07-24 14:17:39
9000001885,1000003382,Correo Argentino,CA915988204AR,DELIVERED,2024-07-16 17:10:09,2024-07-23 18:36:31
9000001886,1000003383,Correo Argentino,CA195774688AR,DELIVERED,2024-07-16 16:45:02,2024-07-29 15:45:19
9000001887,1000003384,Correo Argentino,CA644189200AR,DELIVERED,2024-07-16 17:08:55,2024-07-22 14:52:52
9000001888,1000003385,Correo Argentino,CA945830255AR,DELIVERED,2024-07-16 16:56:48,2024-07-24 16:27:12
9000001889,1000003386,Correo Argentino,CA366735985AR,DELIVERED,2024-07-18 16:52:27,2024-07-31 15:24:50
9000001890,1000003387,Correo Argentino,CA661820414AR,DELIVERED,2024-07-17 18:17:08,2024-07-26 10:50:08
9000001891,1000003390,Correo Argentino,CA843863436AR,DELIVERED,2024-07-17 18:12:32,2024-07-24 19:21:22
9000001892,1000003393,Correo Argentino,CA457141096AR,DELIVERED,2024-07-17 18:43:47,2024-07-24 15:58:12
9000001893,1000003394,Correo Argentino,CA902114669AR,DELIVERED,2024-07-17 18:23:28,2024-07-26 14:49:26
9000001894,1000003395,Correo Argentino,CA805367594AR,DELIVERED,2024-07-17 16:45:46,2024-07-25 09:22:01
9000001895,1000003397,Correo Argentino,CA326583315AR,DELIVERED,2024-07-17 16:08:15,2024-07-25 14:37:38
9000001896,1000003399,Correo Argentino,CA603124603AR,DELIVERED,2024-07-17 18:55:08,2024-07-29 13:29:25
9000001897,1000003404,Correo Argentino,CA873086662AR,DELIVERED,2024-07-18 17:58:02,2024-08-01 17:05:04
9000001898,1000003406,Correo Argentino,CA185104642AR,DELIVERED,2024-07-18 18:47:40,2024-07-26 13:13:28
9000001899,1000003409,Correo Argentino,CA227629308AR,DELIVERED,2024-07-18 17:50:53,2024-07-23 19:27:29
9000001900,1000003410,Correo Argentino,CA939906211AR,DELIVERED,2024-07-18 16:19:56,2024-07-29 14:34:09
9000001901,1000003411,Correo Argentino,CA367701192AR,DELIVERED,2024-07-18 17:04:34,2024-07-25 19:54:08
9000001902,1000003412,Correo Argentino,CA609679560AR,DELIVERED,2024-07-18 18:39:39,2024-07-26 19:09:48
9000001903,1000003413,Correo Argentino,CA668800252AR,DELIVERED,2024-07-18 18:55:13,2024-07-31 17:13:14
9000001904,1000003414,Correo Argentino,CA015606512AR,DELIVERED,2024-07-18 17:13:13,2024-07-29 12:07:23
9000001905,1000003418,Correo Argentino,CA632692995AR,DELIVERED,2024-07-19 16:34:57,2024-07-25 11:32:28
9000001906,1000003419,Correo Argentino,CA224850281AR,DELIVERED,2024-07-19 18:53:06,2024-07-25 19:21:52
9000001907,1000003423,Correo Argentino,CA463673498AR,DELIVERED,2024-07-22 17:04:17,2024-07-26 12:02:35
9000001908,1000003424,Correo Argentino,CA784698433AR,DELIVERED,2024-07-19 17:35:23,2024-07-25 18:14:20
9000001909,1000003429,Correo Argentino,CA305668603AR,DELIVERED,2024-07-22 17:23:27,2024-07-30 16:23:10
9000001910,1000003430,Correo Argentino,CA267369191AR,DELIVERED,2024-07-22 16:27:10,2024-07-30 12:15:06
9000001911,1000003431,Correo Argentino,CA351328529AR,DELIVERED,2024-07-22 17:51:17,2024-07-31 18:38:09
9000001912,1000003432,Correo Argentino,CA586267401AR,DELIVERED,2024-07-22 18:05:14,2024-07-30 09:15:20
9000001913,1000003433,Correo Argentino,CA473708411AR,DELIVERED,2024-07-22 17:12:58,2024-08-01 09:31:28
9000001914,1000003434,Correo Argentino,CA188112221AR,DELIVERED,2024-07-22 18:39:32,2024-08-02 17:03:34
9000001915,1000003448,Correo Argentino,CA971689041AR,DELIVERED,2024-07-22 18:23:28,2024-08-02 11:19:19
9000001916,1000003449,Correo Argentino,CA267830703AR,DELIVERED,2024-07-22 18:37:09,2024-08-02 11:08:51
9000001917,1000003453,Correo Argentino,CA807488616AR,DELIVERED,2024-07-22 17:18:31,2024-07-31 12:52:59
9000001918,1000003454,Correo Argentino,CA724256364AR,DELIVERED,2024-07-22 17:43:26,2024-07-29 10:23:49
9000001919,1000003455,Correo Argentino,CA970938334AR,DELIVERED,2024-07-22 16:27:51,2024-07-30 19:59:17
9000001920,1000003456,Correo Argentino,CA947647220AR,DELIVERED,2024-07-22 16:33:04,2024-07-31 12:49:57
9000001921,1000003457,Correo Argentino,CA720105911AR,DELIVERED,2024-07-22 18:11:10,2024-07-30 11:10:33
9000001922,1000003458,Correo Argentino,CA886048390AR,DELIVERED,2024-07-22 18:14:58,2024-07-25 10:06:08
9000001923,1000003460,Correo Argentino,CA165821855AR,DELIVERED,2024-07-23 16:54:23,2024-07-26 15:44:03
9000001924,1000003462,Correo Argentino,CA894374200AR,DELIVERED,2024-07-22 18:32:48,2024-07-29 10:10:28
9000001925,1000003463,Correo Argentino,CA489317721AR,DELIVERED,2024-07-23 18:56:48,2024-08-01 17:37:48
9000001926,1000003468,Correo Argentino,CA537414839AR,DELIVERED,2024-07-23 18:18:35,2024-07-31 13:54:51
9000001927,1000003469,Correo Argentino,CA162720105AR,DELIVERED,2024-07-23 17:32:39,2024-08-01 14:48:50
9000001928,1000003470,Correo Argentino,CA303790099AR,DELIVERED,2024-07-24 18:33:45,2024-07-30 19:08:19
9000001929,1000003471,Correo Argentino,CA806070084AR,DELIVERED,2024-07-23 18:45:49,2024-07-31 16:45:59
9000001930,1000003473,Correo Argentino,CA070217058AR,DELIVERED,2024-07-23 16:04:00,2024-07-29 17:15:42
9000001931,1000003475,Correo Argentino,CA088039615AR,DELIVERED,2024-07-24 17:56:56,2024-08-07 14:04:02
9000001932,1000003477,Correo Argentino,CA874960562AR,DELIVERED,2024-07-24 18:42:27,2024-08-02 10:36:46
9000001933,1000003478,Correo Argentino,CA594515894AR,DELIVERED,2024-07-24 18:49:02,2024-08-05 18:18:37
9000001934,1000003480,Correo Argentino,CA365178955AR,DELIVERED,2024-07-24 18:18:13,2024-08-05 13:44:41
9000001935,1000003482,Correo Argentino,CA219804602AR,DELIVERED,2024-07-24 16:10:36,2024-07-31 13:02:15
9000001936,1000003483,Correo Argentino,CA022127818AR,DELIVERED,2024-07-24 18:32:43,2024-08-02 12:50:08
9000001937,1000003484,Correo Argentino,CA035233729AR,DELIVERED,2024-07-24 16:09:49,2024-08-05 10:35:59
9000001938,1000003486,Correo Argentino,CA840115755AR,DELIVERED,2024-07-25 18:34:31,2024-08-02 10:38:43
9000001939,1000003488,Correo Argentino,CA250995937AR,DELIVERED,2024-07-25 17:14:18,2024-08-02 13:48:42
9000001940,1000003491,Correo Argentino,CA719770356AR,DELIVERED,2024-07-25 17:09:04,2024-07-31 17:38:36
9000001941,1000003492,Correo Argentino,CA107481149AR,DELIVERED,2024-07-25 18:06:11,2024-07-31 17:29:44
9000001942,1000003493,Correo Argentino,CA069205874AR,DELIVERED,2024-07-25 17:28:30,2024-08-01 17:28:22
9000001943,1000003495,Correo Argentino,CA406990180AR,DELIVERED,2024-07-25 18:13:15,2024-07-31 18:10:22
9000001944,1000003497,Correo Argentino,CA809380372AR,DELIVERED,2024-07-26 16:49:13,2024-08-02 11:56:51
9000001945,1000003499,Correo Argentino,CA073434506AR,DELIVERED,2024-07-26 18:15:19,2024-07-31 15:26:39
9000001946,1000003500,Correo Argentino,CA224882530AR,DELIVERED,2024-07-26 18:40:29,2024-08-05 14:40:20
9000001947,1000003501,Correo Argentino,CA449834562AR,DELIVERED,2024-07-26 16:42:51,2024-08-02 17:23:19
9000001948,1000003505,Correo Argentino,CA792368191AR,DELIVERED,2024-07-26 17:08:55,2024-08-05 11:12:59
9000001949,1000003506,Correo Argentino,CA876295204AR,DELIVERED,2024-07-26 16:57:31,2024-08-02 17:12:14
9000001950,1000003507,Correo Argentino,CA166503544AR,DELIVERED,2024-07-26 18:20:59,2024-08-01 10:34:00
9000001951,1000003508,Correo Argentino,CA205291123AR,DELIVERED,2024-07-26 18:13:25,2024-07-31 12:11:23
9000001952,1000003512,Correo Argentino,CA370083068AR,DELIVERED,2024-07-26 18:12:08,2024-08-05 17:05:36
9000001953,1000003515,Correo Argentino,CA017566309AR,DELIVERED,2024-07-29 18:15:59,2024-08-01 16:14:45
9000001954,1000003517,Correo Argentino,CA259305531AR,DELIVERED,2024-07-29 16:25:36,2024-08-07 14:13:19
9000001955,1000003519,Correo Argentino,CA351811659AR,DELIVERED,2024-07-29 17:05:03,2024-08-05 18:23:32
9000001956,1000003520,Correo Argentino,CA258983722AR,DELIVERED,2024-07-29 16:23:48,2024-08-06 17:47:48
9000001957,1000003523,Correo Argentino,CA229854619AR,DELIVERED,2024-07-29 18:59:24,2024-08-07 14:29:58
9000001958,1000003524,Correo Argentino,CA764412406AR,DELIVERED,2024-07-29 17:54:23,2024-08-02 16:30:39
9000001959,1000003525,Correo Argentino,CA285453582AR,DELIVERED,2024-07-29 16:25:26,2024-08-06 09:07:52
9000001960,1000003526,Correo Argentino,CA480493744AR,DELIVERED,2024-07-29 18:56:53,2024-08-01 09:49:21
9000001961,1000003527,Correo Argentino,CA422586353AR,DELIVERED,2024-07-29 17:26:42,2024-08-07 19:57:49
9000001962,1000003528,Correo Argentino,CA645502145AR,DELIVERED,2024-07-29 16:35:18,2024-08-07 18:10:28
9000001963,1000003530,Correo Argentino,CA204672577AR,DELIVERED,2024-07-29 17:32:18,2024-08-06 17:52:48
9000001964,1000003536,Correo Argentino,CA775835502AR,DELIVERED,2024-07-29 18:44:56,2024-08-07 12:35:13
9000001965,1000003539,Correo Argentino,CA390184784AR,DELIVERED,2024-07-29 18:47:41,2024-08-06 15:37:50
9000001966,1000003541,Correo Argentino,,CANCELLED,,
9000001967,1000003545,Correo Argentino,CA308822209AR,DELIVERED,2024-07-29 16:50:19,2024-08-06 10:14:51
9000001968,1000003546,Correo Argentino,CA232924246AR,DELIVERED,2024-07-29 16:30:27,2024-08-06 13:27:50
9000001969,1000003547,Correo Argentino,CA611499104AR,DELIVERED,2024-07-29 16:24:19,2024-08-07 10:29:06
9000001970,1000003548,Correo Argentino,CA423462080AR,DELIVERED,2024-07-29 18:36:51,2024-08-09 10:08:12
9000001971,1000003550,Correo Argentino,CA630325089AR,DELIVERED,2024-07-29 16:20:31,2024-08-06 19:24:26
9000001972,1000003551,Correo Argentino,CA025523616AR,DELIVERED,2024-07-29 16:10:47,2024-08-07 10:45:49
9000001973,1000003552,Correo Argentino,CA457150043AR,DELIVERED,2024-07-29 18:31:52,2024-08-07 15:50:04
9000001974,1000003553,Correo Argentino,CA041272497AR,DELIVERED,2024-07-29 17:46:36,2024-08-07 10:23:45
9000001975,1000003554,Correo Argentino,CA797521679AR,DELIVERED,2024-07-29 18:15:30,2024-08-08 11:59:56
9000001976,1000003555,Correo Argentino,CA202932142AR,DELIVERED,2024-07-29 17:13:49,2024-08-06 14:30:36
9000001977,1000003559,Correo Argentino,CA800529363AR,DELIVERED,2024-07-30 17:24:16,2024-08-02 12:05:26
9000001978,1000003560,Correo Argentino,CA793932642AR,DELIVERED,2024-07-30 17:07:42,2024-08-08 17:00:07
9000001979,1000003562,Correo Argentino,CA130780505AR,DELIVERED,2024-07-30 18:24:00,2024-08-05 16:10:41
9000001980,1000003564,Correo Argentino,CA753974480AR,DELIVERED,2024-07-30 17:55:54,2024-08-07 12:31:09
9000001981,1000003565,Correo Argentino,CA712193322AR,DELIVERED,2024-07-30 18:23:57,2024-08-07 13:55:42
9000001982,1000003568,Correo Argentino,CA306505266AR,DELIVERED,2024-07-30 16:20:34,2024-08-06 12:41:25
9000001983,1000003569,Correo Argentino,CA294467559AR,DELIVERED,2024-07-30 18:00:17,2024-08-07 14:28:06
9000001984,1000003571,Correo Argentino,CA686748332AR,DELIVERED,2024-07-31 18:39:23,2024-08-08 12:02:33
9000001985,1000003573,Correo Argentino,CA043175543AR,DELIVERED,2024-07-31 17:24:15,2024-08-08 12:11:00
9000001986,1000003574,Correo Argentino,CA741588455AR,DELIVERED,2024-07-31 16:35:28,2024-08-07 10:10:40
9000001987,1000003577,Correo Argentino,CA745018087AR,DELIVERED,2024-07-31 18:40:30,2024-08-08 11:20:43
9000001988,1000003578,Correo Argentino,CA943235947AR,DELIVERED,2024-07-31 17:25:31,2024-08-12 11:21:05
9000001989,1000003579,Correo Argentino,CA927449313AR,DELIVERED,2024-07-31 16:22:47,2024-08-12 18:09:33
9000001990,1000003580,Correo Argentino,CA249936514AR,DELIVERED,2024-07-31 16:01:43,2024-08-08 11:28:29
9000001991,1000003582,Correo Argentino,CA635943293AR,DELIVERED,2024-07-31 17:39:04,2024-08-07 09:03:02
9000001992,1000003583,Correo Argentino,CA210437337AR,DELIVERED,2024-07-31 18:44:04,2024-08-08 14:54:20
9000001993,1000003584,Correo Argentino,CA231789329AR,DELIVERED,2024-07-31 16:43:25,2024-08-09 12:06:03
9000001994,1000003585,Correo Argentino,CA410278571AR,DELIVERED,2024-07-31 16:03:59,2024-08-06 16:55:22
9000001995,1000003586,Correo Argentino,CA647046654AR,DELIVERED,2024-07-31 18:36:46,2024-08-08 18:23:05
9000001996,1000003587,Correo Argentino,CA137763620AR,DELIVERED,2024-08-01 17:04:57,2024-08-09 13:37:54
9000001997,1000003591,Correo Argentino,CA893825693AR,DELIVERED,2024-08-01 16:05:55,2024-08-09 19:52:46
9000001998,1000003594,Correo Argentino,CA189366915AR,DELIVERED,2024-08-01 18:27:27,2024-08-14 18:02:15
9000001999,1000003596,Correo Argentino,CA193431261AR,DELIVERED,2024-08-01 16:06:08,2024-08-12 10:19:00
9000002000,1000003597,Correo Argentino,CA685961816AR,DELIVERED,2024-08-01 16:26:53,2024-08-12 19:35:28
9000002001,1000003598,Correo Argentino,CA806563144AR,DELIVERED,2024-08-01 17:52:01,2024-08-13 11:12:39
9000002002,1000003599,Correo Argentino,CA775401698AR,DELIVERED,2024-08-01 16:16:14,2024-08-09 09:07:22
9000002003,1000003600,Correo Argentino,CA479172809AR,DELIVERED,2024-08-01 18:56:12,2024-08-06 12:10:13
9000002004,1000003601,Correo Argentino,CA664354831AR,DELIVERED,2024-08-01 18:31:51,2024-08-09 15:54:06
9000002005,1000003602,Correo Argentino,CA494422920AR,DELIVERED,2024-08-01 18:37:58,2024-08-09 13:58:50
9000002006,1000003603,Correo Argentino,CA318919072AR,DELIVERED,2024-08-01 17:35:20,2024-08-09 18:50:31
9000002007,1000003604,Correo Argentino,CA172365239AR,DELIVERED,2024-08-02 18:03:37,2024-08-12 09:12:51
9000002008,1000003609,Correo Argentino,CA195877599AR,DELIVERED,2024-08-02 16:14:09,2024-08-08 12:31:52
9000002009,1000003612,Correo Argentino,CA695086979AR,DELIVERED,2024-08-02 18:56:34,2024-08-09 11:58:20
9000002010,1000003613,Correo Argentino,CA745510471AR,DELIVERED,2024-08-02 18:35:43,2024-08-14 11:28:51
9000002011,1000003616,Correo Argentino,CA670751310AR,DELIVERED,2024-08-05 17:03:10,2024-08-09 18:58:30
9000002012,1000003619,Correo Argentino,CA821264450AR,DELIVERED,2024-08-02 16:22:23,2024-08-07 16:32:49
9000002013,1000003620,Correo Argentino,CA007080686AR,DELIVERED,2024-08-02 16:19:28,2024-08-12 12:47:00
9000002014,1000003621,Correo Argentino,CA778493072AR,DELIVERED,2024-08-02 18:41:07,2024-08-14 09:05:54
9000002015,1000003622,Correo Argentino,CA390510798AR,DELIVERED,2024-08-02 16:03:23,2024-08-13 14:39:21
9000002016,1000003623,Correo Argentino,CA622550849AR,DELIVERED,2024-08-02 17:26:29,2024-08-13 19:23:02
9000002017,1000003624,Correo Argentino,CA518101180AR,DELIVERED,2024-08-02 17:14:04,2024-08-12 09:41:00
9000002018,1000003625,Correo Argentino,CA013916790AR,DELIVERED,2024-08-02 17:15:05,2024-08-08 13:27:42
9000002019,1000003626,Correo Argentino,CA471568120AR,DELIVERED,2024-08-02 17:14:39,2024-08-09 13:37:11
9000002020,1000003627,Correo Argentino,CA439429600AR,DELIVERED,2024-08-02 16:40:42,2024-08-09 17:00:15
9000002021,1000003629,Correo Argentino,CA241612058AR,DELIVERED,2024-08-05 16:44:47,2024-08-13 17:12:23
9000002022,1000003632,Correo Argentino,CA826434925AR,DELIVERED,2024-08-05 16:50:43,2024-08-09 18:47:25
9000002023,1000003637,Correo Argentino,CA050738807AR,DELIVERED,2024-08-05 16:46:58,2024-08-09 10:21:05
9000002024,1000003640,Correo Argentino,CA079459221AR,DELIVERED,2024-08-05 16:50:51,2024-08-14 19:41:38
9000002025,1000003641,Correo Argentino,CA105604943AR,DELIVERED,2024-08-05 17:54:31,2024-08-16 19:00:49
9000002026,1000003642,Correo Argentino,,CANCELLED,,
9000002027,1000003643,Correo Argentino,,CANCELLED,,
9000002028,1000003645,Correo Argentino,CA913448407AR,DELIVERED,2024-08-05 18:01:57,2024-08-14 19:12:31
9000002029,1000003647,Correo Argentino,CA092496221AR,DELIVERED,2024-08-05 18:26:23,2024-08-13 09:27:11
9000002030,1000003658,Correo Argentino,CA913224983AR,DELIVERED,2024-08-05 16:41:58,2024-08-09 09:40:09
9000002031,1000003659,Correo Argentino,CA168993907AR,DELIVERED,2024-08-05 18:08:37,2024-08-14 12:49:42
9000002032,1000003662,Correo Argentino,CA815477333AR,DELIVERED,2024-08-05 17:55:07,2024-08-14 18:51:29
9000002033,1000003663,Correo Argentino,CA710139369AR,DELIVERED,2024-08-05 18:06:39,2024-08-08 19:47:34
9000002034,1000003664,Correo Argentino,CA925547521AR,DELIVERED,2024-08-05 17:02:53,2024-08-13 09:23:24
9000002035,1000003665,Correo Argentino,CA861932654AR,DELIVERED,2024-08-05 18:08:35,2024-08-12 15:47:23
9000002036,1000003666,Correo Argentino,CA015207829AR,DELIVERED,2024-08-05 17:44:39,2024-08-14 13:03:31
9000002037,1000003667,Correo Argentino,CA619541867AR,DELIVERED,2024-08-05 16:33:45,2024-08-09 18:42:38
9000002038,1000003668,Correo Argentino,CA176105261AR,DELIVERED,2024-08-05 18:14:54,2024-08-09 15:19:51
9000002039,1000003669,Correo Argentino,CA705920434AR,DELIVERED,2024-08-05 18:25:12,2024-08-09 14:23:14
9000002040,1000003670,Correo Argentino,CA215102503AR,DELIVERED,2024-08-05 17:39:50,2024-08-12 18:23:50
9000002041,1000003671,Correo Argentino,CA205426701AR,DELIVERED,2024-08-05 16:59:33,2024-08-14 12:07:45
9000002042,1000003672,Correo Argentino,CA419900104AR,DELIVERED,2024-08-05 17:36:51,2024-08-15 12:19:41
9000002043,1000003673,Correo Argentino,CA499957620AR,DELIVERED,2024-08-05 18:50:41,2024-08-14 09:15:47
9000002044,1000003674,Correo Argentino,CA198168393AR,DELIVERED,2024-08-05 17:27:07,2024-08-14 18:09:27
9000002045,1000003675,Correo Argentino,CA486846743AR,DELIVERED,2024-08-06 16:17:48,2024-08-14 09:33:58
9000002046,1000003678,Correo Argentino,CA295594313AR,DELIVERED,2024-08-06 17:01:40,2024-08-15 16:37:57
9000002047,1000003679,Correo Argentino,CA181870392AR,DELIVERED,2024-08-06 17:05:58,2024-08-15 19:18:27
9000002048,1000003680,Correo Argentino,CA098341636AR,DELIVERED,2024-08-06 17:40:00,2024-08-14 18:32:22
9000002049,1000003683,Correo Argentino,CA872495897AR,DELIVERED,2024-08-06 17:41:00,2024-08-15 12:10:10
9000002050,1000003684,Correo Argentino,CA380855088AR,DELIVERED,2024-08-06 18:50:35,2024-08-15 09:13:34
9000002051,1000003685,Correo Argentino,CA857835919AR,DELIVERED,2024-08-06 18:44:26,2024-08-12 11:26:31
9000002052,1000003686,Correo Argentino,CA143943442AR,DELIVERED,2024-08-06 17:05:24,2024-08-12 09:38:00
9000002053,1000003695,Correo Argentino,CA385294858AR,DELIVERED,2024-08-07 18:12:47,2024-08-19 11:24:12
9000002054,1000003697,Correo Argentino,CA206098920AR,DELIVERED,2024-08-07 17:06:11,2024-08-14 15:49:16
9000002055,1000003698,Correo Argentino,CA624463393AR,DELIVERED,2024-08-07 17:56:33,2024-08-14 14:58:21
9000002056,1000003701,Correo Argentino,CA376632337AR,DELIVERED,2024-08-08 17:06:19,2024-08-14 13:17:51
9000002057,1000003702,Correo Argentino,CA156432603AR,DELIVERED,2024-08-08 16:35:57,2024-08-16 19:58:51
9000002058,1000003703,Correo Argentino,CA349548994AR,DELIVERED,2024-08-08 16:29:43,2024-08-19 15:33:42
9000002059,1000003705,Correo Argentino,CA438410807AR,DELIVERED,2024-08-08 17:05:12,2024-08-19 11:44:06
9000002060,1000003706,Correo Argentino,CA750521798AR,DELIVERED,2024-08-08 17:09:54,2024-08-14 17:04:54
9000002061,1000003708,Correo Argentino,CA741867146AR,DELIVERED,2024-08-08 18:01:17,2024-08-20 19:34:30
9000002062,1000003710,Correo Argentino,CA162817379AR,DELIVERED,2024-08-08 18:12:59,2024-08-14 18:01:45
9000002063,1000003711,Correo Argentino,CA516109093AR,DELIVERED,2024-08-08 17:28:37,2024-08-16 11:07:18
9000002064,1000003712,Correo Argentino,CA795578926AR,DELIVERED,2024-08-08 16:18:33,2024-08-15 19:26:33
9000002065,1000003713,Correo Argentino,CA602028552AR,DELIVERED,2024-08-08 17:07:32,2024-08-15 11:38:30
9000002066,1000003714,Correo Argentino,CA499917877AR,DELIVERED,2024-08-08 16:19:47,2024-08-15 16:39:20
9000002067,1000003715,Correo Argentino,CA513612793AR,DELIVERED,2024-08-08 17:28:32,2024-08-15 11:44:49
9000002068,1000003716,Correo Argentino,CA366672840AR,DELIVERED,2024-08-08 16:44:38,2024-08-20 18:43:58
9000002069,1000003717,Correo Argentino,CA248250747AR,DELIVERED,2024-08-08 17:47:32,2024-08-16 19:55:36
9000002070,1000003718,Correo Argentino,CA159259585AR,DELIVERED,2024-08-08 16:05:19,2024-08-19 15:34:43
9000002071,1000003721,Correo Argentino,CA617987027AR,DELIVERED,2024-08-08 16:09:43,2024-08-16 18:48:16
9000002072,1000003726,Correo Argentino,CA059680512AR,DELIVERED,2024-08-09 17:03:34,2024-08-15 16:33:25
9000002073,1000003727,Correo Argentino,CA240532520AR,DELIVERED,2024-08-09 18:33:05,2024-08-21 13:16:28
9000002074,1000003728,Correo Argentino,CA995111592AR,DELIVERED,2024-08-09 18:08:33,2024-08-21 13:14:03
9000002075,1000003731,Correo Argentino,CA759053600AR,DELIVERED,2024-08-12 16:50:08,2024-08-20 11:39:06
9000002076,1000003736,Correo Argentino,CA238066773AR,DELIVERED,2024-08-12 17:01:04,2024-08-22 10:15:13
9000002077,1000003737,Correo Argentino,CA227134259AR,DELIVERED,2024-08-12 18:05:55,2024-08-21 10:59:25
9000002078,1000003738,Correo Argentino,CA730360737AR,DELIVERED,2024-08-12 17:04:04,2024-08-21 13:28:19
9000002079,1000003739,Correo Argentino,CA325254159AR,DELIVERED,2024-08-12 16:33:54,2024-08-20 14:49:18
9000002080,1000003740,Correo Argentino,CA198414398AR,DELIVERED,2024-08-12 16:33:01,2024-08-16 15:35:17
9000002081,1000003741,Correo Argentino,CA493846422AR,DELIVERED,2024-08-12 18:59:31,2024-08-20 09:47:55
9000002082,1000003752,Correo Argentino,CA015200480AR,DELIVERED,2024-08-12 18:55:13,2024-08-20 12:00:50
9000002083,1000003753,Correo Argentino,CA192526882AR,DELIVERED,2024-08-12 17:58:25,2024-08-20 12:34:10
9000002084,1000003759,Correo Argentino,CA441990005AR,DELIVERED,2024-08-12 16:06:33,2024-08-20 19:06:28
9000002085,1000003761,Correo Argentino,CA457112883AR,DELIVERED,2024-08-12 16:53:56,2024-08-19 12:55:09
9000002086,1000003762,Correo Argentino,CA084855413AR,DELIVERED,2024-08-12 18:55:17,2024-08-21 17:03:26
9000002087,1000003763,Correo Argentino,CA008741252AR,DELIVERED,2024-08-12 16:06:43,2024-08-20 12:50:43
9000002088,1000003764,Correo Argentino,CA083257256AR,DELIVERED,2024-08-12 16:48:35,2024-08-21 18:08:10
9000002089,1000003765,Correo Argentino,CA834153264AR,DELIVERED,2024-08-12 16:20:39,2024-08-21 18:45:21
9000002090,1000003766,Correo Argentino,CA086702961AR,DELIVERED,2024-08-12 17:58:03,2024-08-15 13:29:18
9000002091,1000003768,Correo Argentino,CA883455690AR,DELIVERED,2024-08-12 18:57:58,2024-08-20 16:16:09
9000002092,1000003769,Correo Argentino,CA066026495AR,DELIVERED,2024-08-12 16:11:48,2024-08-21 19:23:38
9000002093,1000003770,Correo Argentino,CA164969891AR,DELIVERED,2024-08-12 17:19:41,2024-08-23 09:02:06
9000002094,1000003774,Correo Argentino,CA924550286AR,DELIVERED,2024-08-13 17:32:54,2024-08-20 16:07:59
9000002095,1000003776,Correo Argentino,CA556797652AR,DELIVERED,2024-08-13 17:40:24,2024-08-16 13:48:42
9000002096,1000003777,Correo Argentino,CA338200716AR,DELIVERED,2024-08-13 17:01:29,2024-08-26 16:49:06
9000002097,1000003778,Correo Argentino,CA685727014AR,DELIVERED,2024-08-13 16:37:34,2024-08-23 16:35:12
9000002098,1000003779,Correo Argentino,CA254844837AR,DELIVERED,2024-08-13 16:54:41,2024-08-20 12:12:54
9000002099,1000003781,Correo Argentino,CA367596548AR,DELIVERED,2024-08-13 16:42:18,2024-08-23 16:19:43
9000002100,1000003782,Correo Argentino,CA631933932AR,DELIVERED,2024-08-13 16:55:04,2024-08-22 09:57:01
9000002101,1000003784,Correo Argentino,CA814501164AR,DELIVERED,2024-08-13 16:49:04,2024-08-20 12:30:31
9000002102,1000003785,Correo Argentino,CA113313639AR,DELIVERED,2024-08-13 17:10:47,2024-08-22 19:28:38
9000002103,1000003786,Correo Argentino,CA232263703AR,DELIVERED,2024-08-13 16:14:05,2024-08-22 14:17:25
9000002104,1000003787,Correo Argentino,CA253922989AR,DELIVERED,2024-08-13 17:44:53,2024-08-22 10:34:04
9000002105,1000003788,Correo Argentino,CA634338405AR,DELIVERED,2024-08-13 16:24:35,2024-08-20 14:45:30
9000002106,1000003790,Correo Argentino,CA260299213AR,DELIVERED,2024-08-13 18:08:54,2024-08-22 10:02:22
9000002107,1000003791,Correo Argentino,CA351525482AR,DELIVERED,2024-08-14 18:03:43,2024-08-22 19:16:33
9000002108,1000003793,Correo Argentino,CA262712368AR,DELIVERED,2024-08-14 17:57:03,2024-08-19 19:11:05
9000002109,1000003795,Correo Argentino,CA221408028AR,DELIVERED,2024-08-14 16:29:26,2024-08-21 17:35:19
9000002110,1000003796,Correo Argentino,CA364748513AR,DELIVERED,2024-08-14 17:13:43,2024-08-23 18:39:11
9000002111,1000003797,Correo Argentino,CA283215478AR,DELIVERED,2024-08-14 16:53:12,2024-08-26 16:59:15
9000002112,1000003798,Correo Argentino,CA222225217AR,DELIVERED,2024-08-14 16:34:36,2024-08-23 14:49:47
9000002113,1000003799,Correo Argentino,CA741699835AR,DELIVERED,2024-08-14 16:57:32,2024-08-23 13:39:29
9000002114,1000003800,Correo Argentino,CA453165015AR,DELIVERED,2024-08-14 18:21:40,2024-08-26 09:14:29
9000002115,1000003801,Correo Argentino,CA968911233AR,DELIVERED,2024-08-14 16:49:09,2024-08-19 12:27:57
9000002116,1000003802,Correo Argentino,CA212184609AR,DELIVERED,2024-08-14 18:49:06,2024-08-22 10:02:12
9000002117,1000003803,Correo Argentino,CA084536771AR,DELIVERED,2024-08-14 16:51:14,2024-08-22 13:01:54
9000002118,1000003804,Correo Argentino,CA808034216AR,DELIVERED,2024-08-14 17:05:18,2024-08-21 19:03:24
9000002119,1000003805,Correo Argentino,CA858423532AR,DELIVERED,2024-08-14 16:20:39,2024-08-20 13:29:09
9000002120,1000003808,Correo Argentino,CA901816684AR,DELIVERED,2024-08-14 18:56:11,2024-08-22 16:33:15
9000002121,1000003809,Correo Argentino,CA630205315AR,DELIVERED,2024-08-15 16:39:17,2024-08-23 14:07:59
9000002122,1000003810,Correo Argentino,CA239997457AR,DELIVERED,2024-08-15 17:08:05,2024-08-23 15:32:28
9000002123,1000003811,Correo Argentino,CA237392431AR,DELIVERED,2024-08-15 16:20:27,2024-08-26 14:26:55
9000002124,1000003812,Correo Argentino,CA685205439AR,DELIVERED,2024-08-15 17:39:06,2024-08-22 13:26:15
9000002125,1000003816,Correo Argentino,CA647698495AR,DELIVERED,2024-08-15 18:33:21,2024-08-23 16:14:44
9000002126,1000003817,Correo Argentino,CA840589268AR,DELIVERED,2024-08-15 18:08:20,2024-08-27 12:09:42
9000002127,1000003818,Correo Argentino,CA054148019AR,DELIVERED,2024-08-15 18:29:39,2024-08-26 16:23:06
9000002128,1000003819,Correo Argentino,CA291270983AR,DELIVERED,2024-08-15 17:55:36,2024-08-26 19:34:01
9000002129,1000003820,Correo Argentino,CA889112794AR,DELIVERED,2024-08-15 18:37:29,2024-08-26 14:33:18
9000002130,1000003822,Correo Argentino,CA662783441AR,DELIVERED,2024-08-16 16:30:46,2024-08-27 12:31:08
9000002131,1000003824,Correo Argentino,CA762772091AR,DELIVERED,2024-08-16 17:16:39,2024-08-22 13:45:04
9000002132,1000003826,Correo Argentino,CA617518460AR,DELIVERED,2024-08-19 18:49:44,2024-08-28 10:16:59
9000002133,1000003831,Correo Argentino,CA038483230AR,DELIVERED,2024-08-16 16:03:15,2024-08-27 15:56:52
9000002134,1000003832,Correo Argentino,CA157428098AR,DELIVERED,2024-08-16 17:41:02,2024-08-28 19:12:45
9000002135,1000003833,Correo Argentino,CA424637587AR,DELIVERED,2024-08-16 17:35:16,2024-08-23 14:52:38
9000002136,1000003834,Correo Argentino,CA303603980AR,DELIVERED,2024-08-16 16:13:53,2024-08-28 18:36:04
9000002137,1000003835,Correo Argentino,CA966228205AR,DELIVERED,2024-08-16 16:03:19,2024-08-26 14:14:02
9000002138,1000003837,Correo Argentino,CA089760345AR,DELIVERED,2024-08-16 17:47:54,2024-08-26 13:11:50
9000002139,1000003838,Correo Argentino,CA294130454AR,DELIVERED,2024-08-16 18:28:39,2024-08-26 11:07:17
9000002140,1000003842,Correo Argentino,CA982012501AR,DELIVERED,2024-08-16 16:58:09,2024-08-27 11:09:59
9000002141,1000003844,Correo Argentino,CA393314135AR,DELIVERED,2024-08-19 16:52:33,2024-08-30 09:12:01
9000002142,1000003846,Correo Argentino,CA534529351AR,DELIVERED,2024-08-19 17:21:22,2024-08-29 12:08:46
9000002143,1000003849,Correo Argentino,CA558377765AR,DELIVERED,2024-08-19 18:36:42,2024-08-27 13:33:32
9000002144,1000003851,Correo Argentino,CA366865628AR,DELIVERED,2024-08-19 16:34:19,2024-08-28 18:50:56
9000002145,1000003854,Correo Argentino,CA106728542AR,DELIVERED,2024-08-19 16:06:03,2024-08-28 13:44:51
9000002146,1000003856,Correo Argentino,CA645840739AR,DELIVERED,2024-08-19 17:05:36,2024-08-27 16:32:12
9000002147,1000003857,Correo Argentino,CA123379152AR,DELIVERED,2024-08-19 17:17:14,2024-08-30 19:23:28
9000002148,1000003860,Correo Argentino,CA758851845AR,DELIVERED,2024-08-19 16:48:16,2024-08-23 19:36:10
9000002149,1000003865,Correo Argentino,CA435551079AR,DELIVERED,2024-08-19 16:52:25,2024-08-27 16:22:25
9000002150,1000003867,Correo Argentino,CA199353589AR,DELIVERED,2024-08-19 17:45:39,2024-08-23 09:26:33
9000002151,1000003869,Correo Argentino,CA881873306AR,DELIVERED,2024-08-19 18:45:09,2024-08-26 19:18:55
9000002152,1000003871,Correo Argentino,CA327459167AR,DELIVERED,2024-08-19 18:05:33,2024-08-27 09:19:00
9000002153,1000003879,Correo Argentino,CA194454692AR,DELIVERED,2024-08-19 18:59:43,2024-08-28 15:24:58
9000002154,1000003881,Correo Argentino,CA248595116AR,DELIVERED,2024-08-19 16:48:35,2024-08-22 11:54:33
9000002155,1000003882,Correo Argentino,CA619277568AR,DELIVERED,2024-08-20 16:33:44,2024-08-26 11:18:14
9000002156,1000003883,Correo Argentino,CA363411659AR,DELIVERED,2024-08-19 18:13:23,2024-08-23 13:27:51
9000002157,1000003884,Correo Argentino,CA559799221AR,DELIVERED,2024-08-19 18:53:31,2024-08-23 16:13:57
9000002158,1000003885,Correo Argentino,CA470628714AR,DELIVERED,2024-08-19 17:22:26,2024-08-22 13:42:36
9000002159,1000003886,Correo Argentino,CA691304936AR,DELIVERED,2024-08-19 16:25:03,2024-08-30 10:58:54
9000002160,1000003887,Correo Argentino,CA558527860AR,DELIVERED,2024-08-19 16:00:58,2024-08-27 16:56:59
9000002161,1000003888,Correo Argentino,CA260536932AR,DELIVERED,2024-08-19 17:22:11,2024-08-28 15:15:34
9000002162,1000003889,Correo Argentino,CA521930903AR,DELIVERED,2024-08-19 16:50:19,2024-08-28 17:17:36
9000002163,1000003890,Correo Argentino,CA715179923AR,DELIVERED,2024-08-19 16:43:31,2024-08-23 10:15:58
9000002164,1000003891,Correo Argentino,CA252236817AR,DELIVERED,2024-08-19 16:05:35,2024-09-02 12:16:38
9000002165,1000003894,Correo Argentino,CA610284515AR,DELIVERED,2024-08-19 16:42:52,2024-08-27 18:16:36
9000002166,1000003896,Correo Argentino,CA644919784AR,DELIVERED,2024-08-19 18:41:53,2024-08-27 16:13:41
9000002167,1000003898,Correo Argentino,CA960584280AR,DELIVERED,2024-08-20 16:46:39,2024-08-29 10:19:00
9000002168,1000003899,Correo Argentino,CA372657565AR,DELIVERED,2024-08-20 16:42:50,2024-08-28 18:52:53
9000002169,1000003901,Correo Argentino,CA297482743AR,DELIVERED,2024-08-20 18:36:47,2024-08-29 16:54:56
9000002170,1000003902,Correo Argentino,CA259397562AR,DELIVERED,2024-08-20 18:48:52,2024-08-26 16:49:37
9000002171,1000003903,Correo Argentino,CA843294806AR,DELIVERED,2024-08-20 18:08:46,2024-08-28 16:11:20
9000002172,1000003904,Correo Argentino,CA487605085AR,DELIVERED,2024-08-20 18:11:26,2024-08-29 12:05:34
9000002173,1000003905,Correo Argentino,CA379524970AR,DELIVERED,2024-08-20 16:21:11,2024-08-28 13:35:54
9000002174,1000003907,Correo Argentino,CA167681740AR,DELIVERED,2024-08-20 18:14:11,2024-08-30 09:28:15
9000002175,1000003909,Correo Argentino,CA927733767AR,DELIVERED,2024-08-21 17:41:13,2024-08-30 15:39:19
9000002176,1000003913,Correo Argentino,CA991782502AR,DELIVERED,2024-08-21 16:54:22,2024-08-27 12:03:16
9000002177,1000003914,Correo Argentino,CA529768001AR,DELIVERED,2024-08-21 18:49:35,2024-08-29 14:53:12
9000002178,1000003915,Correo Argentino,CA178148840AR,DELIVERED,2024-08-21 17:53:39,2024-09-03 10:06:41
9000002179,1000003917,Correo Argentino,CA351435059AR,DELIVERED,2024-08-21 17:07:48,2024-09-02 18:45:25
9000002180,1000003918,Correo Argentino,CA802674498AR,DELIVERED,2024-08-21 16:11:13,2024-08-30 13:55:39
9000002181,1000003919,Correo Argentino,CA203502656AR,DELIVERED,2024-08-21 16:24:45,2024-08-27 15:47:02
9000002182,1000003920,Correo Argentino,CA926851684AR,DELIVERED,2024-08-22 16:14:43,2024-08-27 17:34:55
9000002183,1000003923,Correo Argentino,CA557805465AR,DELIVERED,2024-08-22 16:18:14,2024-08-28 09:46:01
9000002184,1000003924,Correo Argentino,CA481645383AR,DELIVERED,2024-08-22 16:44:16,2024-08-30 18:47:27
9000002185,1000003927,Correo Argentino,CA574433836AR,DELIVERED,2024-08-22 18:18:12,2024-08-29 15:35:46
9000002186,1000003928,Correo Argentino,CA504900473AR,DELIVERED,2024-08-22 17:20:27,2024-08-27 11:03:29
9000002187,1000003929,Correo Argentino,CA754182308AR,DELIVERED,2024-08-22 16:00:24,2024-09-02 15:27:12
9000002188,1000003930,Correo Argentino,,CANCELLED,,
9000002189,1000003931,Correo Argentino,CA138075424AR,DELIVERED,2024-08-22 17:58:30,2024-09-03 10:18:23
9000002190,1000003932,Correo Argentino,CA137264053AR,DELIVERED,2024-08-22 16:05:13,2024-08-29 12:37:27
9000002191,1000003933,Correo Argentino,CA826363650AR,DELIVERED,2024-08-22 18:51:40,2024-08-30 13:41:48
9000002192,1000003934,Correo Argentino,CA348608728AR,DELIVERED,2024-08-22 18:02:50,2024-08-30 11:10:24
9000002193,1000003936,Correo Argentino,CA476372609AR,DELIVERED,2024-08-22 17:00:15,2024-08-30 09:32:23
9000002194,1000003938,Correo Argentino,CA342250555AR,DELIVERED,2024-08-23 17:09:12,2024-08-29 12:54:28
9000002195,1000003940,Correo Argentino,CA044581764AR,DELIVERED,2024-08-23 17:42:53,2024-08-30 11:17:32
9000002196,1000003941,Correo Argentino,CA196834111AR,DELIVERED,2024-08-23 17:32:46,2024-09-03 15:38:24
9000002197,1000003943,Correo Argentino,CA584948110AR,DELIVERED,2024-08-23 16:31:32,2024-09-04 15:56:43
9000002198,1000003946,Correo Argentino,CA632349783AR,DELIVERED,2024-08-23 17:56:43,2024-08-30 16:02:01
9000002199,1000003947,Correo Argentino,CA220905182AR,DELIVERED,2024-08-23 18:16:50,2024-09-03 13:03:31
9000002200,1000003950,Correo Argentino,CA126148810AR,DELIVERED,2024-08-23 16:01:21,2024-09-04 16:26:19
9000002201,1000003952,Correo Argentino,CA846814997AR,DELIVERED,2024-08-23 17:06:45,2024-08-30 09:06:20
9000002202,1000003954,Correo Argentino,CA138109580AR,DELIVERED,2024-08-26 18:03:47,2024-08-30 17:40:34
9000002203,1000003955,Correo Argentino,CA091818081AR,DELIVERED,2024-08-26 16:42:06,2024-09-02 17:28:30
9000002204,1000003959,Correo Argentino,CA887436789AR,DELIVERED,2024-08-26 17:08:42,2024-09-02 16:23:38
9000002205,1000003960,Correo Argentino,CA142110309AR,DELIVERED,2024-08-26 17:13:40,2024-09-03 18:23:13
9000002206,1000003963,Correo Argentino,CA634917047AR,DELIVERED,2024-08-26 17:55:18,2024-09-02 19:31:51
9000002207,1000003964,Correo Argentino,CA885468379AR,DELIVERED,2024-08-26 16:52:43,2024-09-03 15:31:47
9000002208,1000003965,Correo Argentino,CA588475733AR,DELIVERED,2024-08-26 18:09:38,2024-09-03 10:52:24
9000002209,1000003966,Correo Argentino,CA796803026AR,DELIVERED,2024-08-26 16:52:53,2024-08-30 17:59:25
9000002210,1000003967,Correo Argentino,CA689321738AR,DELIVERED,2024-08-26 16:19:04,2024-08-30 16:03:47
9000002211,1000003968,Correo Argentino,CA578763948AR,DELIVERED,2024-08-26 16:27:52,2024-09-05 17:04:04
9000002212,1000003969,Correo Argentino,CA771807261AR,DELIVERED,2024-08-26 18:23:39,2024-08-30 09:17:13
9000002213,1000003970,Correo Argentino,CA300950258AR,DELIVERED,2024-08-26 16:50:09,2024-09-04 14:37:56
9000002214,1000003975,Correo Argentino,CA283620573AR,DELIVERED,2024-08-26 17:26:00,2024-09-03 17:08:32
9000002215,1000003976,Correo Argentino,CA635558029AR,DELIVERED,2024-08-26 16:19:42,2024-09-03 12:32:27
9000002216,1000003978,Correo Argentino,CA350720340AR,DELIVERED,2024-08-26 16:34:09,2024-08-30 19:31:48
9000002217,1000003979,Correo Argentino,CA732961740AR,DELIVERED,2024-08-26 18:23:38,2024-09-02 10:25:47
9000002218,1000003980,Correo Argentino,CA168825154AR,DELIVERED,2024-08-26 17:09:51,2024-09-03 09:55:35
9000002219,1000003981,Correo Argentino,CA432842687AR,DELIVERED,2024-08-26 18:21:47,2024-08-30 19:28:57
9000002220,1000003982,Correo Argentino,CA977777174AR,DELIVERED,2024-08-26 18:26:16,2024-08-30 17:37:24
9000002221,1000003983,Correo Argentino,CA791490605AR,DELIVERED,2024-08-26 18:17:57,2024-09-04 19:31:20
9000002222,1000003984,Correo Argentino,CA981680695AR,DELIVERED,2024-08-26 16:17:49,2024-09-03 15:20:13
9000002223,1000003985,Correo Argentino,CA864569534AR,DELIVERED,2024-08-26 18:54:42,2024-09-09 11:54:45
9000002224,1000003986,Correo Argentino,CA145739339AR,DELIVERED,2024-08-26 16:01:05,2024-09-05 13:24:23
9000002225,1000003987,Correo Argentino,CA983441376AR,DELIVERED,2024-08-26 16:23:51,2024-09-02 12:49:53
9000002226,1000003988,Correo Argentino,CA446226682AR,DELIVERED,2024-08-26 17:31:23,2024-09-03 12:06:10
9000002227,1000003989,Correo Argentino,CA489472047AR,DELIVERED,2024-08-26 16:25:34,2024-09-03 11:46:09
9000002228,1000003990,Correo Argentino,CA950688652AR,DELIVERED,2024-08-26 18:07:11,2024-09-02 16:54:48
9000002229,1000003991,Correo Argentino,CA000574233AR,DELIVERED,2024-08-26 17:20:08,2024-09-03 09:34:58
9000002230,1000003992,Correo Argentino,CA471752822AR,DELIVERED,2024-08-26 17:13:17,2024-09-02 17:39:35
9000002231,1000003993,Correo Argentino,CA412948127AR,DELIVERED,2024-08-26 16:34:40,2024-09-03 13:07:35
9000002232,1000003995,Correo Argentino,CA402432129AR,DELIVERED,2024-08-26 17:22:51,2024-08-30 14:31:25
9000002233,1000003996,Correo Argentino,CA735779001AR,DELIVERED,2024-08-27 16:45:01,2024-09-09 18:33:52
9000002234,1000003998,Correo Argentino,CA575491750AR,DELIVERED,2024-08-27 18:03:24,2024-09-05 16:04:44
9000002235,1000003999,Correo Argentino,CA806953462AR,DELIVERED,2024-08-27 18:50:02,2024-09-04 19:45:20
9000002236,1000004000,Correo Argentino,CA060278496AR,DELIVERED,2024-08-27 17:58:55,2024-09-04 19:37:13
9000002237,1000004001,Correo Argentino,CA496268449AR,DELIVERED,2024-08-27 16:07:14,2024-09-06 14:29:15
9000002238,1000004002,Correo Argentino,CA195040628AR,DELIVERED,2024-08-27 16:42:02,2024-09-02 11:28:21
9000002239,1000004003,Correo Argentino,CA571893714AR,DELIVERED,2024-08-28 16:58:55,2024-09-06 16:57:18
9000002240,1000004004,Correo Argentino,CA292576423AR,DELIVERED,2024-08-28 18:43:08,2024-09-05 13:36:54
9000002241,1000004006,Correo Argentino,CA045971236AR,DELIVERED,2024-08-28 17:24:43,2024-09-06 10:47:10
9000002242,1000004008,Correo Argentino,CA264139703AR,DELIVERED,2024-08-28 18:47:15,2024-09-05 13:05:56
9000002243,1000004009,Correo Argentino,CA097478283AR,DELIVERED,2024-08-28 16:43:06,2024-09-09 09:36:02
9000002244,1000004010,Correo Argentino,CA485138045AR,DELIVERED,2024-08-28 16:52:28,2024-09-04 18:25:18
9000002245,1000004011,Correo Argentino,CA924972633AR,DELIVERED,2024-08-28 16:36:06,2024-09-10 10:15:53
9000002246,1000004012,Correo Argentino,CA610786792AR,DELIVERED,2024-08-28 16:31:50,2024-09-05 15:03:29
9000002247,1000004013,Correo Argentino,CA725667139AR,DELIVERED,2024-08-28 16:07:38,2024-09-04 15:38:16
9000002248,1000004014,Correo Argentino,CA675950559AR,DELIVERED,2024-08-28 18:06:07,2024-09-06 09:14:52
9000002249,1000004017,Correo Argentino,CA172801540AR,DELIVERED,2024-08-28 18:16:28,2024-09-05 10:03:31
9000002250,1000004021,Correo Argentino,CA214533957AR,DELIVERED,2024-08-29 18:53:00,2024-09-05 18:12:35
9000002251,1000004024,Correo Argentino,CA318770793AR,DELIVERED,2024-08-30 18:42:45,2024-09-04 12:46:04
9000002252,1000004025,Correo Argentino,CA343784905AR,DELIVERED,2024-08-29 16:42:56,2024-09-10 10:30:11
9000002253,1000004026,Correo Argentino,CA107693418AR,DELIVERED,2024-09-02 16:36:22,2024-09-04 19:45:28
9000002254,1000004027,Correo Argentino,CA479375522AR,DELIVERED,2024-08-29 17:26:27,2024-09-09 16:51:05
9000002255,1000004028,Correo Argentino,CA991377343AR,DELIVERED,2024-08-29 17:13:19,2024-09-09 14:49:44
9000002256,1000004029,Correo Argentino,CA346586871AR,DELIVERED,2024-08-29 18:50:40,2024-09-04 16:55:56
9000002257,1000004030,Correo Argentino,CA948480319AR,DELIVERED,2024-08-29 17:53:55,2024-09-09 10:56:22
9000002258,1000004031,Correo Argentino,CA312384876AR,DELIVERED,2024-08-30 17:33:17,2024-09-09 11:44:37
9000002259,1000004033,Correo Argentino,CA135654372AR,DELIVERED,2024-08-30 18:22:34,2024-09-10 19:34:12
9000002260,1000004034,Correo Argentino,CA458352126AR,DELIVERED,2024-08-30 17:06:32,2024-09-10 10:54:56
9000002261,1000004037,Correo Argentino,CA009928726AR,DELIVERED,2024-08-30 16:47:26,2024-09-06 16:11:05
9000002262,1000004038,Correo Argentino,CA406342324AR,DELIVERED,2024-08-30 18:30:44,2024-09-05 19:17:54
9000002263,1000004041,Correo Argentino,CA702817751AR,DELIVERED,2024-08-30 16:19:29,2024-09-06 13:34:48
9000002264,1000004043,Correo Argentino,CA486713798AR,DELIVERED,2024-08-30 17:49:35,2024-09-05 11:42:28
9000002265,1000004044,Correo Argentino,CA696820211AR,DELIVERED,2024-08-30 16:23:48,2024-09-11 12:57:38
9000002266,1000004045,Correo Argentino,CA200533067AR,DELIVERED,2024-08-30 16:42:10,2024-09-05 17:14:47
9000002267,1000004047,Correo Argentino,CA600994996AR,DELIVERED,2024-09-02 18:22:42,2024-09-06 09:50:13
9000002268,1000004051,Correo Argentino,CA201928861AR,DELIVERED,2024-09-02 18:00:10,2024-09-03 14:50:03
9000002269,1000004057,Correo Argentino,CA166832513AR,DELIVERED,2024-09-02 18:54:26,2024-09-04 13:30:59
9000002270,1000004058,Correo Argentino,CA314970497AR,DELIVERED,2024-09-02 16:48:17,2024-09-04 09:20:32
9000002271,1000004059,Correo Argentino,CA354638652AR,DELIVERED,2024-09-02 16:42:04,2024-09-03 09:21:07
9000002272,1000004060,Correo Argentino,CA694880868AR,DELIVERED,2024-09-02 16:42:17,2024-09-04 09:13:28
9000002273,1000004061,Correo Argentino,CA324724212AR,DELIVERED,2024-09-02 16:50:28,2024-09-09 12:30:16
9000002274,1000004063,Correo Argentino,CA089494622AR,DELIVERED,2024-09-02 18:38:55,2024-09-09 15:55:52
9000002275,1000004064,Correo Argentino,CA734722904AR,DELIVERED,2024-09-02 18:00:57,2024-09-04 15:22:18
9000002276,1000004067,Correo Argentino,CA679499578AR,DELIVERED,2024-09-02 17:58:56,2024-09-04 15:45:32
9000002277,1000004077,Correo Argentino,CA214825397AR,DELIVERED,2024-09-02 18:14:11,2024-09-04 14:22:02
9000002278,1000004079,Correo Argentino,CA533464790AR,DELIVERED,2024-09-02 16:08:56,2024-09-05 14:50:19
9000002279,1000004080,Correo Argentino,CA738420822AR,DELIVERED,2024-09-02 17:17:56,2024-09-05 17:15:24
9000002280,1000004082,Correo Argentino,CA827888322AR,DELIVERED,2024-09-02 17:46:56,2024-09-04 14:01:05
9000002281,1000004084,Correo Argentino,CA241717332AR,DELIVERED,2024-09-02 18:32:20,2024-09-05 12:03:38
9000002282,1000004085,Correo Argentino,CA270153807AR,DELIVERED,2024-09-02 18:14:24,2024-09-04 16:33:37
9000002283,1000004086,Correo Argentino,CA173087689AR,DELIVERED,2024-09-02 17:53:42,2024-09-06 09:47:21
9000002284,1000004087,Correo Argentino,CA400785377AR,DELIVERED,2024-09-02 17:08:06,2024-09-04 12:12:28
9000002285,1000004088,Correo Argentino,CA857337507AR,DELIVERED,2024-09-02 16:43:48,2024-09-03 11:40:52
9000002286,1000004089,Correo Argentino,CA018209403AR,DELIVERED,2024-09-02 17:22:28,2024-09-04 10:03:32
9000002287,1000004090,Correo Argentino,CA345606106AR,DELIVERED,2024-09-02 17:22:59,2024-09-05 10:34:56
9000002288,1000004091,Correo Argentino,CA349345215AR,DELIVERED,2024-09-02 16:40:38,2024-09-05 10:28:31
9000002289,1000004092,Correo Argentino,CA385717346AR,DELIVERED,2024-09-02 18:01:48,2024-09-05 11:34:06
9000002290,1000004093,Correo Argentino,CA785892400AR,DELIVERED,2024-09-02 16:43:44,2024-09-04 13:11:48
9000002291,1000004094,Correo Argentino,CA607959891AR,DELIVERED,2024-09-02 18:42:35,2024-09-06 15:50:59
9000002292,1000004098,Correo Argentino,CA921052430AR,DELIVERED,2024-09-03 17:13:36,2024-09-05 11:26:10
9000002293,1000004099,Correo Argentino,CA270703243AR,DELIVERED,2024-09-03 16:07:12,2024-09-09 14:09:57
9000002294,1000004101,Correo Argentino,CA383087089AR,DELIVERED,2024-09-03 16:19:58,2024-09-06 14:09:02
9000002295,1000004104,Correo Argentino,,CANCELLED,,
9000002296,1000004106,Correo Argentino,CA755991331AR,DELIVERED,2024-09-03 16:08:10,2024-09-06 19:56:50
9000002297,1000004107,Correo Argentino,CA967859168AR,DELIVERED,2024-09-03 17:59:29,2024-09-05 10:43:57
9000002298,1000004108,Correo Argentino,CA059455948AR,DELIVERED,2024-09-03 18:53:09,2024-09-06 12:34:30
9000002299,1000004109,Correo Argentino,CA797359967AR,DELIVERED,2024-09-03 18:49:19,2024-09-04 10:39:40
9000002300,1000004110,Correo Argentino,CA307749821AR,DELIVERED,2024-09-03 17:12:41,2024-09-05 14:01:24
9000002301,1000004111,Correo Argentino,CA654632115AR,DELIVERED,2024-09-03 17:38:15,2024-09-06 12:39:48
9000002302,1000004120,Correo Argentino,CA166176887AR,DELIVERED,2024-09-04 17:36:38,2024-09-05 17:20:06
9000002303,1000004121,Correo Argentino,CA939684610AR,DELIVERED,2024-09-04 18:57:04,2024-09-06 12:11:10
9000002304,1000004122,Correo Argentino,CA188309151AR,DELIVERED,2024-09-04 17:06:06,2024-09-06 18:00:52
9000002305,1000004123,Correo Argentino,CA692710925AR,DELIVERED,2024-09-04 16:21:50,2024-09-06 16:37:08
9000002306,1000004124,Correo Argentino,CA240530110AR,DELIVERED,2024-09-04 17:49:57,2024-09-10 14:54:40
9000002307,1000004125,Correo Argentino,CA350080678AR,DELIVERED,2024-09-04 17:56:07,2024-09-09 12:20:50
9000002308,1000004127,Correo Argentino,CA767895352AR,DELIVERED,2024-09-05 18:44:41,2024-09-10 13:51:39
9000002309,1000004130,Correo Argentino,CA344016793AR,DELIVERED,2024-09-05 18:43:29,2024-09-11 15:02:22
9000002310,1000004131,Correo Argentino,CA018131626AR,DELIVERED,2024-09-05 18:37:43,2024-09-11 12:28:16
9000002311,1000004135,Correo Argentino,CA241555271AR,DELIVERED,2024-09-05 16:58:57,2024-09-12 16:39:12
9000002312,1000004136,Correo Argentino,CA169986928AR,DELIVERED,2024-09-05 18:31:34,2024-09-09 14:46:12
9000002313,1000004138,Correo Argentino,CA029635748AR,DELIVERED,2024-09-05 16:12:46,2024-09-06 12:18:03
9000002314,1000004139,Correo Argentino,CA216472021AR,DELIVERED,2024-09-05 16:42:54,2024-09-10 14:29:27
9000002315,1000004140,Correo Argentino,CA611151716AR,DELIVERED,2024-09-05 17:21:43,2024-09-09 16:59:57
9000002316,1000004141,Correo Argentino,CA709136897AR,DELIVERED,2024-09-05 17:19:40,2024-09-09 10:24:12
9000002317,1000004142,Correo Argentino,CA089491301AR,DELIVERED,2024-09-05 16:50:05,2024-09-10 10:50:44
9000002318,1000004149,Correo Argentino,CA389135105AR,DELIVERED,2024-09-05 18:25:45,2024-09-09 10:52:31
9000002319,1000004150,Correo Argentino,CA815538577AR,DELIVERED,2024-09-05 16:40:33,2024-09-09 14:56:12
9000002320,1000004155,Correo Argentino,CA939393263AR,DELIVERED,2024-09-06 17:34:50,2024-09-11 11:48:23
9000002321,1000004157,Correo Argentino,CA124000013AR,DELIVERED,2024-09-06 18:23:51,2024-09-12 14:36:11
9000002322,1000004158,Correo Argentino,CA283817958AR,DELIVERED,2024-09-06 18:37:33,2024-09-10 11:10:34
9000002323,1000004159,Correo Argentino,CA898365153AR,DELIVERED,2024-09-06 18:14:35,2024-09-11 17:02:24
9000002324,1000004160,Correo Argentino,CA123593296AR,DELIVERED,2024-09-06 17:20:56,2024-09-11 19:14:35
9000002325,1000004161,Correo Argentino,CA645241658AR,DELIVERED,2024-09-09 17:23:50,2024-09-11 10:38:16
9000002326,1000004162,Correo Argentino,CA258476244AR,DELIVERED,2024-09-06 17:52:00,2024-09-10 19:12:11
9000002327,1000004169,Correo Argentino,CA710271995AR,DELIVERED,2024-09-09 16:09:26,2024-09-13 12:08:46
9000002328,1000004175,Correo Argentino,CA350994162AR,DELIVERED,2024-09-09 17:11:57,2024-09-10 09:51:52
9000002329,1000004178,Correo Argentino,CA477986453AR,DELIVERED,2024-09-09 18:01:42,2024-09-13 19:32:04
9000002330,1000004179,Correo Argentino,CA200020850AR,DELIVERED,2024-09-09 16:42:21,2024-09-13 19:38:16
9000002331,1000004180,Correo Argentino,CA394297534AR,DELIVERED,2024-09-09 16:50:45,2024-09-13 13:00:20
9000002332,1000004181,Correo Argentino,,CANCELLED,,
9000002333,1000004182,Correo Argentino,CA238759512AR,DELIVERED,2024-09-09 16:59:57,2024-09-10 14:21:07
9000002334,1000004185,Correo Argentino,CA225070046AR,DELIVERED,2024-09-09 18:38:23,2024-09-10 09:40:13
9000002335,1000004191,Correo Argentino,CA177366927AR,DELIVERED,2024-09-09 18:41:12,2024-09-10 17:54:42
9000002336,1000004193,Correo Argentino,CA719850465AR,DELIVERED,2024-09-09 18:20:45,2024-09-13 14:25:19
9000002337,1000004196,Correo Argentino,CA407769080AR,DELIVERED,2024-09-09 18:35:28,2024-09-12 11:52:39
9000002338,1000004197,Correo Argentino,CA257844323AR,DELIVERED,2024-09-09 17:41:54,2024-09-11 11:29:47
9000002339,1000004198,Correo Argentino,CA346308496AR,DELIVERED,2024-09-09 17:58:44,2024-09-11 15:05:53
9000002340,1000004199,Correo Argentino,CA801069570AR,DELIVERED,2024-09-09 16:03:05,2024-09-10 10:07:32
9000002341,1000004200,Correo Argentino,CA558945310AR,DELIVERED,2024-09-09 17:08:34,2024-09-12 09:24:12
9000002342,1000004201,Correo Argentino,CA497690076AR,DELIVERED,2024-09-09 18:39:43,2024-09-12 16:36:45
9000002343,1000004202,Correo Argentino,CA910019879AR,DELIVERED,2024-09-09 17:44:06,2024-09-12 17:42:59
9000002344,1000004203,Correo Argentino,CA785543024AR,DELIVERED,2024-09-09 17:23:47,2024-09-13 09:06:41
9000002345,1000004204,Correo Argentino,CA654650930AR,DELIVERED,2024-09-09 18:03:22,2024-09-12 10:40:12
9000002346,1000004205,Correo Argentino,CA759492657AR,DELIVERED,2024-09-09 17:21:22,2024-09-16 13:02:58
9000002347,1000004206,Correo Argentino,CA820898651AR,DELIVERED,2024-09-09 16:23:10,2024-09-11 11:31:27
9000002348,1000004207,Correo Argentino,CA513779872AR,DELIVERED,2024-09-09 18:43:37,2024-09-13 17:04:43
9000002349,1000004208,Correo Argentino,CA117567789AR,DELIVERED,2024-09-09 16:56:01,2024-09-11 13:23:00
9000002350,1000004214,Correo Argentino,CA333361284AR,DELIVERED,2024-09-10 18:01:57,2024-09-13 09:36:27
9000002351,1000004219,Correo Argentino,CA100018247AR,DELIVERED,2024-09-10 16:37:34,2024-09-12 16:39:40
9000002352,1000004220,Correo Argentino,CA690123914AR,DELIVERED,2024-09-10 18:47:58,2024-09-12 15:45:32
9000002353,1000004221,Correo Argentino,CA848492043AR,DELIVERED,2024-09-10 16:39:55,2024-09-13 18:37:18
9000002354,1000004222,Correo Argentino,CA901904250AR,DELIVERED,2024-09-10 18:51:40,2024-09-12 18:31:34
9000002355,1000004223,Correo Argentino,CA922450664AR,DELIVERED,2024-09-10 17:05:57,2024-09-12 11:08:39
9000002356,1000004224,Correo Argentino,CA637259162AR,DELIVERED,2024-09-10 18:01:24,2024-09-13 18:28:47
9000002357,1000004225,Correo Argentino,CA982526879AR,DELIVERED,2024-09-10 16:36:50,2024-09-12 10:57:34
9000002358,1000004226,Correo Argentino,CA838886170AR,DELIVERED,2024-09-10 16:09:07,2024-09-13 19:05:04
9000002359,1000004227,Correo Argentino,CA825730282AR,DELIVERED,2024-09-10 17:20:08,2024-09-16 10:43:10
9000002360,1000004228,Correo Argentino,CA720176939AR,DELIVERED,2024-09-10 16:59:07,2024-09-12 12:53:31
9000002361,1000004229,Correo Argentino,CA232470173AR,DELIVERED,2024-09-11 16:42:25,2024-09-12 13:00:53
9000002362,1000004232,Correo Argentino,CA588266621AR,DELIVERED,2024-09-11 17:40:07,2024-09-13 12:02:08
9000002363,1000004233,Correo Argentino,CA375856792AR,DELIVERED,2024-09-11 18:52:17,2024-09-17 12:29:22
9000002364,1000004234,Correo Argentino,CA335202316AR,DELIVERED,2024-09-11 16:33:08,2024-09-13 19:18:03
9000002365,1000004239,Correo Argentino,CA532502854AR,DELIVERED,2024-09-11 18:15:39,2024-09-16 13:28:06
9000002366,1000004241,Correo Argentino,CA470556039AR,DELIVERED,2024-09-11 16:06:34,2024-09-12 17:58:17
9000002367,1000004242,Correo Argentino,CA358999046AR,DELIVERED,2024-09-11 17:17:31,2024-09-13 16:16:47
9000002368,1000004243,Correo Argentino,CA632953305AR,DELIVERED,2024-09-11 16:23:54,2024-09-16 09:04:49
9000002369,1000004244,Correo Argentino,CA656414023AR,DELIVERED,2024-09-11 18:53:54,2024-09-13 11:01:27
9000002370,1000004245,Correo Argentino,CA009931439AR,DELIVERED,2024-09-11 17:43:08,2024-09-12 17:03:55
9000002371,1000004249,Correo Argentino,CA544194294AR,DELIVERED,2024-09-12 18:43:17,2024-09-18 12:58:20
9000002372,1000004250,Correo Argentino,CA601486443AR,DELIVERED,2024-09-12 16:06:53,2024-09-13 16:41:37
9000002373,1000004252,Correo Argentino,CA201636894AR,DELIVERED,2024-09-12 16:47:52,2024-09-17 19:21:44
9000002374,1000004253,Correo Argentino,CA172526983AR,DELIVERED,2024-09-12 16:35:47,2024-09-13 10:44:30
9000002375,1000004254,Correo Argentino,CA398264610AR,DELIVERED,2024-09-12 17:04:48,2024-09-13 16:52:15
9000002376,1000004256,Correo Argentino,CA712600968AR,DELIVERED,2024-09-12 17:22:17,2024-09-13 19:18:11
9000002377,1000004257,Correo Argentino,CA032374353AR,DELIVERED,2024-09-12 17:56:49,2024-09-16 10:32:39
9000002378,1000004259,Correo Argentino,CA587066799AR,DELIVERED,2024-09-12 18:50:59,2024-09-17 11:52:03
9000002379,1000004261,Correo Argentino,CA299030146AR,DELIVERED,2024-09-12 18:06:24,2024-09-16 19:32:29
9000002380,1000004262,Correo Argentino,CA158088580AR,DELIVERED,2024-09-12 17:26:28,2024-09-16 19:07:41
9000002381,1000004264,Correo Argentino,CA787280085AR,DELIVERED,2024-09-12 16:01:20,2024-09-16 13:06:16
9000002382,1000004265,Correo Argentino,CA368755238AR,DELIVERED,2024-09-12 17:03:09,2024-09-17 18:35:17
9000002383,1000004268,Correo Argentino,CA307868039AR,DELIVERED,2024-09-12 17:56:29,2024-09-13 19:19:23
9000002384,1000004270,Correo Argentino,CA442160827AR,DELIVERED,2024-09-13 16:54:58,2024-09-18 18:57:21
9000002385,1000004272,Correo Argentino,CA577480954AR,DELIVERED,2024-09-13 16:32:09,2024-09-17 09:23:02
9000002386,1000004273,Correo Argentino,,CANCELLED,,
9000002387,1000004276,Correo Argentino,CA983482262AR,DELIVERED,2024-09-13 18:11:53,2024-09-17 13:26:51
9000002388,1000004277,Correo Argentino,CA282751899AR,DELIVERED,2024-09-13 18:34:44,2024-09-17 11:45:00
9000002389,1000004278,Correo Argentino,CA956068776AR,DELIVERED,2024-09-13 17:21:49,2024-09-17 09:33:03
9000002390,1000004279,Correo Argentino,CA462795810AR,DELIVERED,2024-09-13 16:36:42,2024-09-16 18:19:03
9000002391,1000004280,Correo Argentino,CA650618550AR,DELIVERED,2024-09-13 16:03:27,2024-09-19 15:48:32
9000002392,1000004282,Correo Argentino,CA151023041AR,DELIVERED,2024-09-13 17:59:54,2024-09-19 09:48:34
9000002393,1000004284,Correo Argentino,CA316937474AR,DELIVERED,2024-09-13 17:14:31,2024-09-17 12:07:51
9000002394,1000004285,Correo Argentino,CA810589424AR,DELIVERED,2024-09-13 17:27:51,2024-09-18 15:52:49
9000002395,1000004288,Correo Argentino,CA510994993AR,DELIVERED,2024-09-13 17:14:37,2024-09-16 13:57:24
9000002396,1000004290,Correo Argentino,CA979001677AR,DELIVERED,2024-09-16 18:10:19,2024-09-17 16:26:02
9000002397,1000004291,Correo Argentino,CA659642302AR,DELIVERED,2024-09-16 17:06:51,2024-09-20 15:21:27
9000002398,1000004293,Correo Argentino,CA710349514AR,DELIVERED,2024-09-16 18:31:32,2024-09-19 17:37:57
9000002399,1000004295,Correo Argentino,CA743071202AR,DELIVERED,2024-09-16 18:15:42,2024-09-18 11:02:25
9000002400,1000004297,Correo Argentino,CA375728509AR,DELIVERED,2024-09-16 18:37:03,2024-09-19 10:49:13
9000002401,1000004298,Correo Argentino,CA982277970AR,DELIVERED,2024-09-16 17:10:39,2024-09-17 18:28:43
9000002402,1000004303,Correo Argentino,CA592078462AR,DELIVERED,2024-09-16 16:14:14,2024-09-18 16:57:56
9000002403,1000004306,Correo Argentino,CA289875081AR,DELIVERED,2024-09-16 17:19:49,2024-09-20 14:01:43
9000002404,1000004307,Correo Argentino,CA373864700AR,DELIVERED,2024-09-16 18:02:24,2024-09-18 13:04:25
9000002405,1000004309,Correo Argentino,CA443881284AR,DELIVERED,2024-09-16 17:57:25,2024-09-18 18:15:18
9000002406,1000004310,Correo Argentino,CA630211845AR,DELIVERED,2024-09-16 16:57:52,2024-09-18 10:37:28
9000002407,1000004313,Correo Argentino,CA612046492AR,DELIVERED,2024-09-16 17:42:27,2024-09-18 09:21:22
9000002408,1000004314,Correo Argentino,CA778337744AR,DELIVERED,2024-09-16 16:37:56,2024-09-18 11:17:03
9000002409,1000004315,Correo Argentino,CA911502470AR,DELIVERED,2024-09-16 17:14:45,2024-09-17 11:10:19
9000002410,1000004316,Correo Argentino,CA702804777AR,DELIVERED,2024-09-16 17:59:17,2024-09-19 10:44:36
9000002411,1000004317,Correo Argentino,CA504885270AR,DELIVERED,2024-09-16 16:43:14,2024-09-19 15:59:46
9000002412,1000004318,Correo Argentino,CA621148919AR,DELIVERED,2024-09-16 18:17:33,2024-09-18 18:27:19
9000002413,1000004319,Correo Argentino,CA159716026AR,DELIVERED,2024-09-16 16:27:44,2024-09-19 12:37:32
9000002414,1000004320,Correo Argentino,CA346835668AR,DELIVERED,2024-09-16 16:18:15,2024-09-18 17:07:09
9000002415,1000004321,Correo Argentino,CA017577678AR,DELIVERED,2024-09-16 16:26:54,2024-09-18 11:14:35
9000002416,1000004322,Correo Argentino,CA791385205AR,DELIVERED,2024-09-16 17:26:45,2024-09-18 18:19:06
9000002417,1000004323,Correo Argentino,CA657425125AR,DELIVERED,2024-09-16 16:26:12,2024-09-18 19:52:55
9000002418,1000004324,Correo Argentino,CA860441765AR,DELIVERED,2024-09-16 16:52:30,2024-09-18 13:03:46
9000002419,1000004325,Correo Argentino,CA396413040AR,DELIVERED,2024-09-16 18:11:34,2024-09-19 17:53:50
9000002420,1000004327,Correo Argentino,CA880179255AR,DELIVERED,2024-09-16 18:32:59,2024-09-19 11:15:07
9000002421,1000004328,Correo Argentino,CA762060765AR,DELIVERED,2024-09-17 16:28:12,2024-09-20 12:51:47
9000002422,1000004329,Correo Argentino,CA263457527AR,DELIVERED,2024-09-17 17:56:53,2024-09-20 15:54:32
9000002423,1000004332,Correo Argentino,CA058903743AR,DELIVERED,2024-09-17 17:40:11,2024-09-19 18:56:47
9000002424,1000004333,Correo Argentino,CA931785445AR,DELIVERED,2024-09-17 18:44:34,2024-09-19 16:35:05
9000002425,1000004334,Correo Argentino,CA020103059AR,DELIVERED,2024-09-17 16:02:08,2024-09-18 16:50:55
9000002426,1000004337,Correo Argentino,CA360765227AR,DELIVERED,2024-09-17 18:31:26,2024-09-20 11:34:00
9000002427,1000004339,Correo Argentino,CA918168643AR,DELIVERED,2024-09-17 16:26:09,2024-09-18 10:46:40
9000002428,1000004341,Correo Argentino,CA684668587AR,DELIVERED,2024-09-17 18:00:32,2024-09-18 13:40:15
9000002429,1000004343,Correo Argentino,CA083167926AR,DELIVERED,2024-09-18 16:31:33,2024-09-23 12:31:13
9000002430,1000004344,Correo Argentino,CA244605275AR,DELIVERED,2024-09-18 16:00:00,2024-09-23 16:59:37
9000002431,1000004347,Correo Argentino,CA638886313AR,DELIVERED,2024-09-18 17:50:06,2024-09-20 18:10:01
9000002432,1000004349,Correo Argentino,CA939363708AR,DELIVERED,2024-09-18 17:42:45,2024-09-20 17:32:29
9000002433,1000004350,Correo Argentino,CA776305758AR,DELIVERED,2024-09-18 16:49:40,2024-09-20 10:19:32
9000002434,1000004351,Correo Argentino,CA569825980AR,DELIVERED,2024-09-18 17:49:03,2024-09-25 17:25:22
9000002435,1000004352,Correo Argentino,CA866924717AR,DELIVERED,2024-09-18 16:29:38,2024-09-19 09:41:43
9000002436,1000004353,Correo Argentino,CA615340945AR,DELIVERED,2024-09-18 16:21:29,2024-09-24 09:43:43
9000002437,1000004354,Correo Argentino,CA327289030AR,DELIVERED,2024-09-18 18:23:50,2024-09-19 09:43:33
9000002438,1000004355,Correo Argentino,CA630601062AR,DELIVERED,2024-09-18 18:05:24,2024-09-23 19:24:48
9000002439,1000004356,Correo Argentino,CA099475241AR,DELIVERED,2024-09-18 17:08:43,2024-09-23 17:12:37
9000002440,1000004357,Correo Argentino,CA678615182AR,DELIVERED,2024-09-18 18:46:43,2024-09-24 09:44:13
9000002441,1000004358,Correo Argentino,CA227934442AR,DELIVERED,2024-09-18 17:18:14,2024-09-19 12:11:59
9000002442,1000004359,Correo Argentino,CA822398256AR,DELIVERED,2024-09-18 16:24:53,2024-09-19 11:19:03
9000002443,1000004360,Correo Argentino,CA138885270AR,DELIVERED,2024-09-18 18:33:15,2024-09-20 19:18:55
9000002444,1000004362,Correo Argentino,CA975639701AR,DELIVERED,2024-09-19 18:21:13,2024-09-25 15:40:50
9000002445,1000004363,Correo Argentino,CA470982708AR,DELIVERED,2024-09-19 18:23:01,2024-09-20 14:08:52
9000002446,1000004364,Correo Argentino,CA037361428AR,DELIVERED,2024-09-19 18:51:18,2024-09-25 15:51:23
9000002447,1000004365,Correo Argentino,CA163707338AR,DELIVERED,2024-09-19 17:58:17,2024-09-23 19:12:04
9000002448,1000004366,Correo Argentino,CA815875112AR,DELIVERED,2024-09-19 17:23:14,2024-09-23 10:05:48
9000002449,1000004368,Correo Argentino,CA012053586AR,DELIVERED,2024-09-19 17:22:17,2024-09-23 16:03:24
9000002450,1000004370,Correo Argentino,CA037567645AR,DELIVERED,2024-09-19 17:16:43,2024-09-20 13:28:56
9000002451,1000004372,Correo Argentino,CA244073638AR,DELIVERED,2024-09-19 17:39:57,2024-09-24 10:31:54
9000002452,1000004373,Correo Argentino,CA065418639AR,DELIVERED,2024-09-19 18:37:36,2024-09-24 10:10:00
9000002453,1000004374,Correo Argentino,CA814435835AR,DELIVERED,2024-09-19 18:49:46,2024-09-24 19:36:45
9000002454,1000004375,Correo Argentino,CA488639786AR,DELIVERED,2024-09-19 16:54:09,2024-09-23 12:02:06
9000002455,1000004376,Correo Argentino,CA705736200AR,DELIVERED,2024-09-19 16:20:27,2024-09-24 16:27:00
9000002456,1000004378,Correo Argentino,CA018026699AR,DELIVERED,2024-09-19 17:23:01,2024-09-25 09:12:10
9000002457,1000004380,Correo Argentino,CA045716898AR,DELIVERED,2024-09-19 17:11:17,2024-09-23 14:24:46
9000002458,1000004383,Correo Argentino,CA523776568AR,DELIVERED,2024-09-20 17:11:15,2024-09-25 10:33:40
9000002459,1000004385,Correo Argentino,CA972888130AR,DELIVERED,2024-09-20 17:09:23,2024-09-24 13:56:02
9000002460,1000004386,Correo Argentino,CA842196723AR,DELIVERED,2024-09-20 17:22:51,2024-09-24 19:45:18
9000002461,1000004387,Correo Argentino,CA723117502AR,DELIVERED,2024-09-20 18:28:42,2024-09-25 16:48:49
9000002462,1000004391,Correo Argentino,CA055104119AR,DELIVERED,2024-09-20 18:48:13,2024-09-25 17:26:44
9000002463,1000004392,Correo Argentino,CA754515618AR,DELIVERED,2024-09-20 18:32:02,2024-09-24 16:39:37
9000002464,1000004393,Correo Argentino,CA370762029AR,DELIVERED,2024-09-20 17:00:03,2024-09-24 19:22:28
9000002465,1000004394,Correo Argentino,CA583198913AR,DELIVERED,2024-09-20 17:23:48,2024-09-23 18:24:22
9000002466,1000004397,Correo Argentino,CA808295079AR,DELIVERED,2024-09-20 17:15:05,2024-09-25 10:16:50
9000002467,1000004398,Correo Argentino,CA380966395AR,DELIVERED,2024-09-20 18:48:35,2024-09-24 18:39:05
9000002468,1000004404,Correo Argentino,CA947734445AR,DELIVERED,2024-09-23 16:51:24,2024-09-27 10:58:55
9000002469,1000004405,Correo Argentino,CA539025036AR,DELIVERED,2024-09-23 18:24:03,2024-09-26 17:18:11
9000002470,1000004406,Correo Argentino,CA524112887AR,DELIVERED,2024-09-23 16:44:05,2024-09-26 14:04:29
9000002471,1000004407,Correo Argentino,CA662945165AR,DELIVERED,2024-09-23 16:43:08,2024-09-25 19:04:02
9000002472,1000004408,Correo Argentino,CA777241655AR,DELIVERED,2024-09-23 16:07:00,2024-09-30 10:10:10
9000002473,1000004409,Correo Argentino,CA670293640AR,DELIVERED,2024-09-23 17:53:25,2024-09-24 18:34:58
9000002474,1000004411,Correo Argentino,CA529557331AR,DELIVERED,2024-09-23 18:23:36,2024-09-26 19:25:56
9000002475,1000004412,Correo Argentino,CA249282245AR,DELIVERED,2024-09-23 17:44:40,2024-09-25 16:34:56
9000002476,1000004413,Correo Argentino,CA884470872AR,DELIVERED,2024-09-23 18:26:49,2024-09-26 19:25:54
9000002477,1000004419,Correo Argentino,CA364878990AR,DELIVERED,2024-09-23 16:56:42,2024-09-24 13:41:44
9000002478,1000004423,Correo Argentino,CA987445268AR,DELIVERED,2024-09-23 17:03:27,2024-09-26 15:38:09
9000002479,1000004424,Correo Argentino,CA902383720AR,DELIVERED,2024-09-23 18:26:30,2024-09-26 13:55:30
9000002480,1000004428,Correo Argentino,CA301517061AR,DELIVERED,2024-09-23 18:21:45,2024-09-25 18:40:02
9000002481,1000004429,Correo Argentino,,CANCELLED,,
9000002482,1000004430,Correo Argentino,CA917944394AR,DELIVERED,2024-09-23 17:51:47,2024-09-25 17:29:12
9000002483,1000004431,Correo Argentino,CA065207127AR,DELIVERED,2024-09-23 16:34:54,2024-09-25 12:37:48
9000002484,1000004432,Correo Argentino,CA649281948AR,DELIVERED,2024-09-23 18:57:51,2024-09-26 10:26:46
9000002485,1000004433,Correo Argentino,CA787148294AR,DELIVERED,2024-09-23 16:34:18,2024-09-27 09:02:02
9000002486,1000004434,Correo Argentino,CA989832640AR,DELIVERED,2024-09-23 18:12:00,2024-09-27 18:56:22
9000002487,1000004435,Correo Argentino,CA506828920AR,DELIVERED,2024-09-23 17:20:48,2024-09-27 10:08:41
9000002488,1000004436,Correo Argentino,CA643776779AR,DELIVERED,2024-09-23 17:22:08,2024-09-26 15:36:29
9000002489,1000004437,Correo Argentino,CA527599983AR,DELIVERED,2024-09-23 17:45:10,2024-09-25 09:48:54
9000002490,1000004438,Correo Argentino,CA457157814AR,DELIVERED,2024-09-23 16:03:43,2024-09-27 16:04:29
9000002491,1000004439,Correo Argentino,CA714835895AR,DELIVERED,2024-09-23 16:41:37,2024-09-26 12:05:44
9000002492,1000004442,Correo Argentino,CA707547007AR,DELIVERED,2024-09-24 18:04:39,2024-09-25 13:37:54
9000002493,1000004443,Correo Argentino,CA220576556AR,DELIVERED,2024-09-24 17:57:29,2024-09-26 15:19:01
9000002494,1000004448,Correo Argentino,CA553684364AR,DELIVERED,2024-09-24 18:55:39,2024-09-25 10:21:57
9000002495,1000004453,Correo Argentino,CA659791293AR,DELIVERED,2024-09-25 18:54:58,2024-10-01 09:30:05
9000002496,1000004455,Correo Argentino,CA133461723AR,DELIVERED,2024-09-25 18:23:24,2024-09-27 12:41:58
9000002497,1000004456,Correo Argentino,CA156728023AR,DELIVERED,2024-09-25 17:42:18,2024-09-30 13:00:16
9000002498,1000004458,Correo Argentino,CA896820679AR,DELIVERED,2024-09-25 17:29:08,2024-09-30 17:47:16
9000002499,1000004459,Correo Argentino,CA263615756AR,DELIVERED,2024-09-25 18:55:51,2024-10-01 17:31:15
9000002500,1000004460,Correo Argentino,CA926452181AR,DELIVERED,2024-09-25 18:37:28,2024-09-30 16:29:03
9000002501,1000004461,Correo Argentino,CA619126682AR,DELIVERED,2024-09-25 17:53:39,2024-09-26 17:41:20
9000002502,1000004462,Correo Argentino,CA470334562AR,DELIVERED,2024-09-25 18:28:25,2024-09-30 10:34:35
9000002503,1000004464,Correo Argentino,CA646337900AR,DELIVERED,2024-09-25 16:00:41,2024-09-30 09:55:16
9000002504,1000004465,Correo Argentino,CA194996349AR,DELIVERED,2024-09-25 16:51:19,2024-09-30 10:44:11
9000002505,1000004466,Correo Argentino,CA485359104AR,DELIVERED,2024-09-25 18:05:55,2024-09-27 15:37:26
9000002506,1000004467,Correo Argentino,CA398792347AR,DELIVERED,2024-09-25 18:24:33,2024-09-27 16:31:28
9000002507,1000004468,Correo Argentino,CA540197369AR,DELIVERED,2024-09-25 18:39:33,2024-09-30 11:54:58
9000002508,1000004471,Correo Argentino,CA067835304AR,DELIVERED,2024-09-26 18:31:23,2024-09-30 14:20:47
9000002509,1000004474,Correo Argentino,CA813475920AR,DELIVERED,2024-09-26 17:16:11,2024-09-30 14:51:34
9000002510,1000004477,Correo Argentino,CA027165540AR,DELIVERED,2024-09-26 17:16:39,2024-09-27 17:43:22
9000002511,1000004479,Correo Argentino,CA398920170AR,DELIVERED,2024-09-26 18:48:33,2024-09-30 15:09:13
9000002512,1000004482,Correo Argentino,CA196489211AR,DELIVERED,2024-09-26 18:03:03,2024-10-01 12:27:16
9000002513,1000004484,Correo Argentino,CA524575655AR,DELIVERED,2024-09-26 18:22:01,2024-09-30 09:34:10
9000002514,1000004486,Correo Argentino,CA253131958AR,DELIVERED,2024-09-26 17:12:26,2024-09-30 11:08:55
9000002515,1000004487,Correo Argentino,CA133647365AR,DELIVERED,2024-09-26 18:32:51,2024-09-27 09:12:24
9000002516,1000004488,Correo Argentino,CA076905442AR,DELIVERED,2024-09-26 18:34:49,2024-10-01 09:02:59
9000002517,1000004490,Correo Argentino,CA889568872AR,DELIVERED,2024-09-26 18:38:40,2024-09-30 13:49:14
9000002518,1000004492,Correo Argentino,CA013873632AR,DELIVERED,2024-09-27 16:41:48,2024-10-02 16:19:43
9000002519,1000004495,Correo Argentino,CA412209154AR,DELIVERED,2024-09-27 18:50:33,2024-10-01 18:40:55
9000002520,1000004496,Correo Argentino,CA074430592AR,DELIVERED,2024-09-27 18:24:59,2024-10-01 15:38:43
9000002521,1000004499,Correo Argentino,CA291684233AR,DELIVERED,2024-09-27 18:54:54,2024-10-02 09:32:59
9000002522,1000004503,Correo Argentino,CA192923125AR,DELIVERED,2024-09-27 17:05:13,2024-10-01 10:59:41
9000002523,1000004504,Correo Argentino,CA970485416AR,DELIVERED,2024-09-30 18:08:59,2024-10-02 15:31:01
9000002524,1000004507,Correo Argentino,CA389590099AR,DELIVERED,2024-09-30 16:47:48,2024-10-03 09:44:40
9000002525,1000004508,Correo Argentino,CA208038542AR,DELIVERED,2024-09-30 16:11:17,2024-10-02 16:16:16
9000002526,1000004509,Correo Argentino,CA582968890AR,DELIVERED,2024-09-30 16:31:56,2024-10-03 12:11:33
9000002527,1000004510,Correo Argentino,CA562839523AR,DELIVERED,2024-09-30 16:40:40,2024-10-04 15:55:29
9000002528,1000004515,Correo Argentino,CA991015961AR,DELIVERED,2024-09-30 16:41:41,2024-10-04 10:19:47
9000002529,1000004516,Correo Argentino,CA579583702AR,DELIVERED,2024-09-30 17:17:12,2024-10-03 12:14:51
9000002530,1000004517,Correo Argentino,CA431782337AR,DELIVERED,2024-09-30 16:48:20,2024-10-04 18:56:33
9000002531,1000004518,Correo Argentino,CA980848019AR,DELIVERED,2024-09-30 16:02:47,2024-10-04 15:00:51
9000002532,1000004525,Correo Argentino,CA960000333AR,DELIVERED,2024-09-30 18:06:20,2024-10-02 16:43:41
9000002533,1000004532,Correo Argentino,CA096477186AR,DELIVERED,2024-09-30 17:06:19,2024-10-01 11:43:03
9000002534,1000004533,Correo Argentino,CA645858883AR,DELIVERED,2024-09-30 18:19:54,2024-10-02 17:35:56
9000002535,1000004534,Correo Argentino,CA446594640AR,DELIVERED,2024-09-30 16:53:46,2024-10-02 13:54:58
9000002536,1000004536,Correo Argentino,CA188514425AR,DELIVERED,2024-09-30 17:59:27,2024-10-03 11:48:16
9000002537,1000004537,Correo Argentino,CA189912832AR,DELIVERED,2024-09-30 17:26:08,2024-10-02 16:20:42
9000002538,1000004538,Correo Argentino,CA001203865AR,DELIVERED,2024-09-30 17:01:21,2024-10-02 17:33:50
9000002539,1000004539,Correo Argentino,CA416080232AR,DELIVERED,2024-09-30 16:04:10,2024-10-04 11:13:47
9000002540,1000004540,Correo Argentino,CA876053276AR,DELIVERED,2024-09-30 16:53:26,2024-10-03 17:45:13
9000002541,1000004541,Correo Argentino,CA078262749AR,DELIVERED,2024-09-30 17:09:11,2024-10-02 15:51:53
9000002542,1000004542,Correo Argentino,CA912496402AR,DELIVERED,2024-09-30 18:12:20,2024-10-02 14:19:47
9000002543,1000004543,Correo Argentino,CA169410541AR,DELIVERED,2024-09-30 17:55:01,2024-10-01 12:42:57
9000002544,1000004544,Correo Argentino,CA576324645AR,DELIVERED,2024-09-30 17:43:23,2024-10-02 17:58:46
9000002545,1000004548,Correo Argentino,CA076169059AR,DELIVERED,2024-10-01 18:57:10,2024-10-03 11:38:18
9000002546,1000004549,Correo Argentino,CA669792722AR,DELIVERED,2024-10-01 18:54:37,2024-10-08 10:56:34
9000002547,1000004552,Correo Argentino,CA913043909AR,DELIVERED,2024-10-01 17:44:21,2024-10-03 13:22:25
9000002548,1000004553,Correo Argentino,CA475360410AR,DELIVERED,2024-10-01 16:53:31,2024-10-07 18:43:01
9000002549,1000004554,Correo Argentino,CA420927558AR,DELIVERED,2024-10-01 17:42:48,2024-10-03 18:19:01
9000002550,1000004555,Correo Argentino,CA602700651AR,DELIVERED,2024-10-01 16:10:13,2024-10-02 18:57:01
9000002551,1000004556,Correo Argentino,CA425957285AR,DELIVERED,2024-10-01 16:07:39,2024-10-02 17:04:28
9000002552,1000004557,Correo Argentino,CA797238584AR,DELIVERED,2024-10-01 17:59:34,2024-10-04 09:20:40
9000002553,1000004558,Correo Argentino,CA755839663AR,DELIVERED,2024-10-01 18:46:06,2024-10-03 18:13:37
9000002554,1000004559,Correo Argentino,CA205739831AR,DELIVERED,2024-10-01 17:05:40,2024-10-07 19:23:07
9000002555,1000004560,Correo Argentino,CA266335486AR,DELIVERED,2024-10-01 16:11:16,2024-10-04 19:32:31
9000002556,1000004562,Correo Argentino,CA698586534AR,DELIVERED,2024-10-02 16:17:56,2024-10-03 13:55:24
9000002557,1000004563,Correo Argentino,CA371596889AR,DELIVERED,2024-10-02 17:57:23,2024-10-07 17:04:07
9000002558,1000004566,Correo Argentino,CA980097546AR,DELIVERED,2024-10-02 16:12:33,2024-10-08 12:13:38
9000002559,1000004568,Correo Argentino,CA158738228AR,DELIVERED,2024-10-02 18:43:33,2024-10-04 09:33:31
9000002560,1000004570,Correo Argentino,CA400673739AR,DELIVERED,2024-10-02 16:01:53,2024-10-07 09:21:03
9000002561,1000004571,Correo Argentino,CA952636577AR,DELIVERED,2024-10-02 18:58:24,2024-10-04 16:41:07
9000002562,1000004572,Correo Argentino,CA093727043AR,DELIVERED,2024-10-02 17:18:02,2024-10-07 18:55:29
9000002563,1000004574,Correo Argentino,CA062731184AR,DELIVERED,2024-10-02 17:24:10,2024-10-07 18:25:37
9000002564,1000004575,Correo Argentino,CA672849587AR,DELIVERED,2024-10-02 18:46:18,2024-10-07 15:50:16
9000002565,1000004576,Correo Argentino,CA410387501AR,DELIVERED,2024-10-02 16:18:08,2024-10-08 15:56:46
9000002566,1000004578,Correo Argentino,CA899341723AR,DELIVERED,2024-10-03 17:48:05,2024-10-07 09:04:44
9000002567,1000004579,Correo Argentino,CA807418131AR,DELIVERED,2024-10-03 17:40:08,2024-10-10 15:51:11
9000002568,1000004581,Correo Argentino,CA939384245AR,DELIVERED,2024-10-03 18:03:00,2024-10-09 15:32:41
9000002569,1000004582,Correo Argentino,CA222952971AR,DELIVERED,2024-10-03 18:25:23,2024-10-04 16:06:02
9000002570,1000004585,Correo Argentino,CA450973508AR,DELIVERED,2024-10-03 16:19:53,2024-10-09 14:55:33
9000002571,1000004588,Correo Argentino,CA269503221AR,DELIVERED,2024-10-03 17:10:02,2024-10-09 15:46:15
9000002572,1000004590,Correo Argentino,CA423669312AR,DELIVERED,2024-10-04 17:01:54,2024-10-08 19:13:07
9000002573,1000004592,Correo Argentino,CA958665005AR,DELIVERED,2024-10-04 17:41:08,2024-10-09 09:59:39
9000002574,1000004595,Correo Argentino,CA970097177AR,DELIVERED,2024-10-04 18:29:09,2024-10-09 15:56:29
9000002575,1000004597,Correo Argentino,CA771955924AR,DELIVERED,2024-10-04 17:59:15,2024-10-08 19:07:10
9000002576,1000004598,Correo Argentino,CA410294936AR,DELIVERED,2024-10-04 18:59:06,2024-10-08 14:52:59
9000002577,1000004600,Correo Argentino,CA607481083AR,DELIVERED,2024-10-04 16:22:04,2024-10-08 16:10:20
9000002578,1000004601,Correo Argentino,,CANCELLED,,
9000002579,1000004602,Correo Argentino,CA329993628AR,DELIVERED,2024-10-04 17:42:39,2024-10-09 17:49:35
9000002580,1000004603,Correo Argentino,CA628431123AR,DELIVERED,2024-10-04 16:10:00,2024-10-07 18:03:43
9000002581,1000004604,Correo Argentino,CA435841802AR,DELIVERED,2024-10-04 17:12:57,2024-10-08 13:52:31
9000002582,1000004605,Correo Argentino,CA987942669AR,DELIVERED,2024-10-04 18:44:13,2024-10-10 18:26:34
9000002583,1000004612,Correo Argentino,CA628409867AR,DELIVERED,2024-10-07 18:40:13,2024-10-10 13:37:05
9000002584,1000004614,Correo Argentino,CA356718297AR,DELIVERED,2024-10-07 18:23:11,2024-10-08 10:28:45
9000002585,1000004618,Correo Argentino,CA469037600AR,DELIVERED,2024-10-07 16:00:56,2024-10-10 16:54:23
9000002586,1000004622,Correo Argentino,CA587800239AR,DELIVERED,2024-10-07 16:23:21,2024-10-09 12:35:43
9000002587,1000004623,Correo Argentino,CA270611627AR,DELIVERED,2024-10-07 18:50:26,2024-10-10 16:55:42
9000002588,1000004624,Correo Argentino,CA611450913AR,DELIVERED,2024-10-07 16:12:06,2024-10-11 09:21:39
9000002589,1000004625,Correo Argentino,CA199339807AR,DELIVERED,2024-10-07 18:00:35,2024-10-09 15:46:13
9000002590,1000004626,Correo Argentino,,CANCELLED,,
9000002591,1000004628,Correo Argentino,CA812531475AR,DELIVERED,2024-10-07 18:48:08,2024-10-09 14:10:45
9000002592,1000004629,Correo Argentino,CA647859964AR,DELIVERED,2024-10-08 18:58:46,2024-10-10 13:38:23
9000002593,1000004632,Correo Argentino,CA492728318AR,DELIVERED,2024-10-07 18:29:01,2024-10-11 15:45:36
9000002594,1000004634,Correo Argentino,CA695016067AR,DELIVERED,2024-10-07 17:16:12,2024-10-10 17:24:06
9000002595,1000004635,Correo Argentino,CA394842398AR,DELIVERED,2024-10-07 18:13:20,2024-10-11 12:54:40
9000002596,1000004637,Correo Argentino,CA163682883AR,DELIVERED,2024-10-07 17:41:28,2024-10-09 17:22:11
9000002597,1000004638,Correo Argentino,CA653730508AR,DELIVERED,2024-10-07 18:49:46,2024-10-11 11:43:33
9000002598,1000004639,Correo Argentino,CA508654889AR,DELIVERED,2024-10-07 16:28:07,2024-10-11 12:22:10
9000002599,1000004640,Correo Argentino,CA955430660AR,DELIVERED,2024-10-07 18:42:40,2024-10-09 13:31:04
9000002600,1000004642,Correo Argentino,CA234958001AR,DELIVERED,2024-10-07 18:21:07,2024-10-10 09:06:58
9000002601,1000004643,Correo Argentino,CA066862151AR,DELIVERED,2024-10-07 17:23:53,2024-10-09 15:31:48
9000002602,1000004644,Correo Argentino,CA694025702AR,DELIVERED,2024-10-07 16:00:06,2024-10-09 10:28:40
9000002603,1000004645,Correo Argentino,CA944534948AR,DELIVERED,2024-10-07 17:00:58,2024-10-09 19:53:22
9000002604,1000004646,Correo Argentino,CA099094393AR,DELIVERED,2024-10-07 17:32:51,2024-10-09 13:35:42
9000002605,1000004647,Correo Argentino,CA045779221AR,DELIVERED,2024-10-07 18:39:46,2024-10-09 19:35:39
9000002606,1000004648,Correo Argentino,CA878538766AR,DELIVERED,2024-10-07 17:53:11,2024-10-11 10:42:26
9000002607,1000004649,Correo Argentino,CA275049212AR,DELIVERED,2024-10-07 16:29:23,2024-10-08 11:51:24
9000002608,1000004650,Correo Argentino,CA808283882AR,DELIVERED,2024-10-07 18:03:11,2024-10-09 16:39:31
9000002609,1000004651,Correo Argentino,CA683484171AR,DELIVERED,2024-10-07 16:25:36,2024-10-10 12:55:29
9000002610,1000004652,Correo Argentino,CA765564642AR,DELIVERED,2024-10-07 16:48:40,2024-10-09 11:20:34
9000002611,1000004657,Correo Argentino,CA909043706AR,DELIVERED,2024-10-07 18:03:51,2024-10-10 14:31:36
9000002612,1000004659,Correo Argentino,CA235338386AR,DELIVERED,2024-10-08 18:55:06,2024-10-15 18:40:21
9000002613,1000004660,Correo Argentino,CA559601643AR,DELIVERED,2024-10-08 17:23:22,2024-10-14 12:33:21
9000002614,1000004661,Correo Argentino,CA930219466AR,DELIVERED,2024-10-08 16:47:24,2024-10-15 16:18:46
9000002615,1000004662,Correo Argentino,CA791228771AR,DELIVERED,2024-10-08 16:26:57,2024-10-10 17:23:42
9000002616,1000004665,Correo Argentino,CA174030475AR,DELIVERED,2024-10-08 17:00:33,2024-10-10 14:45:30
9000002617,1000004666,Correo Argentino,CA555911393AR,DELIVERED,2024-10-08 17:41:38,2024-10-09 10:16:54
9000002618,1000004667,Correo Argentino,CA783770829AR,DELIVERED,2024-10-08 17:21:47,2024-10-11 14:30:18
9000002619,1000004668,Correo Argentino,CA085196336AR,DELIVERED,2024-10-08 17:27:31,2024-10-10 10:56:42
9000002620,1000004669,Correo Argentino,CA785831019AR,DELIVERED,2024-10-08 16:15:32,2024-10-11 10:49:12
9000002621,1000004670,Correo Argentino,,CANCELLED,,
9000002622,1000004671,Correo Argentino,CA052367568AR,DELIVERED,2024-10-08 17:51:27,2024-10-10 14:13:35
9000002623,1000004672,Correo Argentino,,CANCELLED,,
9000002624,1000004673,Correo Argentino,CA070358417AR,DELIVERED,2024-10-08 18:40:52,2024-10-14 16:23:39
9000002625,1000004675,Correo Argentino,CA356435581AR,DELIVERED,2024-10-08 17:26:15,2024-10-15 14:42:51
9000002626,1000004678,Correo Argentino,CA590040340AR,DELIVERED,2024-10-09 16:18:03,2024-10-11 09:26:50
9000002627,1000004680,Correo Argentino,CA989446974AR,DELIVERED,2024-10-09 18:49:42,2024-10-11 11:10:03
9000002628,1000004682,Correo Argentino,CA096449964AR,DELIVERED,2024-10-09 17:23:33,2024-10-11 11:55:25
9000002629,1000004683,Correo Argentino,CA116844754AR,DELIVERED,2024-10-09 17:48:08,2024-10-10 16:55:51
9000002630,1000004686,Correo Argentino,CA819667624AR,DELIVERED,2024-10-09 17:07:29,2024-10-15 10:00:15
9000002631,1000004687,Correo Argentino,CA307851055AR,DELIVERED,2024-10-09 17:33:52,2024-10-11 17:39:39
9000002632,1000004690,Correo Argentino,CA673359107AR,DELIVERED,2024-10-09 16:02:35,2024-10-15 12:24:56
9000002633,1000004691,Correo Argentino,CA573315515AR,DELIVERED,2024-10-09 17:24:59,2024-10-15 12:26:47
9000002634,1000004692,Correo Argentino,CA225526899AR,DELIVERED,2024-10-09 17:05:45,2024-10-10 10:32:31
9000002635,1000004693,Correo Argentino,CA101806858AR,DELIVERED,2024-10-09 18:14:28,2024-10-11 10:55:42
9000002636,1000004695,Correo Argentino,CA446163891AR,DELIVERED,2024-10-09 18:31:35,2024-10-10 15:39:06
9000002637,1000004696,Correo Argentino,CA728246646AR,DELIVERED,2024-10-09 17:11:44,2024-10-11 12:40:35
9000002638,1000004698,Correo Argentino,CA749641948AR,DELIVERED,2024-10-09 18:01:17,2024-10-11 10:06:29
9000002639,1000004700,Correo Argentino,CA971553312AR,DELIVERED,2024-10-09 18:43:03,2024-10-11 14:57:52
9000002640,1000004703,Correo Argentino,CA652808091AR,DELIVERED,2024-10-10 17:27:47,2024-10-14 19:08:54
9000002641,1000004704,Correo Argentino,CA785139907AR,DELIVERED,2024-10-10 18:40:49,2024-10-14 14:07:52
9000002642,1000004706,Correo Argentino,CA409301701AR,DELIVERED,2024-10-10 18:01:08,2024-10-17 15:28:57
9000002643,1000004707,Correo Argentino,CA202666392AR,DELIVERED,2024-10-10 16:54:53,2024-10-16 19:55:09
9000002644,1000004708,Correo Argentino,CA717781142AR,DELIVERED,2024-10-10 18:26:28,2024-10-16 10:32:39
9000002645,1000004711,Correo Argentino,CA860897546AR,DELIVERED,2024-10-10 17:36:05,2024-10-15 15:45:34
9000002646,1000004714,Correo Argentino,CA122228979AR,DELIVERED,2024-10-10 18:29:21,2024-10-15 14:48:19
9000002647,1000004715,Correo Argentino,CA218844568AR,DELIVERED,2024-10-10 18:36:04,2024-10-17 11:58:12
9000002648,1000004716,Correo Argentino,CA153372750AR,DELIVERED,2024-10-10 17:07:08,2024-10-16 13:04:31
9000002649,1000004717,Correo Argentino,CA179765073AR,DELIVERED,2024-10-10 17:36:36,2024-10-16 10:13:54
9000002650,1000004719,Correo Argentino,CA449552886AR,DELIVERED,2024-10-10 17:57:40,2024-10-11 15:34:37
9000002651,1000004720,Correo Argentino,CA456493296AR,DELIVERED,2024-10-10 17:07:37,2024-10-15 17:07:43
9000002652,1000004721,Correo Argentino,CA281555378AR,DELIVERED,2024-10-10 17:04:17,2024-10-16 17:14:21
9000002653,1000004724,Correo Argentino,CA225072334AR,DELIVERED,2024-10-11 17:16:42,2024-10-15 11:37:42
9000002654,1000004726,Correo Argentino,CA283336871AR,DELIVERED,2024-10-11 17:14:08,2024-10-16 13:27:38
9000002655,1000004728,Correo Argentino,CA963546598AR,DELIVERED,2024-10-11 17:13:23,2024-10-16 14:08:24
9000002656,1000004729,Correo Argentino,CA996146547AR,DELIVERED,2024-10-11 16:10:05,2024-10-17 18:31:17
9000002657,1000004730,Correo Argentino,CA239122733AR,DELIVERED,2024-10-11 18:36:19,2024-10-15 09:38:44
9000002658,1000004732,Correo Argentino,CA205412065AR,DELIVERED,2024-10-11 16:00:11,2024-10-16 15:42:24
9000002659,1000004735,Correo Argentino,CA341513267AR,DELIVERED,2024-10-11 16:34:30,2024-10-15 12:11:55
9000002660,1000004736,Correo Argentino,CA401499999AR,DELIVERED,2024-10-11 18:13:04,2024-10-15 18:56:04
9000002661,1000004737,Correo Argentino,CA170361112AR,DELIVERED,2024-10-11 16:24:38,2024-10-15 12:03:06
9000002662,1000004738,Correo Argentino,CA210028526AR,DELIVERED,2024-10-11 18:55:18,2024-10-16 16:52:00
9000002663,1000004739,Correo Argentino,CA816056588AR,DELIVERED,2024-10-11 16:57:34,2024-10-15 13:31:27
9000002664,1000004740,Correo Argentino,CA537311677AR,DELIVERED,2024-10-11 18:45:33,2024-10-16 16:20:51
9000002665,1000004741,Correo Argentino,CA338626306AR,DELIVERED,2024-10-14 17:15:46,2024-10-17 14:24:29
9000002666,1000004742,Correo Argentino,CA065961618AR,DELIVERED,2024-10-11 16:16:33,2024-10-15 13:44:04
9000002667,1000004743,Correo Argentino,CA992844268AR,DELIVERED,2024-10-11 17:46:26,2024-10-17 11:20:55
9000002668,1000004744,Correo Argentino,CA490029703AR,DELIVERED,2024-10-11 16:43:15,2024-10-18 19:13:51
9000002669,1000004745,Correo Argentino,CA786731452AR,DELIVERED,2024-10-11 16:10:06,2024-10-16 11:07:09
9000002670,1000004746,Correo Argentino,CA482177078AR,DELIVERED,2024-10-14 18:10:13,2024-10-21 19:27:16
9000002671,1000004747,Correo Argentino,CA239142928AR,DELIVERED,2024-10-11 17:00:18,2024-10-15 19:09:02
9000002672,1000004749,Correo Argentino,CA955803773AR,DELIVERED,2024-10-14 16:29:48,2024-10-18 11:30:36
9000002673,1000004750,Correo Argentino,CA611233576AR,DELIVERED,2024-10-11 18:38:14,2024-10-17 11:56:53
9000002674,1000004751,Correo Argentino,CA182546965AR,DELIVERED,2024-10-14 16:59:15,2024-10-16 13:56:47
9000002675,1000004754,Correo Argentino,CA278509491AR,DELIVERED,2024-10-14 17:31:02,2024-10-15 13:52:31
9000002676,1000004757,Correo Argentino,CA209957636AR,DELIVERED,2024-10-14 16:18:42,2024-10-18 15:23:31
9000002677,1000004758,Correo Argentino,CA610073199AR,DELIVERED,2024-10-14 18:59:25,2024-10-18 16:33:11
9000002678,1000004760,Correo Argentino,CA266918366AR,DELIVERED,2024-10-14 18:50:43,2024-10-17 12:08:24
9000002679,1000004761,Correo Argentino,CA767986524AR,DELIVERED,2024-10-14 16:57:34,2024-10-16 12:39:34
9000002680,1000004764,Correo Argentino,CA123300972AR,DELIVERED,2024-10-14 16:05:09,2024-10-21 11:46:02
9000002681,1000004768,Correo Argentino,CA594956685AR,DELIVERED,2024-10-14 16:29:22,2024-10-16 11:21:45
9000002682,1000004769,Correo Argentino,CA440243652AR,DELIVERED,2024-10-14 18:36:21,2024-10-15 09:40:53
9000002683,1000004770,Correo Argentino,CA655536941AR,DELIVERED,2024-10-14 18:49:14,2024-10-18 09:46:12
9000002684,1000004771,Correo Argentino,CA365032051AR,DELIVERED,2024-10-14 18:51:44,2024-10-18 12:26:11
9000002685,1000004772,Correo Argentino,CA786271392AR,DELIVERED,2024-10-14 18:31:43,2024-10-16 12:45:48
9000002686,1000004773,Correo Argentino,CA798351236AR,DELIVERED,2024-10-14 18:07:47,2024-10-16 10:32:11
9000002687,1000004774,Correo Argentino,CA903054581AR,DELIVERED,2024-10-14 16:26:46,2024-10-18 17:16:05
9000002688,1000004777,Correo Argentino,CA554218193AR,DELIVERED,2024-10-14 17:42:06,2024-10-18 15:57:49
9000002689,1000004781,Correo Argentino,CA611017933AR,DELIVERED,2024-10-14 16:18:19,2024-10-17 18:35:51
9000002690,1000004786,Correo Argentino,CA191929163AR,DELIVERED,2024-10-14 16:04:09,2024-10-18 15:16:42
9000002691,1000004787,Correo Argentino,CA002189555AR,DELIVERED,2024-10-14 18:16:07,2024-10-15 09:41:17
9000002692,1000004793,Correo Argentino,CA361499584AR,DELIVERED,2024-10-14 16:46:46,2024-10-16 12:48:46
9000002693,1000004796,Correo Argentino,CA711765296AR,DELIVERED,2024-10-14 16:09:33,2024-10-15 12:21:40
9000002694,1000004797,Correo Argentino,CA085217538AR,DELIVERED,2024-10-14 16:00:11,2024-10-15 11:01:50
9000002695,1000004798,Correo Argentino,CA592262646AR,DELIVERED,2024-10-14 17:04:02,2024-10-16 09:22:10
9000002696,1000004799,Correo Argentino,CA349164959AR,DELIVERED,2024-10-14 18:52:48,2024-10-18 16:10:51
9000002697,1000004800,Correo Argentino,CA557500432AR,DELIVERED,2024-10-14 18:27:10,2024-10-17 19:17:47
9000002698,1000004801,Correo Argentino,CA180560387AR,DELIVERED,2024-10-14 18:51:05,2024-10-18 18:58:08
9000002699,1000004802,Correo Argentino,CA848155030AR,DELIVERED,2024-10-14 17:07:12,2024-10-15 11:24:03
9000002700,1000004803,Correo Argentino,CA193867534AR,DELIVERED,2024-10-14 18:20:03,2024-10-16 15:26:24
9000002701,1000004804,Correo Argentino,CA572963552AR,DELIVERED,2024-10-14 18:20:34,2024-10-17 16:31:32
9000002702,1000004805,Correo Argentino,CA696764739AR,DELIVERED,2024-10-14 17:23:32,2024-10-17 18:37:35
9000002703,1000004806,Correo Argentino,CA376767362AR,DELIVERED,2024-10-14 17:09:45,2024-10-17 19:44:23
9000002704,1000004807,Correo Argentino,CA956864026AR,DELIVERED,2024-10-14 16:36:02,2024-10-15 19:27:21
9000002705,1000004808,Correo Argentino,CA258223045AR,DELIVERED,2024-10-14 17:46:44,2024-10-17 14:10:05
9000002706,1000004809,Correo Argentino,CA612179665AR,DELIVERED,2024-10-14 18:45:14,2024-10-15 16:55:06
9000002707,1000004811,Correo Argentino,CA623898720AR,DELIVERED,2024-10-14 16:02:04,2024-10-17 13:20:31
9000002708,1000004812,Correo Argentino,CA502077120AR,DELIVERED,2024-10-14 18:37:43,2024-10-17 17:31:31
9000002709,1000004813,Correo Argentino,CA355822781AR,DELIVERED,2024-10-14 16:57:15,2024-10-17 12:50:58
9000002710,1000004814,Correo Argentino,CA599798283AR,DELIVERED,2024-10-14 18:07:14,2024-10-17 11:41:14
9000002711,1000004815,Correo Argentino,CA656926368AR,DELIVERED,2024-10-14 16:40:32,2024-10-17 11:29:49
9000002712,1000004816,Correo Argentino,CA845008134AR,DELIVERED,2024-10-14 17:46:11,2024-10-15 15:34:19
9000002713,1000004818,Correo Argentino,CA815581780AR,DELIVERED,2024-10-14 18:22:20,2024-10-16 10:07:34
9000002714,1000004820,Correo Argentino,CA996492333AR,DELIVERED,2024-10-14 17:22:42,2024-10-16 10:52:14
9000002715,1000004821,Correo Argentino,CA455708088AR,DELIVERED,2024-10-15 16:32:44,2024-10-18 09:21:29
9000002716,1000004822,Correo Argentino,CA913833177AR,DELIVERED,2024-10-15 18:33:17,2024-10-16 19:35:29
9000002717,1000004824,Correo Argentino,CA594185327AR,DELIVERED,2024-10-15 17:28:34,2024-10-16 11:39:30
9000002718,1000004826,Correo Argentino,CA250038123AR,DELIVERED,2024-10-15 18:05:14,2024-10-17 13:11:25
9000002719,1000004828,Correo Argentino,CA624450587AR,DELIVERED,2024-10-15 16:00:01,2024-10-21 13:55:48
9000002720,1000004830,Correo Argentino,CA879074515AR,DELIVERED,2024-10-15 18:30:42,2024-10-17 14:38:30
9000002721,1000004831,Correo Argentino,CA356894586AR,DELIVERED,2024-10-15 16:11:31,2024-10-18 15:42:31
9000002722,1000004832,Correo Argentino,CA207385129AR,DELIVERED,2024-10-15 18:47:05,2024-10-21 13:23:05
9000002723,1000004833,Correo Argentino,,CANCELLED,,
9000002724,1000004834,Correo Argentino,CA948384850AR,DELIVERED,2024-10-15 18:41:21,2024-10-21 09:44:02
9000002725,1000004835,Correo Argentino,CA195378962AR,DELIVERED,2024-10-15 18:07:36,2024-10-17 10:15:45
9000002726,1000004836,Correo Argentino,CA611979588AR,DELIVERED,2024-10-15 17:43:04,2024-10-18 09:55:26
9000002727,1000004839,Correo Argentino,CA375562852AR,DELIVERED,2024-10-15 16:49:48,2024-10-21 14:07:43
9000002728,1000004840,Correo Argentino,CA913187672AR,DELIVERED,2024-10-15 17:31:08,2024-10-21 10:25:31
9000002729,1000004843,Correo Argentino,CA337900175AR,DELIVERED,2024-10-16 16:27:15,2024-10-18 11:15:20
9000002730,1000004844,Correo Argentino,CA532997772AR,DELIVERED,2024-10-16 16:37:31,2024-10-22 16:31:20
9000002731,1000004845,Correo Argentino,CA886650291AR,DELIVERED,2024-10-16 18:08:34,2024-10-18 09:24:34
9000002732,1000004846,Correo Argentino,CA784429980AR,DELIVERED,2024-10-16 18:26:26,2024-10-22 14:28:08
9000002733,1000004848,Correo Argentino,CA975435932AR,DELIVERED,2024-10-16 18:26:29,2024-10-22 19:29:40
9000002734,1000004852,Correo Argentino,CA746483712AR,DELIVERED,2024-10-16 18:46:01,2024-10-18 17:28:19
9000002735,1000004855,Correo Argentino,CA039221279AR,DELIVERED,2024-10-16 17:38:26,2024-10-21 09:29:38
9000002736,1000004856,Correo Argentino,CA024646301AR,DELIVERED,2024-10-16 17:20:16,2024-10-17 15:18:35
9000002737,1000004859,Correo Argentino,CA735853019AR,DELIVERED,2024-10-16 18:27:03,2024-10-17 12:12:09
9000002738,1000004860,Correo Argentino,CA416726518AR,DELIVERED,2024-10-16 16:41:04,2024-10-22 13:44:03
9000002739,1000004863,Correo Argentino,CA916948721AR,DELIVERED,2024-10-16 16:08:55,2024-10-17 15:05:47
9000002740,1000004864,Correo Argentino,CA730366402AR,DELIVERED,2024-10-16 18:29:58,2024-10-21 18:43:28
9000002741,1000004866,Correo Argentino,CA409228289AR,DELIVERED,2024-10-17 17:13:19,2024-10-22 16:22:03
9000002742,1000004870,Correo Argentino,CA737109112AR,DELIVERED,2024-10-17 18:03:10,2024-10-22 15:58:42
9000002743,1000004873,Correo Argentino,CA405457089AR,DELIVERED,2024-10-17 17:00:36,2024-10-22 09:44:36
9000002744,1000004877,Correo Argentino,,CANCELLED,,
9000002745,1000004878,Correo Argentino,CA161954605AR,DELIVERED,2024-10-17 17:37:24,2024-10-18 14:58:37
9000002746,1000004879,Correo Argentino,CA066377685AR,DELIVERED,2024-10-17 16:20:39,2024-10-23 09:52:11
9000002747,1000004880,Correo Argentino,CA515576769AR,DELIVERED,2024-10-17 17:44:26,2024-10-21 15:46:33
9000002748,1000004881,Correo Argentino,CA399076926AR,DELIVERED,2024-10-17 18:31:23,2024-10-21 15:11:13
9000002749,1000004882,Correo Argentino,CA509981425AR,DELIVERED,2024-10-17 18:48:12,2024-10-23 12:23:24
9000002750,1000004885,Correo Argentino,CA959566649AR,DELIVERED,2024-10-17 17:46:11,2024-10-22 10:35:40
9000002751,1000004892,Correo Argentino,CA997320526AR,DELIVERED,2024-10-18 18:49:03,2024-10-24 16:28:18
9000002752,1000004896,Correo Argentino,CA829005711AR,DELIVERED,2024-10-18 18:16:45,2024-10-21 18:02:57
9000002753,1000004898,Correo Argentino,CA909400038AR,DELIVERED,2024-10-18 18:41:04,2024-10-22 18:48:17
9000002754,1000004902,Correo Argentino,CA404659792AR,DELIVERED,2024-10-18 17:00:01,2024-10-22 17:03:29
9000002755,1000004903,Correo Argentino,CA195617731AR,DELIVERED,2024-10-18 18:35:20,2024-10-23 09:40:28
9000002756,1000004904,Correo Argentino,CA542506511AR,DELIVERED,2024-10-18 16:08:45,2024-10-21 10:40:26
9000002757,1000004905,Correo Argentino,CA999523438AR,DELIVERED,2024-10-18 16:41:22,2024-10-24 11:23:15
9000002758,1000004907,Correo Argentino,CA641062240AR,DELIVERED,2024-10-18 17:55:46,2024-10-22 19:13:33
9000002759,1000004908,Correo Argentino,CA628807855AR,DELIVERED,2024-10-21 17:54:07,2024-10-23 12:49:11
9000002760,1000004911,Correo Argentino,CA481399949AR,DELIVERED,2024-10-18 18:17:00,2024-10-22 13:01:49
9000002761,1000004913,Correo Argentino,CA262055081AR,DELIVERED,2024-10-21 16:16:54,2024-10-25 11:25:30
9000002762,1000004915,Correo Argentino,CA336475711AR,DELIVERED,2024-10-21 17:43:34,2024-10-24 17:36:54
9000002763,1000004916,Correo Argentino,CA921174055AR,DELIVERED,2024-10-21 17:43:22,2024-10-23 09:29:36
9000002764,1000004919,Correo Argentino,CA196903406AR,DELIVERED,2024-10-21 18:18:26,2024-10-23 12:11:59
9000002765,1000004920,Correo Argentino,CA729069318AR,DELIVERED,2024-10-21 17:42:03,2024-10-24 14:32:48
9000002766,1000004923,Correo Argentino,CA826371257AR,DELIVERED,2024-10-21 16:31:40,2024-10-24 11:46:52
9000002767,1000004924,Correo Argentino,CA608681580AR,DELIVERED,2024-10-21 16:28:18,2024-10-23 18:09:21
9000002768,1000004925,Correo Argentino,CA476802813AR,DELIVERED,2024-10-21 18:57:32,2024-10-23 16:16:05
9000002769,1000004926,Correo Argentino,CA309027646AR,DELIVERED,2024-10-21 18:27:05,2024-10-23 13:10:25
9000002770,1000004928,Correo Argentino,CA535267765AR,DELIVERED,2024-10-21 18:23:49,2024-10-22 14:02:34
9000002771,1000004930,Correo Argentino,CA640893573AR,DELIVERED,2024-10-21 17:26:55,2024-10-25 17:27:12
9000002772,1000004934,Correo Argentino,CA310931525AR,DELIVERED,2024-10-21 17:55:16,2024-10-24 17:54:43
9000002773,1000004937,Correo Argentino,CA406353414AR,DELIVERED,2024-10-21 16:11:45,2024-10-23 10:52:54
9000002774,1000004944,Correo Argentino,CA020820344AR,DELIVERED,2024-10-21 17:26:42,2024-10-23 17:21:48
9000002775,1000004946,Correo Argentino,CA851927756AR,DELIVERED,2024-10-21 18:53:32,2024-10-23 18:25:53
9000002776,1000004949,Correo Argentino,CA018962984AR,DELIVERED,2024-10-21 18:54:27,2024-10-23 13:50:52
9000002777,1000004950,Correo Argentino,CA545074564AR,DELIVERED,2024-10-21 18:06:45,2024-10-22 09:03:50
9000002778,1000004951,Correo Argentino,CA494992785AR,DELIVERED,2024-10-21 16:57:33,2024-10-25 12:55:43
9000002779,1000004952,Correo Argentino,CA218574567AR,DELIVERED,2024-10-21 16:25:04,2024-10-23 14:36:22
9000002780,1000004953,Correo Argentino,CA864429550AR,DELIVERED,2024-10-21 17:14:38,2024-10-28 17:14:15
9000002781,1000004954,Correo Argentino,CA146784235AR,DELIVERED,2024-10-21 16:02:57,2024-10-23 16:08:40
9000002782,1000004955,Correo Argentino,CA599217741AR,DELIVERED,2024-10-21 18:11:17,2024-10-22 11:12:14
9000002783,1000004956,Correo Argentino,CA682124102AR,DELIVERED,2024-10-21 17:18:37,2024-10-24 10:14:36
9000002784,1000004957,Correo Argentino,CA189225467AR,DELIVERED,2024-10-21 16:15:19,2024-10-23 09:41:42
9000002785,1000004958,Correo Argentino,CA022988436AR,DELIVERED,2024-10-21 17:07:10,2024-10-25 18:34:04
9000002786,1000004959,Correo Argentino,CA253461129AR,DELIVERED,2024-10-21 16:58:40,2024-10-25 14:28:27
9000002787,1000004960,Correo Argentino,CA263305995AR,DELIVERED,2024-10-21 16:15:27,2024-10-25 12:17:53
9000002788,1000004961,Correo Argentino,CA454830587AR,DELIVERED,2024-10-21 18:44:02,2024-10-22 19:54:45
9000002789,1000004962,Correo Argentino,CA572979304AR,DELIVERED,2024-10-22 18:29:53,2024-10-24 19:19:28
9000002790,1000004963,Correo Argentino,CA245924532AR,DELIVERED,2024-10-22 18:19:29,2024-10-23 09:57:05
9000002791,1000004964,Correo Argentino,CA871603951AR,DELIVERED,2024-10-22 16:53:26,2024-10-24 11:52:16
9000002792,1000004967,Correo Argentino,CA004962002AR,DELIVERED,2024-10-22 16:45:21,2024-10-29 19:03:53
9000002793,1000004968,Correo Argentino,CA450352490AR,DELIVERED,2024-10-22 16:09:57,2024-10-24 15:51:46
9000002794,1000004969,Correo Argentino,CA922553583AR,DELIVERED,2024-10-22 17:43:07,2024-10-25 19:07:39
9000002795,1000004970,Correo Argentino,CA884106150AR,DELIVERED,2024-10-22 17:38:30,2024-10-24 16:39:07
9000002796,1000004971,Correo Argentino,CA027042939AR,DELIVERED,2024-10-22 18:50:58,2024-10-29 15:31:41
9000002797,1000004973,Correo Argentino,CA740021487AR,DELIVERED,2024-10-22 17:15:19,2024-10-25 18:26:23
9000002798,1000004974,Correo Argentino,CA693666812AR,DELIVERED,2024-10-22 18:08:00,2024-10-23 16:24:36
9000002799,1000004975,Correo Argentino,CA033258540AR,DELIVERED,2024-10-22 16:48:04,2024-10-25 18:41:43
9000002800,1000004976,Correo Argentino,CA979685757AR,DELIVERED,2024-10-22 17:17:37,2024-10-25 11:57:23
9000002801,1000004978,Correo Argentino,CA722772659AR,DELIVERED,2024-10-22 18:11:54,2024-10-23 12:33:37
9000002802,1000004979,Correo Argentino,CA496931014AR,DELIVERED,2024-10-23 17:50:33,2024-10-30 13:24:42
9000002803,1000004980,Correo Argentino,CA943977115AR,DELIVERED,2024-10-23 18:59:42,2024-10-28 14:46:11
9000002804,1000004981,Correo Argentino,CA460756435AR,DELIVERED,2024-10-23 16:57:18,2024-10-29 15:41:28
9000002805,1000004984,Correo Argentino,CA572180830AR,DELIVERED,2024-10-23 17:32:27,2024-10-25 14:31:52
9000002806,1000004985,Correo Argentino,CA667929180AR,DELIVERED,2024-10-23 16:13:51,2024-10-25 16:18:35
9000002807,1000004986,Correo Argentino,CA686006216AR,DELIVERED,2024-10-23 18:33:55,2024-10-28 09:16:05
9000002808,1000004988,Correo Argentino,CA011044466AR,DELIVERED,2024-10-23 17:07:02,2024-10-25 11:36:29
9000002809,1000004989,Correo Argentino,CA809990424AR,DELIVERED,2024-10-23 18:56:43,2024-10-29 16:42:21
9000002810,1000004991,Correo Argentino,CA960568101AR,DELIVERED,2024-10-23 16:28:51,2024-10-28 10:53:44
9000002811,1000004994,Correo Argentino,CA435822289AR,DELIVERED,2024-10-24 16:45:38,2024-10-29 10:43:40
9000002812,1000004995,Correo Argentino,CA711320070AR,DELIVERED,2024-10-24 18:48:35,2024-10-28 18:34:44
9000002813,1000004999,Correo Argentino,CA196200891AR,DELIVERED,2024-10-24 18:50:48,2024-10-25 19:35:08
9000002814,1000005000,Correo Argentino,CA029165804AR,DELIVERED,2024-10-24 16:06:52,2024-10-30 12:24:13
9000002815,1000005002,Correo Argentino,CA800816352AR,DELIVERED,2024-10-24 17:17:22,2024-10-30 14:20:29
9000002816,1000005003,Correo Argentino,CA718195442AR,DELIVERED,2024-10-24 16:34:14,2024-10-31 15:19:10
9000002817,1000005004,Correo Argentino,CA653308518AR,DELIVERED,2024-10-24 17:31:55,2024-10-29 14:56:29
9000002818,1000005005,Correo Argentino,CA562877877AR,DELIVERED,2024-10-24 16:54:59,2024-10-29 10:52:42
9000002819,1000005007,Correo Argentino,CA547790532AR,DELIVERED,2024-10-24 18:35:13,2024-10-30 16:49:09
9000002820,1000005008,Correo Argentino,CA086605108AR,DELIVERED,2024-10-24 17:25:47,2024-10-28 10:01:36
9000002821,1000005009,Correo Argentino,CA565856867AR,DELIVERED,2024-10-25 16:26:46,2024-10-31 15:54:21
9000002822,1000005011,Correo Argentino,CA380494299AR,DELIVERED,2024-10-25 18:38:45,2024-10-31 10:30:31
9000002823,1000005012,Correo Argentino,CA687248953AR,DELIVERED,2024-10-25 18:12:18,2024-11-01 09:38:35
9000002824,1000005013,Correo Argentino,CA006401632AR,DELIVERED,2024-10-25 16:10:12,2024-10-30 11:35:12
9000002825,1000005014,Correo Argentino,CA152028680AR,DELIVERED,2024-10-25 16:40:44,2024-10-29 12:04:53
9000002826,1000005015,Correo Argentino,CA217647122AR,DELIVERED,2024-10-28 17:54:24,2024-10-31 11:06:21
9000002827,1000005016,Correo Argentino,CA429568568AR,DELIVERED,2024-10-25 16:17:17,2024-10-29 15:26:50
9000002828,1000005017,Correo Argentino,CA109889206AR,DELIVERED,2024-10-25 18:03:05,2024-11-01 19:39:32
9000002829,1000005018,Correo Argentino,,CANCELLED,,
9000002830,1000005019,Correo Argentino,CA973252830AR,DELIVERED,2024-10-28 16:10:25,2024-10-29 17:18:16
9000002831,1000005020,Correo Argentino,CA662270686AR,DELIVERED,2024-10-25 18:26:07,2024-10-29 12:23:51
9000002832,1000005021,Correo Argentino,CA959096707AR,DELIVERED,2024-10-25 16:57:13,2024-10-30 18:23:59
9000002833,1000005023,Correo Argentino,CA685006559AR,DELIVERED,2024-10-25 17:30:19,2024-10-30 11:37:03
9000002834,1000005025,Correo Argentino,CA851966309AR,DELIVERED,2024-10-28 18:21:58,2024-10-30 19:53:06
9000002835,1000005028,Correo Argentino,CA510598188AR,DELIVERED,2024-10-28 17:14:30,2024-10-30 12:30:27
9000002836,1000005030,Correo Argentino,CA680300245AR,DELIVERED,2024-10-28 17:48:05,2024-11-01 15:05:04
9000002837,1000005031,Correo Argentino,CA589338072AR,DELIVERED,2024-10-28 18:04:06,2024-10-31 17:09:03
9000002838,1000005033,Correo Argentino,CA625574086AR,DELIVERED,2024-10-28 18:47:43,2024-11-04 13:42:53
9000002839,1000005038,Correo Argentino,,CANCELLED,,
9000002840,1000005040,Correo Argentino,CA511342324AR,DELIVERED,2024-10-28 16:38:41,2024-10-31 17:21:57
9000002841,1000005043,Correo Argentino,CA630829894AR,DELIVERED,2024-10-28 17:45:49,2024-10-30 16:44:17
9000002842,1000005048,Correo Argentino,CA252528346AR,DELIVERED,2024-10-28 18:17:45,2024-10-31 10:13:41
9000002843,1000005049,Correo Argentino,CA659468659AR,DELIVERED,2024-10-28 16:16:10,2024-11-04 10:54:59
9000002844,1000005050,Correo Argentino,CA445713994AR,DELIVERED,2024-10-28 17:46:14,2024-11-01 14:44:38
9000002845,1000005051,Correo Argentino,CA712295599AR,DELIVERED,2024-10-28 18:26:15,2024-10-31 11:41:16
9000002846,1000005052,Correo Argentino,CA258401433AR,DELIVERED,2024-10-28 18:51:19,2024-11-01 18:55:41
9000002847,1000005055,Correo Argentino,CA841035466AR,DELIVERED,2024-10-28 16:02:47,2024-11-01 13:33:32
9000002848,1000005056,Correo Argentino,CA465669273AR,DELIVERED,2024-10-28 17:25:11,2024-10-29 18:00:21
9000002849,1000005057,Correo Argentino,CA807574308AR,DELIVERED,2024-10-28 17:25:14,2024-10-31 12:10:25
9000002850,1000005059,Correo Argentino,CA273556669AR,DELIVERED,2024-10-28 16:46:54,2024-10-31 19:26:36
9000002851,1000005060,Correo Argentino,CA237599520AR,DELIVERED,2024-10-28 16:12:55,2024-10-31 13:55:52
9000002852,1000005061,Correo Argentino,CA147239430AR,DELIVERED,2024-10-28 18:00:40,2024-10-31 14:31:28
9000002853,1000005062,Correo Argentino,CA238471163AR,DELIVERED,2024-10-28 17:26:10,2024-10-31 16:36:19
9000002854,1000005063,Correo Argentino,CA094434293AR,DELIVERED,2024-10-31 16:58:15,2024-11-05 12:59:58
9000002855,1000005064,Correo Argentino,CA904261087AR,DELIVERED,2024-10-28 17:33:30,2024-10-30 16:47:57
9000002856,1000005065,Correo Argentino,CA976746727AR,DELIVERED,2024-10-28 18:24:41,2024-10-31 14:08:35
9000002857,1000005066,Correo Argentino,CA245209601AR,DELIVERED,2024-10-28 16:26:49,2024-10-31 09:30:49
9000002858,1000005072,Correo Argentino,CA051402394AR,DELIVERED,2024-10-28 16:17:57,2024-10-31 17:40:52
9000002859,1000005073,Correo Argentino,CA782906526AR,DELIVERED,2024-10-29 17:57:53,2024-11-04 12:15:10
9000002860,1000005074,Correo Argentino,CA594744972AR,DELIVERED,2024-10-29 16:04:37,2024-10-31 13:54:11
9000002861,1000005076,Correo Argentino,CA889520437AR,DELIVERED,2024-10-29 18:26:58,2024-10-31 09:03:42
9000002862,1000005081,Correo Argentino,CA560376596AR,DELIVERED,2024-10-29 17:38:55,2024-10-31 13:59:09
9000002863,1000005083,Correo Argentino,CA109248816AR,DELIVERED,2024-10-29 17:04:00,2024-11-01 12:39:00
9000002864,1000005085,Correo Argentino,CA188554122AR,DELIVERED,2024-10-29 16:58:35,2024-11-04 19:26:42
9000002865,1000005086,Correo Argentino,CA343061613AR,DELIVERED,2024-10-29 17:33:10,2024-10-30 11:43:16
9000002866,1000005087,Correo Argentino,CA981783582AR,DELIVERED,2024-10-29 16:46:42,2024-10-31 09:30:58
9000002867,1000005088,Correo Argentino,CA080025442AR,DELIVERED,2024-10-29 17:48:03,2024-10-30 17:55:17
9000002868,1000005091,Correo Argentino,CA323717148AR,DELIVERED,2024-10-30 18:18:10,2024-10-31 12:16:36
9000002869,1000005092,Correo Argentino,CA698867960AR,DELIVERED,2024-10-30 16:08:45,2024-11-05 11:36:08
9000002870,1000005093,Correo Argentino,CA423725779AR,DELIVERED,2024-10-30 16:30:26,2024-11-05 13:00:11
9000002871,1000005095,Correo Argentino,CA646961404AR,DELIVERED,2024-10-30 17:03:41,2024-10-31 16:27:22
9000002872,1000005096,Correo Argentino,CA785923784AR,DELIVERED,2024-10-30 16:41:47,2024-10-31 18:06:34
9000002873,1000005099,Correo Argentino,CA067742023AR,DELIVERED,2024-10-30 18:44:06,2024-11-04 18:16:44
9000002874,1000005101,Correo Argentino,CA308997470AR,DELIVERED,2024-10-30 16:13:58,2024-11-01 19:45:46
9000002875,1000005102,Correo Argentino,CA196587158AR,DELIVERED,2024-10-30 18:59:13,2024-11-01 13:55:39
9000002876,1000005103,Correo Argentino,CA656282864AR,DELIVERED,2024-10-30 18:53:15,2024-11-01 14:54:26
9000002877,1000005104,Correo Argentino,CA002499301AR,DELIVERED,2024-11-01 18:36:19,2024-11-05 18:40:21
9000002878,1000005105,Correo Argentino,CA375788635AR,DELIVERED,2024-10-30 18:03:30,2024-11-06 11:18:11
9000002879,1000005106,Correo Argentino,CA205846683AR,DELIVERED,2024-10-30 17:21:35,2024-11-01 19:49:07
9000002880,1000005107,Correo Argentino,CA449024647AR,DELIVERED,2024-10-30 17:39:06,2024-11-05 14:33:00
9000002881,1000005108,Correo Argentino,CA256527482AR,DELIVERED,2024-10-30 17:00:00,2024-11-04 13:24:44
9000002882,1000005109,Correo Argentino,CA349281792AR,DELIVERED,2024-10-30 17:29:03,2024-11-01 12:08:16
9000002883,1000005110,Correo Argentino,CA421308025AR,DELIVERED,2024-10-30 18:37:20,2024-11-01 15:26:44
9000002884,1000005111,Correo Argentino,CA935080691AR,DELIVERED,2024-10-30 18:28:27,2024-11-05 12:57:15
9000002885,1000005113,Correo Argentino,CA389720160AR,DELIVERED,2024-10-30 16:22:25,2024-10-31 19:24:32
9000002886,1000005119,Correo Argentino,CA977336282AR,DELIVERED,2024-10-31 17:15:43,2024-11-05 10:52:41
9000002887,1000005122,Correo Argentino,CA688986024AR,DELIVERED,2024-10-31 17:23:17,2024-11-06 10:45:28
9000002888,1000005123,Correo Argentino,CA087983414AR,DELIVERED,2024-10-31 18:15:31,2024-11-05 18:56:38
9000002889,1000005124,Correo Argentino,CA979235678AR,DELIVERED,2024-10-31 18:50:21,2024-11-05 16:14:47
9000002890,1000005125,Correo Argentino,CA434035509AR,DELIVERED,2024-10-31 16:07:50,2024-11-05 13:50:48
9000002891,1000005126,Correo Argentino,CA431349665AR,DELIVERED,2024-10-31 17:25:47,2024-11-06 17:42:32
9000002892,1000005127,Correo Argentino,CA330007238AR,DELIVERED,2024-10-31 16:23:23,2024-11-06 18:37:33
9000002893,1000005128,Correo Argentino,CA944671612AR,DELIVERED,2024-10-31 16:47:14,2024-11-05 14:26:29
9000002894,1000005129,Correo Argentino,CA319710275AR,DELIVERED,2024-10-31 17:16:09,2024-11-04 17:39:29
9000002895,1000005130,Correo Argentino,CA809629074AR,DELIVERED,2024-10-31 18:08:37,2024-11-05 14:14:05
9000002896,1000005133,Correo Argentino,CA031606194AR,DELIVERED,2024-10-31 18:56:22,2024-11-04 11:33:00
9000002897,1000005136,Correo Argentino,CA498343071AR,DELIVERED,2024-10-31 17:45:00,2024-11-01 19:03:07
9000002898,1000005144,Correo Argentino,CA328216921AR,DELIVERED,2024-11-01 17:53:15,2024-11-05 15:05:25
9000002899,1000005146,Correo Argentino,CA421728413AR,DELIVERED,2024-11-01 17:02:23,2024-11-04 12:20:36
9000002900,1000005154,Correo Argentino,CA356609332AR,DELIVERED,2024-11-04 18:35:51,2024-11-06 16:03:00
9000002901,1000005155,Correo Argentino,CA556540783AR,DELIVERED,2024-11-04 17:00:48,2024-11-13 19:08:51
9000002902,1000005158,Correo Argentino,CA712295643AR,DELIVERED,2024-11-04 16:48:31,2024-11-08 14:00:31
9000002903,1000005165,Correo Argentino,CA107467126AR,DELIVERED,2024-11-04 17:30:10,2024-11-07 12:27:34
9000002904,1000005166,Correo Argentino,CA134199311AR,DELIVERED,2024-11-04 16:53:57,2024-11-08 19:22:01
9000002905,1000005167,Correo Argentino,CA806881254AR,DELIVERED,2024-11-04 16:04:25,2024-11-07 09:02:25
9000002906,1000005168,Correo Argentino,CA989985518AR,DELIVERED,2024-11-04 18:16:57,2024-11-08 13:19:16
9000002907,1000005169,Correo Argentino,CA849333539AR,DELIVERED,2024-11-04 16:48:41,2024-11-06 15:18:35
9000002908,1000005181,Correo Argentino,CA595503481AR,DELIVERED,2024-11-04 17:39:24,2024-11-08 16:01:57
9000002909,1000005182,Correo Argentino,CA872290501AR,DELIVERED,2024-11-04 18:38:38,2024-11-07 10:52:04
9000002910,1000005185,Correo Argentino,CA551061445AR,DELIVERED,2024-11-04 18:29:39,2024-11-08 18:28:59
9000002911,1000005186,Correo Argentino,CA372932731AR,DELIVERED,2024-11-04 18:19:50,2024-11-08 11:08:20
9000002912,1000005187,Correo Argentino,CA370755210AR,DELIVERED,2024-11-04 16:22:35,2024-11-12 12:50:20
9000002913,1000005188,Correo Argentino,CA708444949AR,DELIVERED,2024-11-04 16:14:56,2024-11-11 15:06:10
9000002914,1000005189,Correo Argentino,CA745626005AR,DELIVERED,2024-11-04 17:33:15,2024-11-07 17:58:39
9000002915,1000005190,Correo Argentino,CA778627046AR,DELIVERED,2024-11-04 16:46:19,2024-11-08 15:59:47
9000002916,1000005191,Correo Argentino,CA905146264AR,DELIVERED,2024-11-04 16:35:57,2024-11-08 19:40:50
9000002917,1000005194,Correo Argentino,CA318213540AR,DELIVERED,2024-11-04 17:16:12,2024-11-08 18:12:08
9000002918,1000005195,Correo Argentino,CA200451406AR,DELIVERED,2024-11-04 16:59:06,2024-11-07 17:20:44
9000002919,1000005196,Correo Argentino,CA942749004AR,DELIVERED,2024-11-04 17:18:27,2024-11-11 17:06:37
9000002920,1000005197,Correo Argentino,CA699484201AR,DELIVERED,2024-11-04 17:03:34,2024-11-08 19:40:39
9000002921,1000005198,Correo Argentino,CA978374573AR,DELIVERED,2024-11-04 16:09:37,2024-11-12 14:06:37
9000002922,1000005199,Correo Argentino,CA438545342AR,DELIVERED,2024-11-04 18:50:11,2024-11-12 11:13:51
9000002923,1000005200,Correo Argentino,CA783625296AR,DELIVERED,2024-11-04 18:42:38,2024-11-07 18:38:45
9000002924,1000005202,Correo Argentino,CA034357233AR,DELIVERED,2024-11-04 18:51:06,2024-11-13 18:15:05
9000002925,1000005204,Correo Argentino,CA150797862AR,DELIVERED,2024-11-04 16:53:45,2024-11-07 15:59:58
9000002926,1000005205,Correo Argentino,CA931004344AR,DELIVERED,2024-11-04 18:07:14,2024-11-08 11:35:14
9000002927,1000005206,Correo Argentino,CA280972968AR,DELIVERED,2024-11-05 18:49:28,2024-11-11 18:44:25
9000002928,1000005207,Correo Argentino,CA570511085AR,DELIVERED,2024-11-05 18:42:24,2024-11-12 10:28:19
9000002929,1000005208,Correo Argentino,CA377561123AR,DELIVERED,2024-11-05 17:35:13,2024-11-11 17:35:30
9000002930,1000005209,Correo Argentino,CA451748365AR,DELIVERED,2024-11-05 18:36:55,2024-11-11 19:15:55
9000002931,1000005211,Correo Argentino,CA758178936AR,DELIVERED,2024-11-05 16:17:49,2024-11-08 19:59:01
9000002932,1000005213,Correo Argentino,CA548424058AR,DELIVERED,2024-11-05 17:04:54,2024-11-11 14:38:26
9000002933,1000005216,Correo Argentino,CA312883413AR,DELIVERED,2024-11-05 17:06:54,2024-11-08 19:15:49
9000002934,1000005217,Correo Argentino,CA280978531AR,DELIVERED,2024-11-05 16:54:11,2024-11-14 16:54:10
9000002935,1000005218,Correo Argentino,CA895788702AR,DELIVERED,2024-11-05 16:11:36,2024-11-11 15:24:50
9000002936,1000005220,Correo Argentino,CA302598157AR,DELIVERED,2024-11-05 17:07:39,2024-11-07 10:37:26
9000002937,1000005222,Correo Argentino,CA870176898AR,DELIVERED,2024-11-05 18:36:43,2024-11-11 13:58:09
9000002938,1000005223,Correo Argentino,CA030195551AR,DELIVERED,2024-11-05 16:45:55,2024-11-11 15:04:23
9000002939,1000005224,Correo Argentino,CA285172915AR,DELIVERED,2024-11-05 16:27:59,2024-11-11 16:23:39
9000002940,1000005225,Correo Argentino,CA872023653AR,DELIVERED,2024-11-05 18:39:12,2024-11-07 15:17:43
9000002941,1000005226,Correo Argentino,CA047925808AR,DELIVERED,2024-11-05 17:13:53,2024-11-12 09:05:47
9000002942,1000005227,Correo Argentino,CA021704695AR,DELIVERED,2024-11-05 17:49:03,2024-11-11 12:14:31
9000002943,1000005228,Correo Argentino,CA306895491AR,DELIVERED,2024-11-05 16:12:33,2024-11-11 11:34:00
9000002944,1000005229,Correo Argentino,CA007144944AR,DELIVERED,2024-11-05 17:22:56,2024-11-08 18:45:14
9000002945,1000005230,Correo Argentino,CA175786334AR,DELIVERED,2024-11-05 18:11:17,2024-11-08 09:50:28
9000002946,1000005231,Correo Argentino,CA342938133AR,DELIVERED,2024-11-05 17:36:57,2024-11-08 09:30:15
9000002947,1000005232,Correo Argentino,CA362919445AR,DELIVERED,2024-11-05 16:54:55,2024-11-12 14:17:03
9000002948,1000005233,Correo Argentino,CA511849317AR,DELIVERED,2024-11-05 16:50:23,2024-11-08 11:57:25
9000002949,1000005234,Correo Argentino,CA235179638AR,DELIVERED,2024-11-05 16:02:18,2024-11-08 17:11:52
9000002950,1000005235,Correo Argentino,CA451939690AR,DELIVERED,2024-11-05 16:35:20,2024-11-08 11:08:12
9000002951,1000005236,Correo Argentino,CA809158868AR,DELIVERED,2024-11-05 17:49:27,2024-11-11 10:40:27
9000002952,1000005237,Correo Argentino,CA228914338AR,DELIVERED,2024-11-05 17:07:49,2024-11-11 15:13:33
9000002953,1000005238,Correo Argentino,CA145880244AR,DELIVERED,2024-11-05 18:36:21,2024-11-11 12:36:52
9000002954,1000005239,Correo Argentino,CA988387403AR,DELIVERED,2024-11-05 17:21:54,2024-11-11 10:38:03
9000002955,1000005241,Correo Argentino,CA272251864AR,DELIVERED,2024-11-05 16:13:57,2024-11-11 18:08:09
9000002956,1000005243,Correo Argentino,CA022840855AR,DELIVERED,2024-11-06 17:50:38,2024-11-11 16:51:19
9000002957,1000005244,Correo Argentino,CA067342569AR,DELIVERED,2024-11-06 18:09:56,2024-11-13 12:43:05
9000002958,1000005245,Correo Argentino,CA521021236AR,DELIVERED,2024-11-06 18:34:48,2024-11-12 11:21:37
9000002959,1000005246,Correo Argentino,CA339931223AR,DELIVERED,2024-11-06 17:39:15,2024-11-14 17:04:54
9000002960,1000005247,Correo Argentino,CA372701607AR,DELIVERED,2024-11-06 17:41:34,2024-11-11 13:37:46
9000002961,1000005248,Correo Argentino,CA094839879AR,DELIVERED,2024-11-06 18:03:25,2024-11-14 14:00:27
9000002962,1000005249,Correo Argentino,CA745350779AR,DELIVERED,2024-11-06 16:56:11,2024-11-14 12:50:42
9000002963,1000005250,Correo Argentino,CA632078100AR,DELIVERED,2024-11-06 18:00:01,2024-11-13 16:19:31
9000002964,1000005251,Correo Argentino,CA085193864AR,DELIVERED,2024-11-06 17:21:38,2024-11-12 14:33:03
9000002965,1000005252,Correo Argentino,CA665751961AR,DELIVERED,2024-11-06 16:46:06,2024-11-11 15:08:03
9000002966,1000005253,Correo Argentino,CA618799808AR,DELIVERED,2024-11-06 16:26:21,2024-11-12 17:22:37
9000002967,1000005255,Correo Argentino,CA251833150AR,DELIVERED,2024-11-06 17:38:51,2024-11-08 19:02:26
9000002968,1000005256,Correo Argentino,CA871873731AR,DELIVERED,2024-11-06 18:16:51,2024-11-14 12:25:29
9000002969,1000005257,Correo Argentino,CA224944630AR,DELIVERED,2024-11-06 16:39:07,2024-11-11 16:32:28
9000002970,1000005259,Correo Argentino,CA937210598AR,DELIVERED,2024-11-06 17:01:55,2024-11-12 15:25:28
9000002971,1000005260,Correo Argentino,CA329871508AR,DELIVERED,2024-11-06 17:36:20,2024-11-12 12:53:55
9000002972,1000005261,Correo Argentino,CA565309571AR,DELIVERED,2024-11-06 17:54:22,2024-11-12 15:56:05
9000002973,1000005262,Correo Argentino,CA363335777AR,DELIVERED,2024-11-06 18:23:26,2024-11-08 12:08:21
9000002974,1000005263,Correo Argentino,CA267056287AR,DELIVERED,2024-11-06 17:10:52,2024-11-11 14:50:40
9000002975,1000005264,Correo Argentino,CA184665723AR,DELIVERED,2024-11-06 18:45:22,2024-11-12 18:32:08
9000002976,1000005266,Correo Argentino,CA993637977AR,DELIVERED,2024-11-06 17:44:12,2024-11-14 15:51:20
9000002977,1000005267,Correo Argentino,CA008167340AR,DELIVERED,2024-11-06 16:15:15,2024-11-12 14:58:54
9000002978,1000005268,Correo Argentino,CA269076988AR,DELIVERED,2024-11-06 17:07:59,2024-11-11 09:19:43
9000002979,1000005269,Correo Argentino,CA727932218AR,DELIVERED,2024-11-08 16:03:21,2024-11-13 11:57:03
9000002980,1000005270,Correo Argentino,CA026162134AR,DELIVERED,2024-11-06 17:21:45,2024-11-11 13:03:40
9000002981,1000005271,Correo Argentino,CA595862380AR,DELIVERED,2024-11-06 18:41:03,2024-11-08 18:11:11
9000002982,1000005272,Correo Argentino,CA839547889AR,DELIVERED,2024-11-07 16:06:42,2024-11-12 16:20:53
9000002983,1000005273,Correo Argentino,CA095041642AR,DELIVERED,2024-11-06 18:16:07,2024-11-11 18:19:51
9000002984,1000005274,Correo Argentino,CA071085909AR,DELIVERED,2024-11-06 16:56:33,2024-11-13 12:50:08
9000002985,1000005275,Correo Argentino,CA802009231AR,DELIVERED,2024-11-06 18:01:53,2024-11-14 09:18:22
9000002986,1000005276,Correo Argentino,CA802230561AR,DELIVERED,2024-11-06 17:04:17,2024-11-12 16:50:01
9000002987,1000005277,Correo Argentino,CA476600282AR,DELIVERED,2024-11-06 17:21:15,2024-11-12 12:53:47
9000002988,1000005278,Correo Argentino,CA257853248AR,DELIVERED,2024-11-06 18:10:49,2024-11-12 18:00:37
9000002989,1000005279,Correo Argentino,CA345160270AR,DELIVERED,2024-11-06 17:57:20,2024-11-08 16:55:31
9000002990,1000005281,Correo Argentino,CA497170402AR,DELIVERED,2024-11-06 18:43:54,2024-11-11 09:12:47
9000002991,1000005285,Correo Argentino,CA329285261AR,DELIVERED,2024-11-07 17:58:02,2024-11-08 12:04:16
9000002992,1000005286,Correo Argentino,CA630114629AR,DELIVERED,2024-11-07 16:04:49,2024-11-11 19:06:06
9000002993,1000005287,Correo Argentino,CA747104443AR,DELIVERED,2024-11-07 18:05:24,2024-11-11 16:12:45
9000002994,1000005288,Correo Argentino,CA520406933AR,DELIVERED,2024-11-07 17:53:16,2024-11-11 12:37:00
9000002995,1000005289,Correo Argentino,CA659012893AR,DELIVERED,2024-11-07 16:10:27,2024-11-11 12:55:01
9000002996,1000005290,Correo Argentino,CA777793736AR,DELIVERED,2024-11-07 17:46:18,2024-11-13 09:16:31
9000002997,1000005293,Correo Argentino,CA787630546AR,DELIVERED,2024-11-07 16:54:36,2024-11-11 11:56:35
9000002998,1000005295,Correo Argentino,CA544875441AR,DELIVERED,2024-11-07 17:10:47,2024-11-13 19:57:23
9000002999,1000005299,Correo Argentino,CA621790380AR,DELIVERED,2024-11-07 17:56:46,2024-11-11 17:29:45
9000003000,1000005300,Correo Argentino,CA490459577AR,DELIVERED,2024-11-07 18:52:08,2024-11-12 11:07:56
9000003001,1000005301,Correo Argentino,CA505759255AR,DELIVERED,2024-11-07 17:31:26,2024-11-08 13:22:18
9000003002,1000005302,Correo Argentino,CA052429326AR,DELIVERED,2024-11-07 16:31:26,2024-11-13 09:41:18
9000003003,1000005303,Correo Argentino,CA157507122AR,DELIVERED,2024-11-07 16:37:48,2024-11-11 09:56:05
9000003004,1000005304,Correo Argentino,CA128108299AR,DELIVERED,2024-11-07 17:02:01,2024-11-12 09:37:41
9000003005,1000005305,Correo Argentino,CA966522850AR,DELIVERED,2024-11-07 18:10:16,2024-11-13 19:14:47
9000003006,1000005306,Correo Argentino,CA320321654AR,DELIVERED,2024-11-07 17:13:36,2024-11-14 11:41:19
9000003007,1000005308,Correo Argentino,CA763654968AR,DELIVERED,2024-11-07 16:59:20,2024-11-11 10:27:03
9000003008,1000005309,Correo Argentino,CA540309152AR,DELIVERED,2024-11-07 16:32:32,2024-11-12 13:56:59
9000003009,1000005310,Correo Argentino,CA505296232AR,DELIVERED,2024-11-07 17:35:35,2024-11-13 19:36:06
9000003010,1000005311,Correo Argentino,CA156175444AR,DELIVERED,2024-11-07 17:01:29,2024-11-13 10:51:51
9000003011,1000005312,Correo Argentino,CA806457295AR,DELIVERED,2024-11-07 18:39:59,2024-11-08 15:11:47
9000003012,1000005314,Correo Argentino,CA827867949AR,DELIVERED,2024-11-07 16:39:01,2024-11-13 15:09:43
9000003013,1000005315,Correo Argentino,CA960310498AR,DELIVERED,2024-11-07 18:58:35,2024-11-13 10:36:20
9000003014,1000005317,Correo Argentino,CA183302942AR,DELIVERED,2024-11-07 18:16:48,2024-11-11 16:40:41
9000003015,1000005322,Correo Argentino,CA623331696AR,DELIVERED,2024-11-08 17:38:54,2024-11-12 16:23:22
9000003016,1000005323,Correo Argentino,CA140460956AR,DELIVERED,2024-11-08 17:27:20,2024-11-13 13:58:05
9000003017,1000005324,Correo Argentino,CA277324094AR,DELIVERED,2024-11-08 18:06:23,2024-11-12 10:02:58
9000003018,1000005326,Correo Argentino,CA359798518AR,DELIVERED,2024-11-08 17:02:34,2024-11-12 13:46:17
9000003019,1000005328,Correo Argentino,CA516580253AR,DELIVERED,2024-11-08 17:07:53,2024-11-11 12:57:19
9000003020,1000005329,Correo Argentino,CA409115827AR,DELIVERED,2024-11-08 18:28:52,2024-11-12 12:27:53
9000003021,1000005330,Correo Argentino,CA824555491AR,DELIVERED,2024-11-08 17:54:27,2024-11-13 11:34:35
9000003022,1000005331,Correo Argentino,CA289527794AR,DELIVERED,2024-11-08 17:38:40,2024-11-12 11:02:11
9000003023,1000005332,Correo Argentino,CA148783370AR,DELIVERED,2024-11-08 18:15:59,2024-11-12 10:30:03
9000003024,1000005333,Correo Argentino,CA626001928AR,DELIVERED,2024-11-08 16:13:33,2024-11-14 12:34:05
9000003025,1000005334,Correo Argentino,CA142264177AR,DELIVERED,2024-11-08 16:05:24,2024-11-12 18:22:06
9000003026,1000005335,Correo Argentino,CA777588075AR,DELIVERED,2024-11-08 16:05:16,2024-11-12 10:26:49
9000003027,1000005336,Correo Argentino,CA618004749AR,DELIVERED,2024-11-11 18:18:57,2024-11-14 10:09:41
9000003028,1000005337,Correo Argentino,,CANCELLED,,
9000003029,1000005341,Correo Argentino,CA200074239AR,DELIVERED,2024-11-11 17:12:49,2024-11-15 18:56:59
9000003030,1000005342,Correo Argentino,CA616113554AR,DELIVERED,2024-11-11 16:44:58,2024-11-13 13:16:30
9000003031,1000005347,Correo Argentino,CA935179197AR,DELIVERED,2024-11-11 16:51:52,2024-11-13 10:36:55
9000003032,1000005348,Correo Argentino,CA070085865AR,DELIVERED,2024-11-11 18:03:26,2024-11-15 13:10:06
9000003033,1000005349,Correo Argentino,CA090654355AR,DELIVERED,2024-11-11 16:26:01,2024-11-13 15:20:24
9000003034,1000005350,Correo Argentino,CA638437983AR,DELIVERED,2024-11-11 17:47:55,2024-11-14 17:19:42
9000003035,1000005351,Correo Argentino,CA134135121AR,DELIVERED,2024-11-11 18:32:18,2024-11-15 19:30:12
9000003036,1000005352,Correo Argentino,CA690172221AR,DELIVERED,2024-11-11 18:31:48,2024-11-13 10:19:07
9000003037,1000005353,Correo Argentino,CA114078388AR,DELIVERED,2024-11-11 18:28:28,2024-11-13 11:17:40
9000003038,1000005354,Correo Argentino,CA396127443AR,DELIVERED,2024-11-11 16:48:22,2024-11-14 15:08:31
9000003039,1000005355,Correo Argentino,CA224358942AR,DELIVERED,2024-11-11 18:54:59,2024-11-13 12:15:55
9000003040,1000005356,Correo Argentino,CA041365127AR,DELIVERED,2024-11-11 18:28:52,2024-11-15 15:45:51
9000003041,1000005357,Correo Argentino,CA764790983AR,DELIVERED,2024-11-11 17:11:51,2024-11-13 19:55:10
9000003042,1000005363,Correo Argentino,CA680064755AR,DELIVERED,2024-11-12 16:05:11,2024-11-18 15:23:05
9000003043,1000005364,Correo Argentino,CA529619014AR,DELIVERED,2024-11-11 18:41:31,2024-11-12 19:20:09
9000003044,1000005365,Correo Argentino,CA007649914AR,DELIVERED,2024-11-11 17:07:52,2024-11-14 09:49:41
9000003045,1000005366,Correo Argentino,CA838996721AR,DELIVERED,2024-11-11 17:39:07,2024-11-13 18:55:39
9000003046,1000005367,Correo Argentino,CA860826080AR,DELIVERED,2024-11-11 17:34:22,2024-11-13 16:26:15
9000003047,1000005368,Correo Argentino,CA860256075AR,DELIVERED,2024-11-11 16:47:56,2024-11-15 16:59:38
9000003048,1000005369,Correo Argentino,CA447891793AR,DELIVERED,2024-11-11 18:08:55,2024-11-14 14:48:39
9000003049,1000005370,Correo Argentino,CA060256107AR,DELIVERED,2024-11-11 18:44:52,2024-11-15 17:00:28
9000003050,1000005375,Correo Argentino,CA765613055AR,DELIVERED,2024-11-11 17:45:55,2024-11-18 15:10:09
9000003051,1000005376,Correo Argentino,CA405850093AR,DELIVERED,2024-11-11 16:05:05,2024-11-14 18:18:48
9000003052,1000005378,Correo Argentino,CA265040083AR,DELIVERED,2024-11-11 18:04:35,2024-11-18 15:30:29
9000003053,1000005379,Correo Argentino,CA085337292AR,DELIVERED,2024-11-11 18:06:44,2024-11-15 14:29:05
9000003054,1000005380,Correo Argentino,CA358085145AR,DELIVERED,2024-11-11 18:03:19,2024-11-15 10:33:03
9000003055,1000005381,Correo Argentino,CA868273279AR,DELIVERED,2024-11-11 16:52:25,2024-11-12 10:30:17
9000003056,1000005382,Correo Argentino,,CANCELLED,,
9000003057,1000005384,Correo Argentino,CA339571099AR,DELIVERED,2024-11-11 17:44:54,2024-11-14 14:23:01
9000003058,1000005386,Correo Argentino,CA187380288AR,DELIVERED,2024-11-11 16:00:37,2024-11-14 13:47:13
9000003059,1000005387,Correo Argentino,CA813299973AR,DELIVERED,2024-11-12 18:30:46,2024-11-15 16:58:30
9000003060,1000005388,Correo Argentino,CA204635605AR,DELIVERED,2024-11-11 17:21:50,2024-11-14 09:19:43
9000003061,1000005389,Correo Argentino,CA226828746AR,DELIVERED,2024-11-11 16:49:57,2024-11-12 10:58:15
9000003062,1000005390,Correo Argentino,CA911636060AR,DELIVERED,2024-11-11 16:39:09,2024-11-13 16:10:02
9000003063,1000005391,Correo Argentino,CA172756796AR,DELIVERED,2024-11-14 17:41:10,2024-11-18 17:02:26
9000003064,1000005392,Correo Argentino,CA287193033AR,DELIVERED,2024-11-11 16:23:45,2024-11-13 19:08:42
9000003065,1000005396,Correo Argentino,CA868356628AR,DELIVERED,2024-11-12 17:05:37,2024-11-15 11:08:23
9000003066,1000005403,Correo Argentino,CA643693695AR,DELIVERED,2024-11-12 17:58:55,2024-11-13 10:13:07
9000003067,1000005404,Correo Argentino,CA627628562AR,DELIVERED,2024-11-12 17:15:21,2024-11-15 09:05:42
9000003068,1000005405,Correo Argentino,CA416364195AR,DELIVERED,2024-11-12 18:28:23,2024-11-18 10:22:01
9000003069,1000005406,Correo Argentino,CA517458064AR,DELIVERED,2024-11-12 16:59:38,2024-11-13 18:33:32
9000003070,1000005407,Correo Argentino,CA602689850AR,DELIVERED,2024-11-12 17:02:56,2024-11-18 16:11:55
9000003071,1000005408,Correo Argentino,CA655169339AR,DELIVERED,2024-11-12 17:22:19,2024-11-14 18:45:23
9000003072,1000005409,Correo Argentino,CA554854105AR,DELIVERED,2024-11-12 18:04:09,2024-11-14 09:03:03
9000003073,1000005410,Correo Argentino,CA705360135AR,DELIVERED,2024-11-12 16:38:54,2024-11-14 11:54:10
9000003074,1000005411,Correo Argentino,CA880481554AR,DELIVERED,2024-11-12 18:56:03,2024-11-14 10:42:22
9000003075,1000005413,Correo Argentino,CA729114961AR,DELIVERED,2024-11-12 18:43:18,2024-11-14 13:02:45
9000003076,1000005415,Correo Argentino,CA392525585AR,DELIVERED,2024-11-12 16:45:28,2024-11-14 17:34:56
9000003077,1000005416,Correo Argentino,CA824933184AR,DELIVERED,2024-11-13 18:59:27,2024-11-18 16:03:38
9000003078,1000005417,Correo Argentino,CA960759796AR,DELIVERED,2024-11-13 18:57:56,2024-11-18 14:03:15
9000003079,1000005419,Correo Argentino,CA930921228AR,DELIVERED,2024-11-13 18:30:40,2024-11-19 17:43:03
9000003080,1000005422,Correo Argentino,CA181928967AR,DELIVERED,2024-11-13 16:06:56,2024-11-19 17:48:58
9000003081,1000005424,Correo Argentino,CA607877936AR,DELIVERED,2024-11-13 16:22:41,2024-11-15 19:10:54
9000003082,1000005425,Correo Argentino,CA957490764AR,DELIVERED,2024-11-13 16:41:36,2024-11-15 11:17:00
9000003083,1000005426,Correo Argentino,CA638303913AR,DELIVERED,2024-11-13 18:04:38,2024-11-15 12:30:49
9000003084,1000005427,Correo Argentino,CA081604450AR,DELIVERED,2024-11-13 16:38:00,2024-11-15 13:04:38
9000003085,1000005428,Correo Argentino,CA844783803AR,DELIVERED,2024-11-13 17:58:22,2024-11-15 12:23:20
9000003086,1000005430,Correo Argentino,CA868577856AR,DELIVERED,2024-11-13 17:01:21,2024-11-14 13:15:41
9000003087,1000005432,Correo Argentino,CA318597394AR,DELIVERED,2024-11-13 18:32:27,2024-11-15 19:57:07
9000003088,1000005433,Correo Argentino,CA627013367AR,DELIVERED,2024-11-13 16:16:20,2024-11-19 10:37:13
9000003089,1000005435,Correo Argentino,CA551259495AR,DELIVERED,2024-11-14 18:04:58,2024-11-21 11:34:30
9000003090,1000005436,Correo Argentino,CA939817768AR,DELIVERED,2024-11-14 16:05:13,2024-11-21 10:29:47
9000003091,1000005439,Correo Argentino,CA934924270AR,DELIVERED,2024-11-14 18:46:04,2024-11-19 13:55:44
9000003092,1000005440,Correo Argentino,CA023726421AR,DELIVERED,2024-11-14 18:46:27,2024-11-19 11:21:31
9000003093,1000005443,Correo Argentino,CA447373479AR,DELIVERED,2024-11-14 17:25:58,2024-11-18 17:39:12
9000003094,1000005447,Correo Argentino,,CANCELLED,,
9000003095,1000005449,Correo Argentino,CA418209219AR,DELIVERED,2024-11-14 16:22:56,2024-11-18 12:00:19
9000003096,1000005450,Correo Argentino,CA763336235AR,DELIVERED,2024-11-18 18:28:24,2024-11-19 16:09:43
9000003097,1000005451,Correo Argentino,CA188039600AR,DELIVERED,2024-11-14 17:02:28,2024-11-18 10:55:09
9000003098,1000005452,Correo Argentino,CA319270150AR,DELIVERED,2024-11-14 17:57:31,2024-11-18 10:24:46
9000003099,1000005453,Correo Argentino,CA538595938AR,DELIVERED,2024-11-14 17:26:02,2024-11-19 15:07:05
9000003100,1000005454,Correo Argentino,CA457107467AR,DELIVERED,2024-11-14 18:42:14,2024-11-19 18:03:22
9000003101,1000005455,Correo Argentino,CA530409013AR,DELIVERED,2024-11-14 16:13:23,2024-11-15 13:49:19
9000003102,1000005456,Correo Argentino,CA983791213AR,DELIVERED,2024-11-14 18:18:12,2024-11-20 15:38:12
9000003103,1000005457,Correo Argentino,CA962574025AR,DELIVERED,2024-11-14 17:21:59,2024-11-18 19:59:02
9000003104,1000005458,Correo Argentino,CA371794391AR,DELIVERED,2024-11-14 16:53:13,2024-11-19 10:41:23
9000003105,1000005460,Correo Argentino,CA964485079AR,DELIVERED,2024-11-14 17:22:38,2024-11-18 18:26:24
9000003106,1000005461,Correo Argentino,CA514816151AR,DELIVERED,2024-11-14 18:34:51,2024-11-15 13:17:13
9000003107,1000005462,Correo Argentino,CA713440145AR,DELIVERED,2024-11-14 17:54:09,2024-11-21 14:04:00
9000003108,1000005464,Correo Argentino,CA432724468AR,DELIVERED,2024-11-14 18:14:13,2024-11-18 13:34:56
9000003109,1000005467,Correo Argentino,,CANCELLED,,
9000003110,1000005468,Correo Argentino,CA107606299AR,DELIVERED,2024-11-15 18:43:34,2024-11-19 16:37:44
9000003111,1000005470,Correo Argentino,CA383874180AR,DELIVERED,2024-11-15 17:56:51,2024-11-22 11:33:16
9000003112,1000005471,Correo Argentino,CA166036824AR,DELIVERED,2024-11-15 17:08:47,2024-11-19 12:40:21
9000003113,1000005472,Correo Argentino,CA367442230AR,DELIVERED,2024-11-15 18:27:45,2024-11-20 18:52:00
9000003114,1000005475,Correo Argentino,CA635471332AR,DELIVERED,2024-11-18 16:11:30,2024-11-20 16:54:58
9000003115,1000005477,Correo Argentino,CA143060094AR,DELIVERED,2024-11-15 18:48:01,2024-11-19 09:49:13
9000003116,1000005478,Correo Argentino,CA030152072AR,DELIVERED,2024-11-15 18:15:45,2024-11-18 11:14:23
9000003117,1000005479,Correo Argentino,CA976938024AR,DELIVERED,2024-11-15 16:56:31,2024-11-22 14:08:45
9000003118,1000005480,Correo Argentino,CA226524845AR,DELIVERED,2024-11-15 17:04:54,2024-11-19 15:43:38
9000003119,1000005482,Correo Argentino,CA866783776AR,DELIVERED,2024-11-18 18:20:11,2024-11-20 14:17:28
9000003120,1000005483,Correo Argentino,CA717349503AR,DELIVERED,2024-11-18 16:51:30,2024-11-20 13:59:47
9000003121,1000005489,Correo Argentino,CA799272275AR,DELIVERED,2024-11-18 17:48:55,2024-11-25 09:16:45
9000003122,1000005491,Correo Argentino,CA020145110AR,DELIVERED,2024-11-18 16:57:36,2024-11-21 18:06:12
9000003123,1000005492,Correo Argentino,CA723412555AR,DELIVERED,2024-11-18 18:20:50,2024-11-21 09:21:53
9000003124,1000005493,Correo Argentino,CA528439137AR,DELIVERED,2024-11-18 16:05:28,2024-11-22 17:27:11
9000003125,1000005494,Correo Argentino,CA698191922AR,DELIVERED,2024-11-18 17:10:10,2024-11-21 14:02:19
9000003126,1000005497,Correo Argentino,CA393628589AR,DELIVERED,2024-11-18 18:56:01,2024-11-25 15:20:56
9000003127,1000005500,Correo Argentino,CA728288018AR,DELIVERED,2024-11-18 17:51:53,2024-11-20 17:47:49
9000003128,1000005503,Correo Argentino,CA408243781AR,DELIVERED,2024-11-18 17:58:06,2024-11-21 15:06:27
9000003129,1000005506,Correo Argentino,CA751990608AR,DELIVERED,2024-11-18 18:04:15,2024-11-25 10:01:05
9000003130,1000005509,Correo Argentino,CA451929264AR,DELIVERED,2024-11-18 17:52:10,2024-11-21 15:21:13
9000003131,1000005510,Correo Argentino,CA782988067AR,DELIVERED,2024-11-18 17:30:11,2024-11-22 13:50:34
9000003132,1000005511,Correo Argentino,CA476971204AR,DELIVERED,2024-11-18 18:41:43,2024-11-20 15:36:48
9000003133,1000005512,Correo Argentino,CA957670167AR,DELIVERED,2024-11-18 18:15:33,2024-11-20 14:18:58
9000003134,1000005513,Correo Argentino,CA123461084AR,DELIVERED,2024-11-18 17:56:30,2024-11-19 18:02:42
9000003135,1000005514,Correo Argentino,CA574326064AR,DELIVERED,2024-11-18 18:16:40,2024-11-21 12:33:30
9000003136,1000005515,Correo Argentino,CA948585561AR,DELIVERED,2024-11-18 17:25:18,2024-11-20 10:04:34
9000003137,1000005516,Correo Argentino,CA361114265AR,DELIVERED,2024-11-18 17:32:46,2024-11-20 19:06:07
9000003138,1000005517,Correo Argentino,CA080977941AR,DELIVERED,2024-11-18 16:07:12,2024-11-22 14:52:30
9000003139,1000005518,Correo Argentino,CA764198494AR,DELIVERED,2024-11-18 16:31:14,2024-11-21 18:09:31
9000003140,1000005519,Correo Argentino,CA456642845AR,DELIVERED,2024-11-18 17:14:17,2024-11-21 16:52:40
9000003141,1000005522,Correo Argentino,CA709238089AR,DELIVERED,2024-11-18 18:57:59,2024-11-19 14:00:35
9000003142,1000005525,Correo Argentino,CA736072981AR,DELIVERED,2024-11-19 18:05:26,2024-11-22 17:45:21
9000003143,1000005527,Correo Argentino,CA283787966AR,DELIVERED,2024-11-19 16:23:22,2024-11-22 17:21:58
9000003144,1000005528,Correo Argentino,CA121882184AR,DELIVERED,2024-11-19 17:50:02,2024-11-21 11:49:23
9000003145,1000005530,Correo Argentino,CA264340368AR,DELIVERED,2024-11-19 17:22:56,2024-11-25 15:44:41
9000003146,1000005532,Correo Argentino,CA683753645AR,DELIVERED,2024-11-19 16:16:45,2024-11-25 09:27:05
9000003147,1000005533,Correo Argentino,CA498985870AR,DELIVERED,2024-11-19 16:07:44,2024-11-21 14:17:18
9000003148,1000005534,Correo Argentino,CA338468053AR,DELIVERED,2024-11-19 17:34:57,2024-11-21 14:51:11
9000003149,1000005536,Correo Argentino,CA909014370AR,DELIVERED,2024-11-19 17:36:20,2024-11-21 10:11:53
9000003150,1000005538,Correo Argentino,CA426303219AR,DELIVERED,2024-11-19 17:53:02,2024-11-21 09:35:10
9000003151,1000005540,Correo Argentino,CA742108792AR,DELIVERED,2024-11-20 18:28:01,2024-11-22 10:21:30
9000003152,1000005541,Correo Argentino,CA080054591AR,DELIVERED,2024-11-20 16:27:49,2024-11-21 13:20:29
9000003153,1000005544,Correo Argentino,CA314300337AR,DELIVERED,2024-11-20 17:35:23,2024-11-25 16:26:24
9000003154,1000005545,Correo Argentino,CA349632111AR,DELIVERED,2024-11-20 18:39:40,2024-11-21 15:50:01
9000003155,1000005546,Correo Argentino,CA379891150AR,DELIVERED,2024-11-20 18:50:22,2024-11-21 17:09:18
9000003156,1000005547,Correo Argentino,CA710936742AR,DELIVERED,2024-11-20 17:29:28,2024-11-25 18:32:17
9000003157,1000005548,Correo Argentino,CA581602761AR,DELIVERED,2024-11-20 16:56:11,2024-11-26 13:16:15
9000003158,1000005550,Correo Argentino,CA313902228AR,DELIVERED,2024-11-20 18:33:58,2024-11-26 12:34:51
9000003159,1000005551,Correo Argentino,CA684685122AR,DELIVERED,2024-11-20 18:32:03,2024-11-25 19:17:57
9000003160,1000005552,Correo Argentino,CA365699752AR,DELIVERED,2024-11-20 17:32:53,2024-11-27 18:07:05
9000003161,1000005553,Correo Argentino,CA111211625AR,DELIVERED,2024-11-20 18:00:04,2024-11-21 13:47:35
9000003162,1000005554,Correo Argentino,CA192884742AR,DELIVERED,2024-11-20 16:31:07,2024-11-26 14:23:19
9000003163,1000005555,Correo Argentino,CA067667130AR,DELIVERED,2024-11-20 16:46:53,2024-11-22 10:11:44
9000003164,1000005556,Correo Argentino,CA496957258AR,DELIVERED,2024-11-20 18:58:18,2024-11-21 14:03:58
9000003165,1000005560,Correo Argentino,CA692583405AR,DELIVERED,2024-11-20 18:14:59,2024-11-22 10:58:28
9000003166,1000005563,Correo Argentino,CA793020252AR,DELIVERED,2024-11-21 16:17:19,2024-11-22 11:31:52
9000003167,1000005564,Correo Argentino,CA408997177AR,DELIVERED,2024-11-21 16:51:25,2024-11-22 12:33:02
9000003168,1000005565,Correo Argentino,CA889879015AR,DELIVERED,2024-11-21 16:52:09,2024-11-27 15:27:40
9000003169,1000005568,Correo Argentino,CA018357810AR,DELIVERED,2024-11-21 17:09:35,2024-11-22 15:10:48
9000003170,1000005571,Correo Argentino,CA499525386AR,DELIVERED,2024-11-21 17:57:21,2024-11-26 19:08:49
9000003171,1000005573,Correo Argentino,CA818071015AR,DELIVERED,2024-11-22 17:20:51,2024-11-28 17:05:49
9000003172,1000005576,Correo Argentino,CA837406782AR,DELIVERED,2024-11-22 16:46:34,2024-11-28 12:22:19
9000003173,1000005577,Correo Argentino,CA147460518AR,DELIVERED,2024-11-22 17:36:18,2024-11-28 16:21:14
9000003174,1000005578,Correo Argentino,CA325234852AR,DELIVERED,2024-11-22 16:58:05,2024-11-26 16:14:35
9000003175,1000005579,Correo Argentino,CA974914890AR,DELIVERED,2024-11-22 17:00:42,2024-11-25 12:00:29
9000003176,1000005580,Correo Argentino,CA285058103AR,DELIVERED,2024-11-22 16:40:42,2024-11-27 09:05:09
9000003177,1000005583,Correo Argentino,CA531728981AR,DELIVERED,2024-11-25 16:53:19,2024-11-27 17:23:38
9000003178,1000005584,Correo Argentino,CA722739734AR,DELIVERED,2024-11-25 16:01:10,2024-11-27 10:56:37
9000003179,1000005585,Correo Argentino,CA323170693AR,DELIVERED,2024-11-25 18:14:37,2024-11-27 12:29:32
9000003180,1000005587,Correo Argentino,CA598799853AR,DELIVERED,2024-11-25 17:23:32,2024-11-26 09:34:24
9000003181,1000005588,Correo Argentino,CA755809695AR,DELIVERED,2024-11-25 18:17:05,2024-11-28 10:20:18
9000003182,1000005589,Correo Argentino,CA392030873AR,DELIVERED,2024-11-25 17:09:09,2024-11-29 09:21:50
9000003183,1000005595,Correo Argentino,CA944199580AR,DELIVERED,2024-11-25 16:39:16,2024-11-27 09:22:21
9000003184,1000005596,Correo Argentino,CA866293873AR,DELIVERED,2024-11-25 17:27:11,2024-11-29 13:56:23
9000003185,1000005597,Correo Argentino,CA401771761AR,DELIVERED,2024-11-25 16:16:46,2024-11-29 15:45:12
9000003186,1000005598,Correo Argentino,CA133968911AR,DELIVERED,2024-11-25 17:20:04,2024-12-02 18:17:09
9000003187,1000005601,Correo Argentino,CA346089945AR,DELIVERED,2024-11-25 16:50:09,2024-11-29 14:09:43
9000003188,1000005604,Correo Argentino,CA238474757AR,DELIVERED,2024-11-25 18:42:20,2024-11-29 09:50:55
9000003189,1000005605,Correo Argentino,CA126019239AR,DELIVERED,2024-11-25 18:32:28,2024-11-27 12:38:20
9000003190,1000005608,Correo Argentino,CA561252284AR,DELIVERED,2024-11-25 16:43:22,2024-11-27 09:43:31
9000003191,1000005610,Correo Argentino,CA490879837AR,DELIVERED,2024-11-25 18:16:15,2024-11-29 13:57:43
9000003192,1000005613,Correo Argentino,CA188035753AR,DELIVERED,2024-11-25 17:25:15,2024-11-26 14:49:28
9000003193,1000005615,Correo Argentino,CA099134338AR,DELIVERED,2024-11-25 16:33:52,2024-12-02 16:29:07
9000003194,1000005620,Correo Argentino,CA185133206AR,DELIVERED,2024-11-25 17:42:35,2024-11-27 18:31:12
9000003195,1000005621,Correo Argentino,CA860529757AR,DELIVERED,2024-11-25 18:15:05,2024-11-28 15:21:30
9000003196,1000005622,Correo Argentino,CA900029754AR,DELIVERED,2024-11-25 17:57:35,2024-11-28 19:30:41
9000003197,1000005623,Correo Argentino,CA750161821AR,DELIVERED,2024-11-25 18:56:37,2024-11-27 18:49:00
9000003198,1000005624,Correo Argentino,CA882308342AR,DELIVERED,2024-11-25 18:03:20,2024-11-27 14:16:07
9000003199,1000005625,Correo Argentino,CA964440349AR,DELIVERED,2024-11-25 17:12:19,2024-11-29 09:31:06
9000003200,1000005626,Correo Argentino,CA065444546AR,DELIVERED,2024-11-25 16:05:46,2024-11-28 17:57:31
9000003201,1000005627,Correo Argentino,,CANCELLED,,
9000003202,1000005629,Correo Argentino,CA059768098AR,DELIVERED,2024-11-25 18:53:40,2024-11-29 12:16:05
9000003203,1000005631,Correo Argentino,CA007113249AR,DELIVERED,2024-11-25 16:23:47,2024-11-28 17:53:04
9000003204,1000005632,Correo Argentino,CA346665970AR,DELIVERED,2024-11-25 18:46:12,2024-11-29 18:21:52
9000003205,1000005633,Correo Argentino,CA361259887AR,DELIVERED,2024-11-25 16:25:17,2024-11-26 19:15:24
9000003206,1000005634,Correo Argentino,CA556363679AR,DELIVERED,2024-11-25 17:55:48,2024-11-26 16:02:24
9000003207,1000005636,Correo Argentino,CA044866756AR,DELIVERED,2024-11-26 18:03:47,2024-11-28 14:48:32
9000003208,1000005639,Correo Argentino,CA688436990AR,DELIVERED,2024-11-26 18:19:41,2024-11-28 13:00:28
9000003209,1000005640,Correo Argentino,CA738043761AR,DELIVERED,2024-11-26 18:03:17,2024-11-28 09:17:31
9000003210,1000005641,Correo Argentino,CA033538681AR,DELIVERED,2024-11-26 18:43:56,2024-11-29 17:09:31
9000003211,1000005642,Correo Argentino,CA636460377AR,DELIVERED,2024-11-26 17:08:01,2024-12-02 10:00:01
9000003212,1000005643,Correo Argentino,CA274141935AR,DELIVERED,2024-11-26 17:02:31,2024-11-28 13:52:58
9000003213,1000005644,Correo Argentino,CA445207864AR,DELIVERED,2024-11-26 18:43:48,2024-11-28 18:48:14
9000003214,1000005645,Correo Argentino,CA673956641AR,DELIVERED,2024-11-26 16:01:58,2024-12-02 15:56:19
9000003215,1000005646,Correo Argentino,CA101306462AR,DELIVERED,2024-11-26 17:45:21,2024-11-29 10:45:53
9000003216,1000005647,Correo Argentino,CA095979352AR,DELIVERED,2024-11-26 18:36:39,2024-12-02 15:07:36
9000003217,1000005648,Correo Argentino,CA188651832AR,DELIVERED,2024-11-26 17:44:59,2024-11-27 19:24:05
9000003218,1000005649,Correo Argentino,CA836084395AR,DELIVERED,2024-11-26 18:36:52,2024-12-03 17:10:58
9000003219,1000005650,Correo Argentino,CA020470542AR,DELIVERED,2024-11-26 18:02:55,2024-11-29 19:13:41
9000003220,1000005652,Correo Argentino,CA121526278AR,DELIVERED,2024-11-26 18:01:34,2024-12-02 19:44:28
9000003221,1000005655,Correo Argentino,CA811959048AR,DELIVERED,2024-11-26 18:39:43,2024-11-29 14:04:16
9000003222,1000005656,Correo Argentino,,CANCELLED,,
9000003223,1000005657,Correo Argentino,CA050040350AR,DELIVERED,2024-11-27 18:49:14,2024-12-02 13:00:21
9000003224,1000005659,Correo Argentino,CA325431048AR,DELIVERED,2024-11-27 18:55:22,2024-12-02 16:40:00
9000003225,1000005660,Correo Argentino,CA072729729AR,DELIVERED,2024-11-27 17:18:09,2024-12-02 16:09:55
9000003226,1000005662,Correo Argentino,CA498417004AR,DELIVERED,2024-11-27 16:40:43,2024-12-02 15:27:09
9000003227,1000005663,Correo Argentino,CA400615365AR,DELIVERED,2024-11-27 16:25:03,2024-12-03 15:25:14
9000003228,1000005664,Correo Argentino,CA716897465AR,DELIVERED,2024-11-27 16:30:10,2024-11-28 11:09:09
9000003229,1000005665,Correo Argentino,CA032038770AR,DELIVERED,2024-11-27 17:23:44,2024-12-03 15:39:36
9000003230,1000005666,Correo Argentino,CA231453143AR,DELIVERED,2024-11-28 16:45:00,2024-12-03 11:41:47
9000003231,1000005671,Correo Argentino,CA101762441AR,DELIVERED,2024-11-27 17:25:16,2024-11-29 18:38:20
9000003232,1000005672,Correo Argentino,CA843751694AR,DELIVERED,2024-11-28 18:48:45,2024-12-04 12:39:06
9000003233,1000005673,Correo Argentino,CA925112097AR,DELIVERED,2024-11-28 16:28:43,2024-11-29 18:05:41
9000003234,1000005674,Correo Argentino,CA761536643AR,DELIVERED,2024-11-29 16:54:37,2024-12-02 11:14:00
9000003235,1000005675,Correo Argentino,CA253348237AR,DELIVERED,2024-11-28 16:27:57,2024-12-02 17:51:27
9000003236,1000005676,Correo Argentino,CA530533814AR,DELIVERED,2024-11-28 16:46:18,2024-12-04 10:57:37
9000003237,1000005678,Correo Argentino,CA127425053AR,DELIVERED,2024-11-28 17:12:53,2024-12-02 18:19:29
9000003238,1000005679,Correo Argentino,CA106522857AR,DELIVERED,2024-11-28 16:23:07,2024-12-02 18:15:10
9000003239,1000005680,Correo Argentino,CA093329678AR,DELIVERED,2024-11-28 17:24:58,2024-12-02 18:05:21
9000003240,1000005682,Correo Argentino,CA293827467AR,DELIVERED,2024-11-28 16:10:27,2024-12-02 13:50:27
9000003241,1000005687,Correo Argentino,CA443083353AR,DELIVERED,2024-11-28 17:49:21,2024-12-04 13:29:47
9000003242,1000005688,Correo Argentino,CA627694415AR,DELIVERED,2024-11-28 17:40:13,2024-12-04 17:56:35
9000003243,1000005690,Correo Argentino,CA276730748AR,DELIVERED,2024-11-28 17:53:12,2024-12-04 16:50:42
9000003244,1000005693,Correo Argentino,CA732488117AR,DELIVERED,2024-11-28 17:04:56,2024-12-03 15:46:31
9000003245,1000005694,Correo Argentino,CA834613471AR,DELIVERED,2024-11-29 17:57:22,2024-12-05 13:55:00
9000003246,1000005695,Correo Argentino,CA979309017AR,DELIVERED,2024-11-28 18:56:55,2024-12-02 15:55:47
9000003247,1000005696,Correo Argentino,CA282510418AR,DELIVERED,2024-11-28 16:14:23,2024-12-02 19:14:01
9000003248,1000005698,Correo Argentino,CA173650624AR,DELIVERED,2024-11-28 16:53:52,2024-12-04 13:25:01
9000003249,1000005699,Correo Argentino,CA742554070AR,DELIVERED,2024-11-28 17:36:26,2024-12-03 16:08:16
9000003250,1000005700,Correo Argentino,CA709642672AR,DELIVERED,2024-11-28 18:01:41,2024-12-03 10:47:46
9000003251,1000005702,Correo Argentino,CA255945620AR,DELIVERED,2024-11-29 18:52:10,2024-12-03 12:02:48
9000003252,1000005704,Correo Argentino,CA352820084AR,DELIVERED,2024-11-29 16:01:18,2024-12-03 09:00:57
9000003253,1000005708,Correo Argentino,CA162708218AR,DELIVERED,2024-11-29 17:46:56,2024-12-06 17:58:02
9000003254,1000005709,Correo Argentino,CA210260625AR,DELIVERED,2024-11-29 17:22:48,2024-12-05 15:29:25
9000003255,1000005711,Correo Argentino,CA385320394AR,DELIVERED,2024-11-29 18:21:40,2024-12-05 09:05:15
9000003256,1000005712,Correo Argentino,CA302156697AR,DELIVERED,2024-11-29 16:01:25,2024-12-03 13:50:35
9000003257,1000005713,Correo Argentino,CA790960425AR,DELIVERED,2024-11-29 17:01:29,2024-12-02 17:34:18
9000003258,1000005714,Correo Argentino,CA471020270AR,DELIVERED,2024-11-29 18:32:07,2024-12-06 19:48:10
9000003259,1000005715,Correo Argentino,CA767055654AR,DELIVERED,2024-11-29 16:31:31,2024-12-04 14:12:24
9000003260,1000005716,Correo Argentino,CA172765201AR,DELIVERED,2024-11-29 18:27:02,2024-12-04 16:15:27
9000003261,1000005718,Correo Argentino,CA629666337AR,DELIVERED,2024-11-29 18:09:46,2024-12-02 16:49:19
9000003262,1000005719,Correo Argentino,CA645007685AR,DELIVERED,2024-11-29 17:06:38,2024-12-03 11:45:47
9000003263,1000005720,Correo Argentino,CA029775755AR,DELIVERED,2024-12-02 16:51:11,2024-12-04 11:05:25
9000003264,1000005724,Correo Argentino,CA463479202AR,DELIVERED,2024-12-02 17:39:14,2024-12-04 16:17:17
9000003265,1000005725,Correo Argentino,CA488727643AR,DELIVERED,2024-12-02 17:10:49,2024-12-09 19:40:55
9000003266,1000005726,Correo Argentino,CA992247985AR,DELIVERED,2024-12-02 18:27:32,2024-12-03 13:07:47
9000003267,1000005729,Correo Argentino,CA711934541AR,DELIVERED,2024-12-02 16:07:01,2024-12-06 15:58:55
9000003268,1000005734,Correo Argentino,CA533706894AR,DELIVERED,2024-12-02 18:27:54,2024-12-06 09:34:19
9000003269,1000005735,Correo Argentino,CA173789252AR,DELIVERED,2024-12-02 16:23:59,2024-12-09 17:41:44
9000003270,1000005736,Correo Argentino,CA154418171AR,DELIVERED,2024-12-02 16:44:27,2024-12-03 12:34:27
9000003271,1000005737,Correo Argentino,CA101473148AR,DELIVERED,2024-12-02 18:34:09,2024-12-05 17:23:52
9000003272,1000005738,Correo Argentino,CA394078590AR,DELIVERED,2024-12-02 18:23:47,2024-12-06 11:45:47
9000003273,1000005739,Correo Argentino,CA171856840AR,DELIVERED,2024-12-02 16:37:03,2024-12-03 15:49:11
9000003274,1000005740,Correo Argentino,CA020641780AR,DELIVERED,2024-12-02 16:51:01,2024-12-05 18:00:58
9000003275,1000005741,Correo Argentino,CA655015691AR,DELIVERED,2024-12-02 18:14:39,2024-12-03 16:13:58
9000003276,1000005742,Correo Argentino,CA689997904AR,DELIVERED,2024-12-02 18:44:42,2024-12-06 15:51:39
9000003277,1000005743,Correo Argentino,CA448397288AR,DELIVERED,2024-12-02 17:56:07,2024-12-04 17:35:15
9000003278,1000005744,Correo Argentino,CA247063089AR,DELIVERED,2024-12-02 17:14:33,2024-12-04 18:44:18
9000003279,1000005745,Correo Argentino,CA871597329AR,DELIVERED,2024-12-02 16:25:02,2024-12-05 16:50:25
9000003280,1000005748,Correo Argentino,CA360939407AR,DELIVERED,2024-12-02 18:18:05,2024-12-04 18:48:30
9000003281,1000005749,Correo Argentino,CA133278038AR,DELIVERED,2024-12-02 17:53:41,2024-12-06 16:02:41
9000003282,1000005750,Correo Argentino,CA638765593AR,DELIVERED,2024-12-02 18:54:53,2024-12-05 17:01:19
9000003283,1000005751,Correo Argentino,CA355377757AR,DELIVERED,2024-12-02 18:49:55,2024-12-04 17:08:12
9000003284,1000005754,Correo Argentino,CA486275620AR,DELIVERED,2024-12-02 18:55:26,2024-12-06 14:43:05
9000003285,1000005757,Correo Argentino,CA982251240AR,DELIVERED,2024-12-02 16:16:54,2024-12-06 09:17:01
9000003286,1000005764,Correo Argentino,CA896414296AR,DELIVERED,2024-12-02 16:18:32,2024-12-05 16:48:01
9000003287,1000005768,Correo Argentino,CA643668489AR,DELIVERED,2024-12-02 17:30:20,2024-12-03 09:01:56
9000003288,1000005769,Correo Argentino,CA113765980AR,DELIVERED,2024-12-02 16:54:00,2024-12-04 14:48:20
9000003289,1000005770,Correo Argentino,,CANCELLED,,
9000003290,1000005771,Correo Argentino,CA239276721AR,DELIVERED,2024-12-02 17:14:18,2024-12-04 15:13:29
9000003291,1000005772,Correo Argentino,,CANCELLED,,
9000003292,1000005773,Correo Argentino,CA636449727AR,DELIVERED,2024-12-02 16:56:24,2024-12-05 17:57:00
9000003293,1000005774,Correo Argentino,CA615569685AR,DELIVERED,2024-12-02 17:48:25,2024-12-05 17:57:05
9000003294,1000005775,Correo Argentino,CA892992168AR,DELIVERED,2024-12-02 16:49:50,2024-12-05 12:02:20
9000003295,1000005776,Correo Argentino,CA880691174AR,DELIVERED,2024-12-02 18:14:54,2024-12-04 18:51:10
9000003296,1000005777,Correo Argentino,CA256522432AR,DELIVERED,2024-12-02 16:17:23,2024-12-05 19:08:07
9000003297,1000005778,Correo Argentino,CA486426840AR,DELIVERED,2024-12-02 17:33:55,2024-12-05 13:35:31
9000003298,1000005779,Correo Argentino,CA297869689AR,DELIVERED,2024-12-02 16:58:32,2024-12-04 15:27:45
9000003299,1000005780,Correo Argentino,CA401514696AR,DELIVERED,2024-12-02 16:51:26,2024-12-04 14:40:34
9000003300,1000005781,Correo Argentino,CA533015329AR,DELIVERED,2024-12-02 16:01:12,2024-12-06 19:00:28
9000003301,1000005782,Correo Argentino,CA603503385AR,DELIVERED,2024-12-02 17:47:09,2024-12-06 10:23:09
9000003302,1000005783,Correo Argentino,CA465158671AR,DELIVERED,2024-12-02 17:53:47,2024-12-04 09:34:54
9000003303,1000005784,Correo Argentino,CA141020033AR,DELIVERED,2024-12-02 18:43:18,2024-12-06 12:52:19
9000003304,1000005785,Correo Argentino,CA232329653AR,DELIVERED,2024-12-02 16:02:44,2024-12-06 10:27:02
9000003305,1000005787,Correo Argentino,CA225209985AR,DELIVERED,2024-12-02 18:12:45,2024-12-04 09:30:20
9000003306,1000005788,Correo Argentino,CA009692505AR,DELIVERED,2024-12-02 17:49:12,2024-12-05 14:33:42
9000003307,1000005790,Correo Argentino,CA034162791AR,DELIVERED,2024-12-02 18:13:34,2024-12-03 10:34:46
9000003308,1000005791,Correo Argentino,CA732542590AR,DELIVERED,2024-12-02 16:37:58,2024-12-06 11:00:42
9000003309,1000005792,Correo Argentino,CA861427446AR,DELIVERED,2024-12-02 18:59:29,2024-12-04 09:09:56
9000003310,1000005793,Correo Argentino,CA458684996AR,DELIVERED,2024-12-02 16:54:03,2024-12-05 11:46:40
9000003311,1000005794,Correo Argentino,CA549407655AR,DELIVERED,2024-12-02 16:25:54,2024-12-05 13:31:32
9000003312,1000005795,Correo Argentino,,CANCELLED,,
9000003313,1000005796,Correo Argentino,CA825436498AR,DELIVERED,2024-12-02 17:57:13,2024-12-04 13:57:30
9000003314,1000005797,Correo Argentino,CA239913740AR,DELIVERED,2024-12-02 17:40:33,2024-12-04 11:09:33
9000003315,1000005798,Correo Argentino,CA878183653AR,DELIVERED,2024-12-02 18:20:14,2024-12-04 11:23:42
9000003316,1000005799,Correo Argentino,CA122609723AR,DELIVERED,2024-12-02 16:41:12,2024-12-06 11:16:23
9000003317,1000005800,Correo Argentino,CA317960419AR,DELIVERED,2024-12-02 17:43:44,2024-12-05 11:48:32
9000003318,1000005802,Correo Argentino,CA564724933AR,DELIVERED,2024-12-02 17:21:05,2024-12-04 17:37:35
9000003319,1000005805,Correo Argentino,CA793595232AR,DELIVERED,2024-12-02 17:54:43,2024-12-06 18:00:30
9000003320,1000005806,Correo Argentino,CA928871214AR,DELIVERED,2024-12-02 17:52:32,2024-12-03 09:01:24
9000003321,1000005809,Correo Argentino,CA666119161AR,DELIVERED,2024-12-03 17:51:46,2024-12-09 13:57:43
9000003322,1000005810,Correo Argentino,CA358632731AR,DELIVERED,2024-12-03 18:03:21,2024-12-06 10:36:17
9000003323,1000005812,Correo Argentino,CA014790183AR,DELIVERED,2024-12-03 18:39:47,2024-12-10 09:33:22
9000003324,1000005814,Correo Argentino,CA965952349AR,DELIVERED,2024-12-03 18:11:22,2024-12-06 15:02:32
9000003325,1000005815,Correo Argentino,CA135827033AR,DELIVERED,2024-12-03 17:50:34,2024-12-05 18:44:12
9000003326,1000005816,Correo Argentino,CA293578636AR,DELIVERED,2024-12-03 18:02:00,2024-12-05 13:13:54
9000003327,1000005819,Correo Argentino,CA565392880AR,DELIVERED,2024-12-03 17:45:19,2024-12-05 12:48:23
9000003328,1000005820,Correo Argentino,CA816102024AR,DELIVERED,2024-12-03 17:32:36,2024-12-09 13:24:31
9000003329,1000005822,Correo Argentino,CA905527048AR,DELIVERED,2024-12-03 18:31:56,2024-12-05 12:31:50
9000003330,1000005823,Correo Argentino,CA807017132AR,DELIVERED,2024-12-03 18:15:45,2024-12-05 12:59:08
9000003331,1000005824,Correo Argentino,CA331605647AR,DELIVERED,2024-12-03 18:56:26,2024-12-04 09:19:04
9000003332,1000005825,Correo Argentino,CA768262858AR,DELIVERED,2024-12-03 17:07:31,2024-12-05 18:04:38
9000003333,1000005826,Correo Argentino,CA342828104AR,DELIVERED,2024-12-03 17:25:42,2024-12-09 19:53:52
9000003334,1000005827,Correo Argentino,CA279538582AR,DELIVERED,2024-12-03 18:22:29,2024-12-09 17:44:56
9000003335,1000005828,Correo Argentino,CA164685482AR,DELIVERED,2024-12-06 18:57:20,2024-12-11 19:46:43
9000003336,1000005829,Correo Argentino,CA935228730AR,DELIVERED,2024-12-03 18:34:58,2024-12-06 17:56:15
9000003337,1000005830,Correo Argentino,CA546732710AR,DELIVERED,2024-12-03 17:45:15,2024-12-09 18:39:10
9000003338,1000005831,Correo Argentino,CA135001887AR,DELIVERED,2024-12-03 16:23:08,2024-12-05 10:00:38
9000003339,1000005833,Correo Argentino,CA600046545AR,DELIVERED,2024-12-04 18:26:37,2024-12-05 14:12:54
9000003340,1000005834,Correo Argentino,CA590568623AR,DELIVERED,2024-12-04 18:44:33,2024-12-09 13:03:31
9000003341,1000005835,Correo Argentino,CA946931505AR,DELIVERED,2024-12-04 16:27:34,2024-12-10 09:58:36
9000003342,1000005836,Correo Argentino,CA796319761AR,DELIVERED,2024-12-04 17:28:41,2024-12-05 10:35:13
9000003343,1000005839,Correo Argentino,CA936493669AR,DELIVERED,2024-12-04 16:30:15,2024-12-06 15:04:31
9000003344,1000005840,Correo Argentino,CA828858780AR,DELIVERED,2024-12-04 16:39:38,2024-12-10 11:08:03
9000003345,1000005843,Correo Argentino,CA187021245AR,DELIVERED,2024-12-04 16:25:38,2024-12-06 13:25:39
9000003346,1000005844,Correo Argentino,CA059499491AR,DELIVERED,2024-12-04 18:38:00,2024-12-09 18:24:34
9000003347,1000005846,Correo Argentino,CA073691887AR,DELIVERED,2024-12-04 16:19:39,2024-12-06 14:01:28
9000003348,1000005847,Correo Argentino,CA237988402AR,DELIVERED,2024-12-04 17:42:31,2024-12-06 13:31:41
9000003349,1000005848,Correo Argentino,CA127563764AR,DELIVERED,2024-12-04 18:39:28,2024-12-11 13:03:59
9000003350,1000005850,Correo Argentino,CA406747571AR,DELIVERED,2024-12-04 17:25:44,2024-12-06 09:04:36
9000003351,1000005851,Correo Argentino,CA431956219AR,DELIVERED,2024-12-04 17:42:06,2024-12-06 12:08:34
9000003352,1000005852,Correo Argentino,CA791536341AR,DELIVERED,2024-12-04 18:48:15,2024-12-05 13:02:35
9000003353,1000005854,Correo Argentino,CA003038322AR,DELIVERED,2024-12-04 18:29:09,2024-12-10 18:25:22
9000003354,1000005855,Correo Argentino,CA483056986AR,DELIVERED,2024-12-05 17:23:12,2024-12-10 19:26:34
9000003355,1000005856,Correo Argentino,CA703382810AR,DELIVERED,2024-12-05 17:08:08,2024-12-10 17:28:55
9000003356,1000005857,Correo Argentino,CA589581287AR,DELIVERED,2024-12-06 17:42:35,2024-12-11 16:20:23
9000003357,1000005859,Correo Argentino,CA379140470AR,DELIVERED,2024-12-05 16:48:32,2024-12-09 12:08:51
9000003358,1000005860,Correo Argentino,CA488865328AR,DELIVERED,2024-12-05 18:47:27,2024-12-09 19:04:01
9000003359,1000005863,Correo Argentino,CA852340183AR,DELIVERED,2024-12-05 17:09:31,2024-12-10 16:37:54
9000003360,1000005866,Correo Argentino,CA671883807AR,DELIVERED,2024-12-05 16:50:10,2024-12-09 17:34:38
9000003361,1000005867,Correo Argentino,CA873482603AR,DELIVERED,2024-12-05 17:14:03,2024-12-09 19:58:48
9000003362,1000005868,Correo Argentino,CA522655084AR,DELIVERED,2024-12-05 17:06:28,2024-12-09 14:02:40
9000003363,1000005869,Correo Argentino,CA260624314AR,DELIVERED,2024-12-05 17:38:51,2024-12-10 09:42:26
9000003364,1000005870,Correo Argentino,,CANCELLED,,
9000003365,1000005871,Correo Argentino,CA858714843AR,DELIVERED,2024-12-05 18:22:13,2024-12-10 11:17:58
9000003366,1000005872,Correo Argentino,CA081357995AR,DELIVERED,2024-12-05 18:36:06,2024-12-10 19:29:23
9000003367,1000005873,Correo Argentino,CA760759127AR,DELIVERED,2024-12-05 17:22:27,2024-12-06 11:12:02
9000003368,1000005874,Correo Argentino,CA954350899AR,DELIVERED,2024-12-05 16:02:49,2024-12-09 17:11:58
9000003369,1000005878,Correo Argentino,CA164407398AR,DELIVERED,2024-12-06 17:51:51,2024-12-10 19:57:26
9000003370,1000005882,Correo Argentino,CA526710935AR,DELIVERED,2024-12-06 16:31:04,2024-12-10 11:39:45
9000003371,1000005885,Correo Argentino,CA003435274AR,DELIVERED,2024-12-06 16:26:48,2024-12-11 12:15:07
9000003372,1000005887,Correo Argentino,CA213559113AR,DELIVERED,2024-12-06 17:40:46,2024-12-10 10:00:04
9000003373,1000005888,Correo Argentino,CA945631148AR,DELIVERED,2024-12-06 18:57:10,2024-12-12 15:07:59
9000003374,1000005891,Correo Argentino,CA163142519AR,DELIVERED,2024-12-06 18:00:18,2024-12-11 12:31:11
9000003375,1000005894,Correo Argentino,CA569668896AR,DELIVERED,2024-12-09 16:50:20,2024-12-10 18:09:41
9000003376,1000005895,Correo Argentino,CA623151368AR,DELIVERED,2024-12-09 18:17:50,2024-12-11 15:12:56
9000003377,1000005900,Correo Argentino,CA441475193AR,DELIVERED,2024-12-09 18:55:36,2024-12-11 16:43:53
9000003378,1000005901,Correo Argentino,CA282360621AR,DELIVERED,2024-12-09 18:24:56,2024-12-16 13:44:04
9000003379,1000005903,Correo Argentino,CA987077929AR,DELIVERED,2024-12-09 18:14:23,2024-12-11 19:21:09
9000003380,1000005907,Correo Argentino,CA381671124AR,DELIVERED,2024-12-09 18:31:11,2024-12-16 12:24:04
9000003381,1000005908,Correo Argentino,CA112466246AR,DELIVERED,2024-12-09 18:16:11,2024-12-12 14:45:39
9000003382,1000005909,Correo Argentino,CA684209181AR,DELIVERED,2024-12-09 18:52:33,2024-12-10 10:50:53
9000003383,1000005911,Correo Argentino,CA331018489AR,DELIVERED,2024-12-09 18:46:02,2024-12-11 18:10:58
9000003384,1000005915,Correo Argentino,CA049235765AR,DELIVERED,2024-12-09 18:03:02,2024-12-10 10:40:18
9000003385,1000005917,Correo Argentino,CA048986157AR,DELIVERED,2024-12-09 18:16:06,2024-12-12 09:24:21
9000003386,1000005925,Correo Argentino,CA352125883AR,DELIVERED,2024-12-09 17:58:07,2024-12-10 13:00:09
9000003387,1000005926,Correo Argentino,CA159337818AR,DELIVERED,2024-12-09 18:37:02,2024-12-12 15:18:49
9000003388,1000005927,Correo Argentino,CA874038661AR,DELIVERED,2024-12-09 18:55:05,2024-12-11 16:34:05
9000003389,1000005928,Correo Argentino,CA934792699AR,DELIVERED,2024-12-09 18:18:24,2024-12-11 18:32:08
9000003390,1000005930,Correo Argentino,CA081075638AR,DELIVERED,2024-12-09 18:10:42,2024-12-11 18:57:10
9000003391,1000005931,Correo Argentino,CA209210530AR,DELIVERED,2024-12-09 17:07:46,2024-12-13 15:05:07
9000003392,1000005932,Correo Argentino,CA155871851AR,DELIVERED,2024-12-09 18:10:36,2024-12-11 18:40:46
9000003393,1000005933,Correo Argentino,CA801329209AR,DELIVERED,2024-12-09 17:50:51,2024-12-11 16:09:21
9000003394,1000005934,Correo Argentino,CA107108694AR,DELIVERED,2024-12-09 17:00:08,2024-12-11 10:48:59
9000003395,1000005935,Correo Argentino,CA109021681AR,DELIVERED,2024-12-09 16:04:32,2024-12-12 16:46:06
9000003396,1000005936,Correo Argentino,CA445315128AR,DELIVERED,2024-12-09 18:59:29,2024-12-10 15:09:31
9000003397,1000005939,Correo Argentino,CA417322136AR,DELIVERED,2024-12-09 16:01:51,2024-12-12 15:04:05
9000003398,1000005940,Correo Argentino,CA095312368AR,DELIVERED,2024-12-09 18:00:48,2024-12-11 14:31:34
9000003399,1000005941,Correo Argentino,CA514068075AR,DELIVERED,2024-12-09 17:54:50,2024-12-11 10:01:45
9000003400,1000005942,Correo Argentino,CA420613169AR,DELIVERED,2024-12-11 16:25:23,2024-12-17 18:39:36
9000003401,1000005943,Correo Argentino,CA811420494AR,DELIVERED,2024-12-09 17:56:42,2024-12-12 15:13:41
9000003402,1000005944,Correo Argentino,CA204428373AR,DELIVERED,2024-12-09 18:02:02,2024-12-13 10:52:34
9000003403,1000005945,Correo Argentino,CA246620270AR,DELIVERED,2024-12-09 18:33:51,2024-12-13 14:04:01
9000003404,1000005946,Correo Argentino,CA366548038AR,DELIVERED,2024-12-09 17:32:26,2024-12-13 09:37:57
9000003405,1000005947,Correo Argentino,CA384771745AR,DELIVERED,2024-12-09 16:00:04,2024-12-11 19:37:44
9000003406,1000005948,Correo Argentino,CA236751909AR,DELIVERED,2024-12-09 16:14:16,2024-12-16 10:31:51
9000003407,1000005949,Correo Argentino,CA294344682AR,DELIVERED,2024-12-09 16:18:02,2024-12-12 14:51:47
9000003408,1000005950,Correo Argentino,CA009014362AR,DELIVERED,2024-12-09 17:42:52,2024-12-13 13:32:32
9000003409,1000005952,Correo Argentino,CA428124726AR,DELIVERED,2024-12-09 16:08:33,2024-12-13 13:51:51
9000003410,1000005953,Correo Argentino,CA098982089AR,DELIVERED,2024-12-09 16:50:27,2024-12-13 16:47:22
9000003411,1000005955,Correo Argentino,CA478707580AR,DELIVERED,2024-12-10 17:34:12,2024-12-17 11:41:04
9000003412,1000005960,Correo Argentino,CA228923574AR,DELIVERED,2024-12-10 16:37:02,2024-12-17 19:29:05
9000003413,1000005962,Correo Argentino,CA408825819AR,DELIVERED,2024-12-10 16:19:28,2024-12-16 18:58:02
9000003414,1000005964,Correo Argentino,CA794098339AR,DELIVERED,2024-12-10 16:23:33,2024-12-17 12:31:12
9000003415,1000005966,Correo Argentino,CA732762288AR,DELIVERED,2024-12-10 18:56:12,2024-12-16 17:53:53
9000003416,1000005967,Correo Argentino,CA778498309AR,DELIVERED,2024-12-10 17:22:16,2024-12-17 17:07:09
9000003417,1000005968,Correo Argentino,CA828130507AR,DELIVERED,2024-12-10 18:47:30,2024-12-16 17:06:24
9000003418,1000005969,Correo Argentino,CA985460114AR,DELIVERED,2024-12-10 17:48:58,2024-12-16 09:26:58
9000003419,1000005970,Correo Argentino,CA909617530AR,DELIVERED,2024-12-10 16:33:14,2024-12-17 12:04:15
9000003420,1000005971,Correo Argentino,CA533591103AR,DELIVERED,2024-12-10 17:55:35,2024-12-12 19:02:45
9000003421,1000005972,Correo Argentino,CA245216516AR,DELIVERED,2024-12-10 16:53:49,2024-12-16 09:02:20
9000003422,1000005973,Correo Argentino,CA494883538AR,DELIVERED,2024-12-10 16:36:42,2024-12-16 15:41:27
9000003423,1000005974,Correo Argentino,CA198262740AR,DELIVERED,2024-12-10 17:19:26,2024-12-13 14:31:26
9000003424,1000005976,Correo Argentino,CA851427361AR,DELIVERED,2024-12-10 18:37:08,2024-12-17 14:17:58
9000003425,1000005980,Correo Argentino,CA901076293AR,DELIVERED,2024-12-10 17:09:45,2024-12-16 18:34:13
9000003426,1000005983,Correo Argentino,CA811397007AR,DELIVERED,2024-12-10 16:51:34,2024-12-18 10:34:25
9000003427,1000005984,Correo Argentino,CA177236158AR,DELIVERED,2024-12-10 16:02:38,2024-12-16 18:28:00
9000003428,1000005985,Correo Argentino,CA815689236AR,DELIVERED,2024-12-11 18:47:16,2024-12-16 12:06:43
9000003429,1000005987,Correo Argentino,CA016324117AR,DELIVERED,2024-12-11 16:15:52,2024-12-13 10:46:46
9000003430,1000005989,Correo Argentino,CA506876914AR,DELIVERED,2024-12-11 18:59:51,2024-12-16 10:09:02
9000003431,1000005990,Correo Argentino,CA362295841AR,DELIVERED,2024-12-11 17:29:31,2024-12-18 10:15:20
9000003432,1000005991,Correo Argentino,,CANCELLED,,
9000003433,1000005992,Correo Argentino,CA577873317AR,DELIVERED,2024-12-11 17:21:42,2024-12-17 10:56:14
9000003434,1000005993,Correo Argentino,CA528843924AR,DELIVERED,2024-12-11 16:43:49,2024-12-17 12:21:36
9000003435,1000005994,Correo Argentino,CA663009280AR,DELIVERED,2024-12-11 16:07:07,2024-12-16 19:24:35
9000003436,1000005995,Correo Argentino,CA062740779AR,DELIVERED,2024-12-11 18:35:13,2024-12-16 15:01:26
9000003437,1000005996,Correo Argentino,CA681154333AR,DELIVERED,2024-12-11 18:05:11,2024-12-19 11:50:29
9000003438,1000005997,Correo Argentino,CA584033880AR,DELIVERED,2024-12-11 16:45:44,2024-12-20 09:57:35
9000003439,1000006000,Correo Argentino,CA421799128AR,DELIVERED,2024-12-11 16:26:15,2024-12-18 09:04:53
9000003440,1000006001,Correo Argentino,CA295186417AR,DELIVERED,2024-12-11 17:01:13,2024-12-18 19:49:33
9000003441,1000006002,Correo Argentino,CA565216797AR,DELIVERED,2024-12-11 18:21:47,2024-12-16 11:18:20
9000003442,1000006003,Correo Argentino,CA884843423AR,DELIVERED,2024-12-11 18:54:51,2024-12-16 15:19:38
9000003443,1000006005,Correo Argentino,CA145302332AR,DELIVERED,2024-12-11 18:07:10,2024-12-17 17:58:19
9000003444,1000006006,Correo Argentino,CA092580527AR,DELIVERED,2024-12-11 18:08:03,2024-12-13 17:38:44
9000003445,1000006011,Correo Argentino,CA498792354AR,DELIVERED,2024-12-11 18:23:28,2024-12-19 19:09:07
9000003446,1000006012,Correo Argentino,CA593802316AR,DELIVERED,2024-12-11 17:34:27,2024-12-19 12:46:58
9000003447,1000006013,Correo Argentino,CA347323674AR,DELIVERED,2024-12-11 17:23:00,2024-12-17 11:57:49
9000003448,1000006014,Correo Argentino,CA626737802AR,DELIVERED,2024-12-11 18:31:49,2024-12-16 19:15:31
9000003449,1000006015,Correo Argentino,CA601354225AR,DELIVERED,2024-12-11 18:05:36,2024-12-17 16:46:50
9000003450,1000006016,Correo Argentino,CA317172319AR,DELIVERED,2024-12-11 16:36:37,2024-12-13 17:31:01
9000003451,1000006017,Correo Argentino,CA181218002AR,DELIVERED,2024-12-11 17:03:00,2024-12-18 19:56:24
9000003452,1000006018,Correo Argentino,CA943044851AR,DELIVERED,2024-12-11 18:00:55,2024-12-19 14:41:08
9000003453,1000006019,Correo Argentino,CA128666908AR,DELIVERED,2024-12-11 16:59:02,2024-12-17 15:21:08
9000003454,1000006020,Correo Argentino,CA275205400AR,DELIVERED,2024-12-11 16:18:17,2024-12-18 17:04:13
9000003455,1000006021,Correo Argentino,CA130899427AR,DELIVERED,2024-12-11 17:02:52,2024-12-18 15:15:36
9000003456,1000006022,Correo Argentino,CA114347987AR,DELIVERED,2024-12-11 17:49:18,2024-12-17 11:41:17
9000003457,1000006023,Correo Argentino,CA793984901AR,DELIVERED,2024-12-11 17:48:20,2024-12-13 11:52:06
9000003458,1000006027,Correo Argentino,CA140441346AR,DELIVERED,2024-12-12 16:09:18,2024-12-17 11:54:48
9000003459,1000006028,Correo Argentino,CA549273840AR,DELIVERED,2024-12-12 16:27:26,2024-12-19 15:18:10
9000003460,1000006030,Correo Argentino,CA096393048AR,DELIVERED,2024-12-12 18:50:15,2024-12-23 13:03:42
9000003461,1000006031,Correo Argentino,CA286371530AR,DELIVERED,2024-12-12 18:53:11,2024-12-18 09:01:09
9000003462,1000006032,Correo Argentino,CA525430907AR,DELIVERED,2024-12-16 16:34:00,2024-12-19 09:27:01
9000003463,1000006033,Correo Argentino,CA692747694AR,DELIVERED,2024-12-12 18:08:47,2024-12-18 10:32:46
9000003464,1000006037,Correo Argentino,CA082061097AR,DELIVERED,2024-12-12 17:58:19,2024-12-20 18:37:36
9000003465,1000006045,Correo Argentino,CA156087016AR,DELIVERED,2024-12-12 18:43:24,2024-12-19 09:37:36
9000003466,1000006046,Correo Argentino,CA296667186AR,DELIVERED,2024-12-12 17:02:31,2024-12-19 13:51:46
9000003467,1000006047,Correo Argentino,CA556954350AR,DELIVERED,2024-12-12 16:07:19,2024-12-19 17:18:58
9000003468,1000006048,Correo Argentino,CA674361924AR,DELIVERED,2024-12-12 16:39:41,2024-12-18 16:52:36
9000003469,1000006050,Correo Argentino,CA315469698AR,DELIVERED,2024-12-12 16:40:54,2024-12-19 09:05:58
9000003470,1000006051,Correo Argentino,CA028965204AR,DELIVERED,2024-12-12 16:06:10,2024-12-18 10:58:44
9000003471,1000006055,Correo Argentino,CA695451704AR,DELIVERED,2024-12-12 16:32:45,2024-12-18 17:41:54
9000003472,1000006057,Correo Argentino,CA700284941AR,DELIVERED,2024-12-13 16:14:35,2024-12-20 17:27:51
9000003473,1000006059,Correo Argentino,CA474091590AR,DELIVERED,2024-12-13 16:27:27,2024-12-19 12:38:28
9000003474,1000006060,Correo Argentino,CA558767162AR,DELIVERED,2024-12-13 18:40:18,2024-12-19 09:54:48
9000003475,1000006061,Correo Argentino,CA458596118AR,DELIVERED,2024-12-13 18:52:13,2024-12-23 14:19:54
9000003476,1000006062,Correo Argentino,CA183568187AR,DELIVERED,2024-12-13 18:12:31,2024-12-18 13:38:44
9000003477,1000006064,Correo Argentino,CA142327413AR,DELIVERED,2024-12-13 17:39:10,2024-12-19 18:40:24
9000003478,1000006065,Correo Argentino,CA454189117AR,DELIVERED,2024-12-13 17:09:57,2024-12-17 14:46:47
9000003479,1000006067,Correo Argentino,CA120304438AR,DELIVERED,2024-12-13 16:15:13,2024-12-19 18:21:52
9000003480,1000006068,Correo Argentino,CA873047696AR,DELIVERED,2024-12-13 18:19:39,2024-12-18 16:58:44
9000003481,1000006070,Correo Argentino,CA352195618AR,DELIVERED,2024-12-13 16:47:24,2024-12-20 17:06:07
9000003482,1000006072,Correo Argentino,CA943994265AR,DELIVERED,2024-12-13 17:30:19,2024-12-19 18:50:16
9000003483,1000006074,Correo Argentino,CA836833363AR,DELIVERED,2024-12-13 17:30:47,2024-12-20 12:30:59
9000003484,1000006076,Correo Argentino,CA926387579AR,DELIVERED,2024-12-13 18:47:27,2024-12-20 15:21:20
9000003485,1000006078,Correo Argentino,CA378541225AR,DELIVERED,2024-12-13 18:33:06,2024-12-17 15:00:20
9000003486,1000006081,Correo Argentino,CA958098540AR,DELIVERED,2024-12-13 17:51:37,2024-12-19 13:43:17
9000003487,1000006082,Correo Argentino,CA436490899AR,DELIVERED,2024-12-13 17:36:36,2024-12-19 12:52:29
9000003488,1000006083,Correo Argentino,CA880658675AR,DELIVERED,2024-12-13 17:34:24,2024-12-19 17:17:24
9000003489,1000006084,Correo Argentino,CA655523638AR,DELIVERED,2024-12-13 17:21:41,2024-12-17 18:24:50
9000003490,1000006085,Correo Argentino,CA687110423AR,DELIVERED,2024-12-13 17:10:29,2024-12-17 13:13:22
9000003491,1000006086,Correo Argentino,CA027736413AR,DELIVERED,2024-12-13 18:16:25,2024-12-19 12:25:43
9000003492,1000006087,Correo Argentino,CA976246696AR,DELIVERED,2024-12-13 18:23:31,2024-12-18 12:59:20
9000003493,1000006088,Correo Argentino,CA248804385AR,DELIVERED,2024-12-13 18:31:26,2024-12-19 19:26:14
9000003494,1000006090,Correo Argentino,CA629686642AR,DELIVERED,2024-12-13 16:13:50,2024-12-18 16:17:58
9000003495,1000006091,Correo Argentino,CA751594094AR,DELIVERED,2024-12-13 17:15:54,2024-12-17 11:49:36
9000003496,1000006092,Correo Argentino,CA053365243AR,DELIVERED,2024-12-13 16:38:11,2024-12-17 09:13:53
9000003497,1000006093,Correo Argentino,CA993554800AR,DELIVERED,2024-12-13 18:12:35,2024-12-18 10:01:27
9000003498,1000006094,Correo Argentino,CA330198247AR,DELIVERED,2024-12-13 17:56:37,2024-12-18 13:55:06
9000003499,1000006096,Correo Argentino,CA330672241AR,DELIVERED,2024-12-13 16:21:03,2024-12-18 13:18:20
9000003500,1000006100,Correo Argentino,CA726282542AR,DELIVERED,2024-12-13 18:09:42,2024-12-20 12:17:30
9000003501,1000006105,Correo Argentino,CA691000772AR,DELIVERED,2024-12-16 17:13:07,2024-12-23 10:42:48
9000003502,1000006122,Correo Argentino,CA311174886AR,DELIVERED,2024-12-16 16:54:57,2024-12-19 09:40:01
9000003503,1000006126,Correo Argentino,CA840291267AR,DELIVERED,2024-12-16 16:45:54,2024-12-26 17:03:57
9000003504,1000006128,Correo Argentino,CA992715282AR,DELIVERED,2024-12-16 16:31:04,2024-12-26 10:22:53
9000003505,1000006129,Correo Argentino,CA288827367AR,DELIVERED,2024-12-16 18:05:39,2024-12-26 13:38:54
9000003506,1000006130,Correo Argentino,CA447235512AR,DELIVERED,2024-12-16 16:42:28,2024-12-20 11:32:42
9000003507,1000006131,Correo Argentino,CA926161833AR,DELIVERED,2024-12-16 16:48:14,2024-12-23 13:50:45
9000003508,1000006132,Correo Argentino,CA859713809AR,DELIVERED,2024-12-16 17:21:07,2024-12-26 16:47:22
9000003509,1000006133,Correo Argentino,CA945140052AR,DELIVERED,2024-12-16 17:13:31,2024-12-23 12:49:05
9000003510,1000006134,Correo Argentino,CA583730966AR,DELIVERED,2024-12-16 18:24:31,2024-12-18 09:38:41
9000003511,1000006135,Correo Argentino,CA232351090AR,DELIVERED,2024-12-16 16:02:09,2024-12-24 14:49:44
9000003512,1000006136,Correo Argentino,CA121262971AR,DELIVERED,2024-12-16 18:41:03,2024-12-19 18:54:06
9000003513,1000006137,Correo Argentino,CA907577709AR,DELIVERED,2024-12-16 16:11:32,2024-12-23 12:50:14
9000003514,1000006138,Correo Argentino,CA405661537AR,DELIVERED,2024-12-16 17:57:37,2024-12-23 11:35:50
9000003515,1000006142,Correo Argentino,CA095421682AR,DELIVERED,2024-12-16 16:54:48,2024-12-19 13:13:34
9000003516,1000006143,Correo Argentino,CA873198976AR,DELIVERED,2024-12-16 18:35:08,2024-12-23 12:11:31
9000003517,1000006144,Correo Argentino,CA563923742AR,DELIVERED,2024-12-16 18:32:01,2024-12-23 19:37:25
9000003518,1000006147,Correo Argentino,CA049862848AR,DELIVERED,2024-12-16 17:31:34,2024-12-24 13:29:18
9000003519,1000006150,Correo Argentino,CA063311243AR,DELIVERED,2024-12-16 16:19:22,2024-12-23 15:24:43
9000003520,1000006151,Correo Argentino,CA713188094AR,DELIVERED,2024-12-16 17:43:27,2024-12-19 14:07:11
9000003521,1000006155,Correo Argentino,CA884818415AR,DELIVERED,2024-12-16 16:22:46,2024-12-20 13:58:32
9000003522,1000006159,Correo Argentino,CA843434983AR,DELIVERED,2024-12-16 16:00:30,2024-12-20 09:12:43
9000003523,1000006160,Correo Argentino,CA208190622AR,DELIVERED,2024-12-16 16:25:55,2024-12-23 11:46:32
9000003524,1000006163,Correo Argentino,CA272639167AR,DELIVERED,2024-12-16 17:37:21,2024-12-19 19:44:54
9000003525,1000006164,Correo Argentino,CA025768598AR,DELIVERED,2024-12-16 18:50:19,2024-12-23 16:06:08
9000003526,1000006168,Correo Argentino,CA519257856AR,DELIVERED,2024-12-16 18:18:12,2024-12-19 16:48:27
9000003527,1000006169,Correo Argentino,CA281528410AR,DELIVERED,2024-12-16 16:41:09,2024-12-20 18:22:33
9000003528,1000006170,Correo Argentino,CA268004703AR,DELIVERED,2024-12-16 18:59:21,2024-12-20 15:56:55
9000003529,1000006171,Correo Argentino,CA683768479AR,DELIVERED,2024-12-16 18:17:31,2024-12-20 10:03:14
9000003530,1000006172,Correo Argentino,CA775302912AR,DELIVERED,2024-12-16 17:15:43,2024-12-19 10:59:25
9000003531,1000006173,Correo Argentino,CA332369768AR,DELIVERED,2024-12-16 18:15:37,2024-12-23 18:30:04
9000003532,1000006174,Correo Argentino,CA238651591AR,DELIVERED,2024-12-16 16:55:24,2024-12-19 09:06:22
9000003533,1000006175,Correo Argentino,CA261646271AR,DELIVERED,2024-12-16 16:00:54,2024-12-26 18:54:34
9000003534,1000006176,Correo Argentino,CA739160503AR,DELIVERED,2024-12-16 17:38:15,2024-12-19 09:03:32
9000003535,1000006178,Correo Argentino,CA326516334AR,DELIVERED,2024-12-17 18:43:31,2024-12-26 18:33:16
9000003536,1000006179,Correo Argentino,CA701154420AR,DELIVERED,2024-12-16 18:21:05,2024-12-23 16:51:04
9000003537,1000006180,Correo Argentino,CA294289154AR,DELIVERED,2024-12-16 18:17:10,2024-12-24 09:14:09
9000003538,1000006181,Correo Argentino,CA397273008AR,DELIVERED,2024-12-16 17:21:57,2024-12-20 13:58:12
9000003539,1000006182,Correo Argentino,CA785984517AR,DELIVERED,2024-12-16 16:19:48,2024-12-19 16:25:36
9000003540,1000006183,Correo Argentino,CA485762998AR,DELIVERED,2024-12-16 18:29:57,2024-12-20 13:39:23
9000003541,1000006184,Correo Argentino,CA034823000AR,DELIVERED,2024-12-16 18:16:52,2024-12-20 13:38:35
9000003542,1000006185,Correo Argentino,CA471187629AR,DELIVERED,2024-12-16 17:45:07,2024-12-23 18:03:21
9000003543,1000006186,Correo Argentino,CA463768717AR,DELIVERED,2024-12-16 16:51:56,2024-12-18 13:16:48
9000003544,1000006187,Correo Argentino,CA479381792AR,DELIVERED,2024-12-16 18:33:50,2024-12-20 17:20:20
9000003545,1000006188,Correo Argentino,CA182769440AR,DELIVERED,2024-12-16 17:21:34,2024-12-20 14:12:40
9000003546,1000006190,Correo Argentino,CA479203949AR,DELIVERED,2024-12-16 17:51:24,2024-12-20 09:22:21
9000003547,1000006191,Correo Argentino,CA211717669AR,DELIVERED,2024-12-16 17:18:55,2024-12-19 09:06:01
9000003548,1000006192,Correo Argentino,CA106796039AR,DELIVERED,2024-12-16 18:59:57,2024-12-19 19:28:17
9000003549,1000006193,Correo Argentino,CA662110589AR,DELIVERED,2024-12-16 16:17:31,2024-12-20 09:09:44
9000003550,1000006195,Correo Argentino,CA374319172AR,DELIVERED,2024-12-17 18:35:16,2024-12-23 19:15:31
9000003551,1000006196,Correo Argentino,CA349957296AR,DELIVERED,2024-12-16 16:30:30,2024-12-24 16:18:23
9000003552,1000006197,Correo Argentino,CA110281762AR,DELIVERED,2024-12-16 17:23:23,2024-12-20 09:29:36
9000003553,1000006198,Correo Argentino,CA044110914AR,DELIVERED,2024-12-16 16:05:10,2024-12-24 11:44:51
9000003554,1000006199,Correo Argentino,CA227942460AR,DELIVERED,2024-12-16 17:26:18,2024-12-23 16:18:32
9000003555,1000006202,Correo Argentino,CA560852061AR,DELIVERED,2024-12-16 16:49:38,2024-12-18 18:22:47
9000003556,1000006205,Correo Argentino,CA023936036AR,DELIVERED,2024-12-17 16:06:34,2024-12-23 13:11:27
9000003557,1000006206,Correo Argentino,CA909813937AR,DELIVERED,2024-12-17 16:19:02,2024-12-20 13:59:54
9000003558,1000006210,Correo Argentino,CA738188946AR,DELIVERED,2024-12-17 18:58:18,2024-12-23 17:06:59
9000003559,1000006211,Correo Argentino,CA805336393AR,DELIVERED,2024-12-17 16:40:33,2024-12-23 11:26:26
9000003560,1000006212,Correo Argentino,CA788999244AR,DELIVERED,2024-12-17 17:59:44,2024-12-23 14:29:13
9000003561,1000006214,Correo Argentino,CA987731191AR,DELIVERED,2024-12-17 17:58:57,2024-12-24 10:13:02
9000003562,1000006215,Correo Argentino,CA316262810AR,DELIVERED,2024-12-17 18:39:59,2024-12-23 19:17:28
9000003563,1000006216,Correo Argentino,CA049458242AR,DELIVERED,2024-12-17 17:23:00,2024-12-26 11:13:55
9000003564,1000006217,Correo Argentino,CA243788754AR,DELIVERED,2024-12-17 16:01:45,2024-12-24 09:57:11
9000003565,1000006223,Correo Argentino,CA727495974AR,DELIVERED,2024-12-17 17:54:47,2024-12-23 10:46:17
9000003566,1000006225,Correo Argentino,CA249835593AR,DELIVERED,2024-12-17 17:13:41,2024-12-26 16:43:55
9000003567,1000006229,Correo Argentino,CA069401287AR,DELIVERED,2024-12-17 17:35:18,2024-12-23 17:43:39
9000003568,1000006231,Correo Argentino,CA078053996AR,DELIVERED,2024-12-17 18:19:56,2024-12-24 17:27:57
9000003569,1000006232,Correo Argentino,CA596164082AR,DELIVERED,2024-12-17 16:56:40,2024-12-20 10:44:05
9000003570,1000006233,Correo Argentino,CA192024367AR,DELIVERED,2024-12-18 16:20:21,2024-12-24 12:24:10
9000003571,1000006234,Correo Argentino,CA191310948AR,DELIVERED,2024-12-17 16:10:50,2024-12-23 17:17:16
9000003572,1000006235,Correo Argentino,CA649638034AR,DELIVERED,2024-12-17 16:28:42,2024-12-19 16:59:28
9000003573,1000006236,Correo Argentino,CA091932347AR,DELIVERED,2024-12-17 16:52:13,2024-12-23 16:21:12
9000003574,1000006237,Correo Argentino,CA096397267AR,DELIVERED,2024-12-17 18:46:19,2024-12-23 15:43:40
9000003575,1000006238,Correo Argentino,CA034769029AR,DELIVERED,2024-12-17 18:22:23,2024-12-23 10:34:52
9000003576,1000006239,Correo Argentino,CA401400581AR,DELIVERED,2024-12-17 16:04:48,2024-12-23 18:11:34
9000003577,1000006244,Correo Argentino,CA762523751AR,DELIVERED,2024-12-17 17:09:42,2024-12-20 11:08:26
9000003578,1000006245,Correo Argentino,CA707783258AR,DELIVERED,2024-12-17 16:23:40,2024-12-20 11:53:57
9000003579,1000006247,Correo Argentino,CA798726228AR,DELIVERED,2024-12-17 16:42:15,2024-12-24 10:06:51
9000003580,1000006248,Correo Argentino,CA828042958AR,DELIVERED,2024-12-17 17:12:21,2024-12-20 19:51:49
9000003581,1000006250,Correo Argentino,CA206126257AR,DELIVERED,2024-12-18 18:20:29,2024-12-24 17:36:48
9000003582,1000006252,Correo Argentino,CA782643393AR,DELIVERED,2024-12-18 18:10:34,2024-12-24 17:02:26
9000003583,1000006254,Correo Argentino,CA547939367AR,DELIVERED,2024-12-18 16:17:24,2024-12-24 10:16:41
9000003584,1000006260,Correo Argentino,CA386853587AR,DELIVERED,2024-12-18 17:41:23,2024-12-20 14:57:28
9000003585,1000006264,Correo Argentino,CA266326461AR,DELIVERED,2024-12-18 17:44:51,2024-12-26 16:45:34
9000003586,1000006265,Correo Argentino,CA743581604AR,DELIVERED,2024-12-18 18:22:33,2024-12-26 15:51:24
9000003587,1000006266,Correo Argentino,CA073012808AR,DELIVERED,2024-12-18 16:57:04,2024-12-23 14:27:19
9000003588,1000006267,Correo Argentino,CA562902931AR,DELIVERED,2024-12-18 18:36:27,2024-12-27 12:35:57
9000003589,1000006270,Correo Argentino,CA382111227AR,DELIVERED,2024-12-18 16:25:55,2024-12-20 09:27:32
9000003590,1000006271,Correo Argentino,CA615435549AR,DELIVERED,2024-12-18 16:09:39,2024-12-24 11:30:05
9000003591,1000006272,Correo Argentino,CA462651087AR,DELIVERED,2024-12-18 17:06:01,2024-12-27 13:11:45
9000003592,1000006273,Correo Argentino,CA014369340AR,DELIVERED,2024-12-18 17:22:26,2024-12-27 14:48:02
9000003593,1000006274,Correo Argentino,CA254745579AR,DELIVERED,2024-12-18 17:11:34,2024-12-27 19:19:45
9000003594,1000006275,Correo Argentino,CA279655763AR,DELIVERED,2024-12-18 17:52:53,2024-12-24 14:42:55
9000003595,1000006276,Correo Argentino,CA343435653AR,DELIVERED,2024-12-18 18:01:56,2024-12-27 17:26:51
9000003596,1000006277,Correo Argentino,CA444972048AR,DELIVERED,2024-12-18 18:37:53,2024-12-26 12:11:28
9000003597,1000006278,Correo Argentino,CA080887256AR,DELIVERED,2024-12-18 18:46:52,2024-12-24 19:52:18
9000003598,1000006280,Correo Argentino,CA697767014AR,DELIVERED,2024-12-18 16:55:30,2024-12-23 13:16:40
9000003599,1000006281,Correo Argentino,CA120611494AR,DELIVERED,2024-12-18 17:52:27,2024-12-23 14:58:31
9000003600,1000006282,Correo Argentino,CA759889805AR,DELIVERED,2024-12-18 16:07:55,2024-12-24 16:41:58
9000003601,1000006284,Correo Argentino,CA271427851AR,DELIVERED,2024-12-18 16:27:40,2024-12-23 12:11:34
9000003602,1000006286,Correo Argentino,CA484407043AR,DELIVERED,2024-12-18 16:28:28,2024-12-20 11:39:48
9000003603,1000006287,Correo Argentino,CA885076278AR,DELIVERED,2024-12-18 18:22:55,2024-12-27 14:59:29
9000003604,1000006289,Correo Argentino,CA259349947AR,DELIVERED,2024-12-18 17:56:31,2024-12-23 11:53:29
9000003605,1000006293,Correo Argentino,CA778230939AR,DELIVERED,2024-12-19 16:46:59,2024-12-24 19:13:48
9000003606,1000006294,Correo Argentino,CA728326594AR,DELIVERED,2024-12-19 18:09:46,2024-12-24 09:42:46
9000003607,1000006295,Correo Argentino,CA280330004AR,DELIVERED,2024-12-19 18:29:20,2024-12-24 16:08:12
9000003608,1000006297,Correo Argentino,CA450605525AR,DELIVERED,2024-12-19 16:10:01,2024-12-30 14:29:05
9000003609,1000006298,Correo Argentino,CA740756557AR,DELIVERED,2024-12-19 17:12:06,2024-12-26 14:27:36
9000003610,1000006299,Correo Argentino,CA244540523AR,DELIVERED,2024-12-19 18:58:27,2024-12-23 12:15:03
9000003611,1000006305,Correo Argentino,CA606598838AR,DELIVERED,2024-12-19 18:02:58,2024-12-26 15:42:57
9000003612,1000006309,Correo Argentino,CA045949324AR,DELIVERED,2024-12-19 16:18:17,2024-12-27 15:28:02
9000003613,1000006310,Correo Argentino,CA092590766AR,DELIVERED,2024-12-19 16:05:46,2024-12-23 18:53:48
9000003614,1000006312,Correo Argentino,CA959724788AR,DELIVERED,2024-12-19 17:17:24,2024-12-27 19:37:51
9000003615,1000006314,Correo Argentino,CA584568737AR,DELIVERED,2024-12-19 18:21:31,2024-12-26 11:43:19
9000003616,1000006315,Correo Argentino,CA716529081AR,DELIVERED,2024-12-19 17:45:07,2024-12-26 18:59:59
9000003617,1000006316,Correo Argentino,CA787005571AR,DELIVERED,2024-12-19 18:43:34,2024-12-27 10:02:50
9000003618,1000006317,Correo Argentino,CA594698245AR,DELIVERED,2024-12-19 18:42:32,2024-12-27 15:39:38
9000003619,1000006318,Correo Argentino,CA673293557AR,DELIVERED,2024-12-19 16:03:13,2024-12-26 16:59:16
9000003620,1000006319,Correo Argentino,CA716490349AR,DELIVERED,2024-12-19 18:44:47,2024-12-27 14:07:33
9000003621,1000006320,Correo Argentino,CA592930803AR,DELIVERED,2024-12-19 16:10:48,2024-12-30 10:09:21
9000003622,1000006321,Correo Argentino,CA890929538AR,DELIVERED,2024-12-19 17:28:35,2024-12-23 18:36:45
9000003623,1000006322,Correo Argentino,CA163475182AR,DELIVERED,2024-12-19 18:52:04,2024-12-24 13:28:37
9000003624,1000006323,Correo Argentino,CA119769358AR,DELIVERED,2024-12-19 18:13:44,2024-12-26 16:53:32
9000003625,1000006324,Correo Argentino,CA676403275AR,DELIVERED,2024-12-19 17:40:27,2024-12-26 09:34:17
9000003626,1000006328,Correo Argentino,CA129104655AR,DELIVERED,2024-12-20 16:18:19,2024-12-31 17:59:17
9000003627,1000006334,Correo Argentino,CA672321963AR,DELIVERED,2024-12-20 18:48:20,2025-01-02 18:02:59
9000003628,1000006335,Correo Argentino,CA927094366AR,DELIVERED,2024-12-20 17:34:07,2024-12-26 18:25:17
9000003629,1000006342,Correo Argentino,CA329152343AR,DELIVERED,2024-12-20 18:26:54,2024-12-30 15:13:17
9000003630,1000006343,Correo Argentino,CA231547842AR,DELIVERED,2024-12-20 16:15:23,2024-12-26 09:45:59
9000003631,1000006344,Correo Argentino,CA448601664AR,DELIVERED,2024-12-20 17:06:05,2024-12-24 13:03:08
9000003632,1000006346,Correo Argentino,CA231078655AR,DELIVERED,2024-12-20 16:37:03,2024-12-27 09:20:12
9000003633,1000006347,Correo Argentino,CA930612895AR,DELIVERED,2024-12-20 18:50:52,2024-12-26 18:37:36
9000003634,1000006348,Correo Argentino,CA593136745AR,DELIVERED,2024-12-20 17:10:23,2025-01-02 18:26:33
9000003635,1000006349,Correo Argentino,CA205397649AR,DELIVERED,2024-12-20 18:56:12,2024-12-31 14:42:04
9000003636,1000006350,Correo Argentino,CA725961926AR,DELIVERED,2024-12-20 16:25:35,2024-12-24 12:02:36
9000003637,1000006351,Correo Argentino,CA005560783AR,DELIVERED,2024-12-20 18:37:27,2024-12-27 10:34:47
9000003638,1000006352,Correo Argentino,CA212849973AR,DELIVERED,2024-12-20 16:54:56,2025-01-02 16:24:12
9000003639,1000006353,Correo Argentino,CA224038579AR,DELIVERED,2024-12-20 17:36:56,2024-12-27 15:08:23
9000003640,1000006354,Correo Argentino,CA544472039AR,DELIVERED,2024-12-20 17:41:40,2024-12-26 13:45:06
9000003641,1000006357,Correo Argentino,CA639324582AR,DELIVERED,2024-12-20 17:53:08,2024-12-30 09:14:21
9000003642,1000006358,Correo Argentino,CA612826433AR,DELIVERED,2024-12-23 18:47:09,2024-12-27 10:17:22
9000003643,1000006362,Correo Argentino,CA159677697AR,DELIVERED,2024-12-23 16:47:20,2024-12-31 16:37:37
9000003644,1000006364,Correo Argentino,CA829032093AR,DELIVERED,2024-12-23 16:15:33,2024-12-27 09:42:05
9000003645,1000006367,Correo Argentino,CA270371177AR,DELIVERED,2024-12-23 16:11:02,2024-12-27 16:11:03
9000003646,1000006368,Correo Argentino,CA700119475AR,DELIVERED,2024-12-23 18:03:39,2024-12-31 16:12:58
9000003647,1000006369,Correo Argentino,CA525359467AR,DELIVERED,2024-12-23 17:34:22,2024-12-30 10:33:29
9000003648,1000006372,Correo Argentino,CA888454525AR,DELIVERED,2024-12-23 16:41:35,2024-12-30 13:41:19
9000003649,1000006376,Correo Argentino,CA208901647AR,DELIVERED,2024-12-23 18:32:04,2024-12-31 09:51:57
9000003650,1000006378,Correo Argentino,CA809283417AR,DELIVERED,2024-12-23 17:20:37,2024-12-27 15:39:22
9000003651,1000006380,Correo Argentino,CA741761184AR,DELIVERED,2024-12-23 17:56:46,2024-12-27 11:30:28
9000003652,1000006387,Correo Argentino,CA423036517AR,DELIVERED,2024-12-23 18:26:08,2024-12-26 14:44:51
9000003653,1000006388,Correo Argentino,CA737935544AR,DELIVERED,2024-12-23 16:51:38,2024-12-30 15:57:40
9000003654,1000006389,Correo Argentino,CA462457121AR,DELIVERED,2024-12-23 16:01:26,2024-12-31 18:39:29
9000003655,1000006391,Correo Argentino,CA944706806AR,DELIVERED,2024-12-23 18:09:14,2024-12-27 09:16:53
9000003656,1000006392,Correo Argentino,CA808836561AR,DELIVERED,2024-12-23 17:38:50,2024-12-31 16:20:14
9000003657,1000006393,Correo Argentino,CA391632031AR,DELIVERED,2024-12-23 17:05:52,2024-12-31 15:41:59
9000003658,1000006394,Correo Argentino,CA367850899AR,DELIVERED,2024-12-23 18:44:34,2024-12-30 14:02:23
9000003659,1000006395,Correo Argentino,CA557633849AR,DELIVERED,2024-12-23 18:07:54,2024-12-27 16:58:58
9000003660,1000006396,Correo Argentino,CA273633656AR,DELIVERED,2024-12-23 18:40:13,2024-12-27 13:55:38
9000003661,1000006398,Correo Argentino,CA933448509AR,DELIVERED,2024-12-23 18:28:18,2024-12-27 17:24:59
9000003662,1000006401,Correo Argentino,CA926609235AR,DELIVERED,2024-12-23 16:59:20,2024-12-27 14:48:56
9000003663,1000006403,Correo Argentino,CA062504867AR,DELIVERED,2024-12-23 18:02:04,2024-12-31 16:13:24
9000003664,1000006404,Correo Argentino,CA185927394AR,DELIVERED,2024-12-23 17:55:07,2024-12-31 12:53:10
9000003665,1000006406,Correo Argentino,CA628665896AR,DELIVERED,2024-12-23 18:33:23,2025-01-02 14:10:19
9000003666,1000006407,Correo Argentino,CA245383141AR,DELIVERED,2024-12-23 16:48:34,2024-12-31 09:54:35
9000003667,1000006417,Correo Argentino,CA269290117AR,DELIVERED,2024-12-23 16:51:02,2024-12-27 18:30:19
9000003668,1000006423,Correo Argentino,CA462935842AR,DELIVERED,2024-12-23 18:45:07,2024-12-27 10:44:57
9000003669,1000006424,Correo Argentino,CA168553947AR,DELIVERED,2024-12-24 16:58:52,2024-12-30 11:23:28
9000003670,1000006425,Correo Argentino,CA747693637AR,DELIVERED,2024-12-23 18:12:00,2024-12-26 10:09:54
9000003671,1000006426,Correo Argentino,CA075946142AR,DELIVERED,2024-12-23 17:22:12,2024-12-27 16:34:56
9000003672,1000006427,Correo Argentino,CA661178919AR,DELIVERED,2024-12-23 16:42:49,2024-12-30 13:02:31
9000003673,1000006428,Correo Argentino,CA092792285AR,DELIVERED,2024-12-23 17:28:47,2025-01-02 12:50:47
9000003674,1000006429,Correo Argentino,CA650077540AR,DELIVERED,2024-12-23 18:16:23,2024-12-27 15:03:41
9000003675,1000006430,Correo Argentino,CA235829116AR,DELIVERED,2024-12-23 16:24:47,2024-12-26 17:56:10
9000003676,1000006431,Correo Argentino,CA005738161AR,DELIVERED,2024-12-23 17:01:50,2024-12-27 15:50:01
9000003677,1000006432,Correo Argentino,CA485555697AR,DELIVERED,2024-12-23 18:14:08,2024-12-30 13:10:57
9000003678,1000006433,Correo Argentino,CA410318807AR,DELIVERED,2024-12-23 17:12:05,2024-12-27 13:25:05
9000003679,1000006434,Correo Argentino,CA829019479AR,DELIVERED,2024-12-23 18:24:48,2024-12-30 14:40:35
9000003680,1000006435,Correo Argentino,CA325736152AR,DELIVERED,2024-12-23 17:12:06,2025-01-02 19:09:00
9000003681,1000006436,Correo Argentino,CA222927738AR,DELIVERED,2024-12-23 17:10:59,2024-12-27 19:06:17
9000003682,1000006437,Correo Argentino,CA260236567AR,DELIVERED,2024-12-23 17:54:29,2024-12-31 14:28:04
9000003683,1000006438,Correo Argentino,CA784550601AR,DELIVERED,2024-12-23 17:31:49,2024-12-27 11:45:08
9000003684,1000006439,Correo Argentino,CA378463561AR,DELIVERED,2024-12-23 17:15:09,2024-12-31 13:26:32
9000003685,1000006440,Correo Argentino,CA810539637AR,DELIVERED,2024-12-23 18:22:44,2025-01-02 14:58:33
9000003686,1000006441,Correo Argentino,CA161182185AR,DELIVERED,2024-12-23 17:54:48,2024-12-30 10:22:56
9000003687,1000006442,Correo Argentino,CA379554337AR,DELIVERED,2024-12-23 16:54:22,2024-12-31 13:58:34
9000003688,1000006443,Correo Argentino,CA549008346AR,DELIVERED,2024-12-23 16:48:12,2024-12-30 16:04:44
9000003689,1000006444,Correo Argentino,CA415898285AR,DELIVERED,2024-12-23 17:52:27,2024-12-27 10:11:35
9000003690,1000006445,Correo Argentino,CA750780869AR,DELIVERED,2024-12-23 18:49:49,2024-12-30 12:52:40
9000003691,1000006446,Correo Argentino,CA654940100AR,DELIVERED,2024-12-23 16:56:26,2024-12-26 10:30:16
9000003692,1000006447,Correo Argentino,CA384991507AR,DELIVERED,2024-12-23 16:03:39,2025-01-02 12:25:54
9000003693,1000006448,Correo Argentino,CA222427453AR,DELIVERED,2024-12-23 16:25:15,2024-12-27 19:22:25
9000003694,1000006449,Correo Argentino,CA533935275AR,DELIVERED,2024-12-23 17:17:50,2024-12-27 16:27:50
9000003695,1000006450,Correo Argentino,CA541839724AR,DELIVERED,2024-12-23 17:44:11,2024-12-27 12:31:10
9000003696,1000006454,Correo Argentino,,CANCELLED,,
9000003697,1000006459,Correo Argentino,CA247643016AR,DELIVERED,2024-12-26 16:12:29,2024-12-31 18:23:30
9000003698,1000006460,Correo Argentino,CA670474728AR,DELIVERED,2024-12-24 16:38:50,2025-01-03 17:17:41
9000003699,1000006464,Correo Argentino,CA575250313AR,DELIVERED,2024-12-24 16:26:43,2025-01-02 10:11:07
9000003700,1000006465,Correo Argentino,CA183344306AR,DELIVERED,2024-12-24 17:00:04,2025-01-03 15:46:03
9000003701,1000006466,Correo Argentino,CA335657140AR,DELIVERED,2024-12-24 16:51:09,2024-12-30 19:05:28
9000003702,1000006469,Correo Argentino,CA174883224AR,DELIVERED,2024-12-24 16:56:58,2025-01-02 17:17:17
9000003703,1000006470,Correo Argentino,CA114717715AR,DELIVERED,2024-12-24 17:44:17,2024-12-31 13:24:36
9000003704,1000006472,Correo Argentino,CA971786755AR,DELIVERED,2024-12-24 16:41:04,2024-12-31 18:09:57
9000003705,1000006474,Correo Argentino,,CANCELLED,,
9000003706,1000006476,Correo Argentino,CA630153674AR,DELIVERED,2024-12-26 17:52:44,2024-12-30 09:57:51
9000003707,1000006477,Correo Argentino,CA904156593AR,DELIVERED,2024-12-24 16:57:45,2025-01-03 18:36:44
9000003708,1000006478,Correo Argentino,CA197506268AR,DELIVERED,2024-12-24 16:14:09,2024-12-27 10:02:47
9000003709,1000006479,Correo Argentino,CA413120814AR,DELIVERED,2024-12-24 16:34:05,2025-01-02 15:45:24
9000003710,1000006480,Correo Argentino,CA260422928AR,DELIVERED,2024-12-24 16:52:33,2025-01-02 12:35:29
9000003711,1000006481,Correo Argentino,CA462743375AR,DELIVERED,2024-12-24 16:35:58,2024-12-31 09:13:33
9000003712,1000006482,Correo Argentino,CA464845015AR,DELIVERED,2024-12-24 18:35:09,2024-12-31 15:17:43
9000003713,1000006483,Correo Argentino,CA650271556AR,DELIVERED,2024-12-24 16:46:52,2025-01-02 10:19:43
9000003714,1000006484,Correo Argentino,CA913358165AR,DELIVERED,2024-12-26 16:38:57,2024-12-30 09:27:23
9000003715,1000006485,Correo Argentino,CA629671372AR,DELIVERED,2024-12-24 16:11:12,2025-01-02 18:21:19
9000003716,1000006487,Correo Argentino,CA325064652AR,DELIVERED,2024-12-26 17:55:01,2024-12-31 11:11:57
9000003717,1000006489,Correo Argentino,,CANCELLED,,
9000003718,1000006490,Correo Argentino,CA739314982AR,DELIVERED,2024-12-24 17:14:28,2025-01-02 09:38:20
9000003719,1000006492,Correo Argentino,CA333127599AR,DELIVERED,2024-12-26 16:52:35,2024-12-27 16:24:01
9000003720,1000006494,Correo Argentino,CA196415375AR,DELIVERED,2024-12-26 16:47:59,2024-12-30 10:30:12
9000003721,1000006499,Correo Argentino,CA704231998AR,DELIVERED,2024-12-26 18:56:48,2024-12-30 13:05:19
9000003722,1000006500,Correo Argentino,CA033502021AR,DELIVERED,2024-12-26 18:27:04,2024-12-30 10:20:24
9000003723,1000006504,Correo Argentino,CA866610529AR,DELIVERED,2024-12-26 16:25:26,2024-12-31 19:50:05
9000003724,1000006507,Correo Argentino,CA298387531AR,DELIVERED,2024-12-26 17:30:36,2024-12-27 09:00:25
9000003725,1000006508,Correo Argentino,CA277691492AR,DELIVERED,2024-12-26 17:20:03,2024-12-30 19:24:45
9000003726,1000006511,Correo Argentino,CA613070753AR,DELIVERED,2024-12-26 18:10:31,2024-12-30 11:45:20
9000003727,1000006512,Correo Argentino,CA105159197AR,DELIVERED,2024-12-26 16:06:48,2025-01-02 14:05:41
9000003728,1000006513,Correo Argentino,CA457083237AR,DELIVERED,2024-12-26 18:46:30,2024-12-31 12:41:55
9000003729,1000006515,Correo Argentino,CA476005252AR,DELIVERED,2024-12-26 16:05:30,2024-12-31 09:23:12
9000003730,1000006516,Correo Argentino,CA806400224AR,DELIVERED,2024-12-26 17:58:44,2024-12-30 19:24:05
9000003731,1000006517,Correo Argentino,CA507584852AR,DELIVERED,2024-12-26 17:28:43,2025-01-02 09:03:55
9000003732,1000006518,Correo Argentino,CA326316313AR,DELIVERED,2024-12-26 18:10:35,2025-01-02 11:14:18
9000003733,1000006519,Correo Argentino,CA743832469AR,DELIVERED,2024-12-26 18:02:04,2025-01-03 09:24:39
9000003734,1000006520,Correo Argentino,CA832943056AR,DELIVERED,2024-12-26 18:25:23,2025-01-02 19:20:55
9000003735,1000006521,Correo Argentino,CA295249633AR,DELIVERED,2024-12-26 16:09:51,2024-12-30 19:35:54
9000003736,1000006522,Correo Argentino,CA700041009AR,DELIVERED,2024-12-26 17:13:45,2025-01-02 09:49:37
9000003737,1000006523,Correo Argentino,CA987315819AR,DELIVERED,2024-12-26 16:46:39,2024-12-31 16:49:51
9000003738,1000006524,Correo Argentino,CA048080691AR,DELIVERED,2024-12-26 16:50:46,2024-12-30 18:06:32
9000003739,1000006525,Correo Argentino,CA242235952AR,DELIVERED,2024-12-26 16:28:34,2024-12-30 18:32:05
9000003740,1000006526,Correo Argentino,CA243344837AR,DELIVERED,2024-12-26 17:19:31,2024-12-31 09:59:06
9000003741,1000006527,Correo Argentino,CA462394947AR,DELIVERED,2024-12-26 18:59:01,2024-12-27 14:24:42
9000003742,1000006528,Correo Argentino,CA796791118AR,DELIVERED,2024-12-26 17:37:11,2024-12-30 16:51:21
9000003743,1000006529,Correo Argentino,CA127696709AR,DELIVERED,2024-12-26 16:41:20,2024-12-31 12:46:46
9000003744,1000006530,Correo Argentino,CA786091834AR,DELIVERED,2024-12-26 18:09:45,2024-12-30 17:08:44
9000003745,1000006531,Correo Argentino,CA171671703AR,DELIVERED,2024-12-26 16:43:57,2025-01-02 09:26:22
9000003746,1000006532,Correo Argentino,CA065410107AR,DELIVERED,2024-12-26 16:37:02,2024-12-30 11:57:53
9000003747,1000006533,Correo Argentino,CA580979905AR,DELIVERED,2024-12-26 17:23:16,2024-12-31 11:19:18
9000003748,1000006535,Correo Argentino,CA061416035AR,DELIVERED,2024-12-27 18:42:41,2025-01-02 11:49:34
9000003749,1000006536,Correo Argentino,CA935858301AR,DELIVERED,2024-12-27 18:51:02,2024-12-31 18:49:00
9000003750,1000006541,Correo Argentino,CA780178605AR,DELIVERED,2024-12-27 16:41:05,2024-12-30 11:22:05
9000003751,1000006543,Correo Argentino,CA029010720AR,DELIVERED,2024-12-27 18:22:13,2024-12-31 13:33:03
9000003752,1000006544,Correo Argentino,CA477476082AR,DELIVERED,2024-12-27 17:35:38,2024-12-31 09:56:24
9000003753,1000006545,Correo Argentino,CA212362986AR,DELIVERED,2024-12-27 16:17:00,2024-12-30 13:11:39
9000003754,1000006546,Correo Argentino,CA354027130AR,DELIVERED,2024-12-27 17:24:49,2024-12-31 19:04:18
9000003755,1000006547,Correo Argentino,CA215751636AR,DELIVERED,2024-12-27 16:56:55,2025-01-03 10:54:03
9000003756,1000006551,Correo Argentino,CA245603079AR,DELIVERED,2024-12-30 18:00:24,2024-12-31 16:29:52
9000003757,1000006555,Correo Argentino,CA945347508AR,DELIVERED,2024-12-30 16:09:50,2025-01-02 11:58:30
9000003758,1000006556,Correo Argentino,CA920444502AR,DELIVERED,2024-12-30 16:49:57,2025-01-02 14:42:44
9000003759,1000006558,Correo Argentino,CA064556348AR,DELIVERED,2024-12-30 17:43:20,2025-01-06 09:00:04
9000003760,1000006559,Correo Argentino,CA168172074AR,DELIVERED,2024-12-30 18:46:31,2025-01-06 14:11:03
9000003761,1000006560,Correo Argentino,CA508117073AR,DELIVERED,2024-12-30 16:52:35,2025-01-02 17:11:43
9000003762,1000006563,Correo Argentino,CA839239755AR,DELIVERED,2024-12-30 17:21:25,2025-01-02 14:20:28
9000003763,1000006564,Correo Argentino,CA513207819AR,DELIVERED,2024-12-30 17:28:49,2025-01-03 11:27:03
9000003764,1000006565,Correo Argentino,CA048838795AR,DELIVERED,2024-12-30 16:21:56,2025-01-02 11:00:39
9000003765,1000006566,Correo Argentino,CA150898584AR,DELIVERED,2024-12-30 18:30:52,2025-01-02 19:22:13
9000003766,1000006567,Correo Argentino,CA166038700AR,DELIVERED,2024-12-30 17:26:25,2025-01-06 16:53:40
9000003767,1000006568,Correo Argentino,CA107964324AR,DELIVERED,2024-12-30 16:07:11,2025-01-03 17:56:15
9000003768,1000006569,Correo Argentino,CA505233290AR,DELIVERED,2024-12-30 18:47:35,2025-01-06 11:59:25
9000003769,1000006573,Correo Argentino,CA028895183AR,DELIVERED,2024-12-30 16:29:27,2024-12-31 12:35:28
9000003770,1000006577,Correo Argentino,CA192973992AR,DELIVERED,2024-12-30 16:00:33,2025-01-02 18:18:05
9000003771,1000006580,Correo Argentino,CA735199767AR,DELIVERED,2024-12-30 18:21:39,2025-01-03 12:12:22
9000003772,1000006583,Correo Argentino,CA859051171AR,DELIVERED,2024-12-30 16:42:25,2024-12-31 18:41:38
9000003773,1000006588,Correo Argentino,CA402039139AR,DELIVERED,2024-12-30 18:35:03,2024-12-31 19:25:28
9000003774,1000006589,Correo Argentino,,CANCELLED,,
9000003775,1000006592,Correo Argentino,CA401783382AR,DELIVERED,2024-12-30 16:56:02,2025-01-02 19:12:10
9000003776,1000006593,Correo Argentino,CA950291313AR,DELIVERED,2024-12-30 16:57:08,2025-01-02 14:04:18
9000003777,1000006594,Correo Argentino,CA870066900AR,DELIVERED,2024-12-30 18:24:09,2024-12-31 13:54:24
9000003778,1000006595,Correo Argentino,CA332942340AR,DELIVERED,2024-12-30 16:41:31,2024-12-31 10:55:00
9000003779,1000006596,Correo Argentino,CA066282375AR,DELIVERED,2024-12-30 18:41:40,2024-12-31 13:36:59
9000003780,1000006597,Correo Argentino,CA873612999AR,DELIVERED,2024-12-30 17:52:51,2025-01-03 13:59:06
9000003781,1000006598,Correo Argentino,CA953012225AR,DELIVERED,2024-12-30 17:18:18,2024-12-31 11:39:45
9000003782,1000006599,Correo Argentino,CA965457878AR,DELIVERED,2024-12-30 17:10:29,2025-01-03 18:34:17
9000003783,1000006600,Correo Argentino,CA618967091AR,DELIVERED,2024-12-30 17:00:32,2024-12-31 13:35:11
9000003784,1000006601,Correo Argentino,CA255508894AR,DELIVERED,2024-12-30 16:58:06,2025-01-03 13:45:04
9000003785,1000006602,Correo Argentino,CA545685194AR,DELIVERED,2024-12-30 18:41:00,2025-01-03 12:29:29
9000003786,1000006603,Correo Argentino,CA279919307AR,DELIVERED,2024-12-30 16:10:26,2024-12-31 16:29:28
9000003787,1000006604,Correo Argentino,CA030021908AR,DELIVERED,2024-12-30 18:17:07,2025-01-03 18:47:25
9000003788,1000006606,Correo Argentino,CA080248083AR,DELIVERED,2024-12-30 17:46:22,2025-01-02 12:07:49
9000003789,1000006610,Correo Argentino,CA797004380AR,DELIVERED,2024-12-30 16:53:50,2024-12-31 09:14:25
9000003790,1000006611,Correo Argentino,CA274684514AR,DELIVERED,2024-12-30 18:44:04,2025-01-07 18:24:42
9000003791,1000006613,Correo Argentino,CA228851403AR,DELIVERED,2025-01-02 18:15:02,2025-01-06 19:57:02
9000003792,1000006614,Correo Argentino,CA844665293AR,DELIVERED,2024-12-31 18:48:18,2025-01-02 19:55:18
9000003793,1000006615,Correo Argentino,CA368175368AR,DELIVERED,2024-12-31 18:52:32,2025-01-08 13:27:39
9000003794,1000006618,Correo Argentino,CA820987249AR,DELIVERED,2024-12-31 18:31:54,2025-01-03 11:48:29
9000003795,1000006619,Correo Argentino,CA992854050AR,DELIVERED,2024-12-31 18:29:03,2025-01-06 11:49:02
9000003796,1000006620,Correo Argentino,CA167484478AR,DELIVERED,2024-12-31 17:44:30,2025-01-03 10:08:52
9000003797,1000006621,Correo Argentino,CA068846096AR,DELIVERED,2024-12-31 18:08:56,2025-01-03 15:07:57
9000003798,1000006622,Correo Argentino,CA213641317AR,DELIVERED,2024-12-31 16:34:10,2025-01-06 13:43:18
9000003799,1000006624,Correo Argentino,CA797536675AR,DELIVERED,2024-12-31 17:58:22,2025-01-06 18:07:52
9000003800,1000006625,Correo Argentino,CA963683448AR,DELIVERED,2025-01-02 16:53:08,2025-01-07 10:51:11
9000003801,1000006627,Correo Argentino,CA145961039AR,DELIVERED,2024-12-31 17:34:25,2025-01-03 16:16:40
9000003802,1000006631,Correo Argentino,CA411716528AR,DELIVERED,2025-01-02 17:40:00,2025-01-03 09:10:53
9000003803,1000006634,Correo Argentino,CA313615747AR,DELIVERED,2025-01-02 16:10:40,2025-01-06 12:05:49
9000003804,1000006635,Correo Argentino,CA910789345AR,DELIVERED,2025-01-02 18:10:55,2025-01-08 13:51:36
9000003805,1000006636,Correo Argentino,CA307956467AR,DELIVERED,2025-01-02 16:18:40,2025-01-06 19:09:45
9000003806,1000006637,Correo Argentino,CA109267754AR,DELIVERED,2025-01-02 18:18:07,2025-01-03 10:34:55
9000003807,1000006638,Correo Argentino,CA048491765AR,DELIVERED,2025-01-02 17:26:16,2025-01-07 17:23:47
9000003808,1000006639,Correo Argentino,CA558084913AR,DELIVERED,2025-01-06 17:59:09,2025-01-08 12:38:09
9000003809,1000006640,Correo Argentino,CA058977046AR,DELIVERED,2025-01-02 16:14:40,2025-01-09 19:06:05
9000003810,1000006641,Correo Argentino,CA870213558AR,DELIVERED,2025-01-02 17:31:58,2025-01-06 19:08:57
9000003811,1000006642,Correo Argentino,CA887589730AR,DELIVERED,2025-01-02 16:48:48,2025-01-06 15:49:44
9000003812,1000006643,Correo Argentino,CA301112753AR,DELIVERED,2025-01-02 17:56:19,2025-01-06 15:10:28
9000003813,1000006645,Correo Argentino,CA409073924AR,DELIVERED,2025-01-02 17:37:12,2025-01-08 09:36:02
9000003814,1000006646,Correo Argentino,CA443924824AR,DELIVERED,2025-01-02 16:18:28,2025-01-07 10:52:28
9000003815,1000006647,Correo Argentino,CA541226152AR,DELIVERED,2025-01-02 18:40:17,2025-01-07 12:40:07
9000003816,1000006648,Correo Argentino,CA522624472AR,DELIVERED,2025-01-02 17:27:52,2025-01-03 14:21:57
9000003817,1000006649,Correo Argentino,CA311259288AR,DELIVERED,2025-01-02 16:10:54,2025-01-07 17:35:43
9000003818,1000006650,Correo Argentino,CA997194951AR,DELIVERED,2025-01-02 16:48:35,2025-01-07 16:54:46
9000003819,1000006651,Correo Argentino,CA098419490AR,DELIVERED,2025-01-02 18:54:00,2025-01-06 13:31:15
9000003820,1000006652,Correo Argentino,CA868186700AR,DELIVERED,2025-01-02 16:52:29,2025-01-08 13:17:48
9000003821,1000006653,Correo Argentino,CA184155494AR,DELIVERED,2025-01-02 16:26:10,2025-01-08 14:42:31
9000003822,1000006654,Correo Argentino,CA861010020AR,DELIVERED,2025-01-02 16:32:01,2025-01-06 14:50:47
9000003823,1000006656,Correo Argentino,CA977840816AR,DELIVERED,2025-01-02 16:04:49,2025-01-03 17:06:53
9000003824,1000006658,Correo Argentino,CA552613595AR,DELIVERED,2025-01-02 18:18:33,2025-01-06 15:19:05
9000003825,1000006659,Correo Argentino,CA197831414AR,DELIVERED,2025-01-03 17:50:08,2025-01-07 09:43:52
9000003826,1000006660,Correo Argentino,CA316187075AR,DELIVERED,2025-01-02 18:30:55,2025-01-07 15:22:56
9000003827,1000006661,Correo Argentino,CA579242710AR,DELIVERED,2025-01-03 18:11:56,2025-01-07 18:16:24
9000003828,1000006664,Correo Argentino,CA798862883AR,DELIVERED,2025-01-03 16:33:52,2025-01-08 17:52:06
9000003829,1000006669,Correo Argentino,CA500624853AR,DELIVERED,2025-01-03 18:49:33,2025-01-09 10:05:48
9000003830,1000006671,Correo Argentino,CA564096680AR,DELIVERED,2025-01-03 17:14:58,2025-01-08 13:27:09
9000003831,1000006673,Correo Argentino,CA600270027AR,DELIVERED,2025-01-03 16:04:11,2025-01-08 12:59:02
9000003832,1000006674,Correo Argentino,CA900114944AR,DELIVERED,2025-01-03 16:32:32,2025-01-07 15:16:50
9000003833,1000006678,Correo Argentino,CA216593708AR,DELIVERED,2025-01-03 18:51:00,2025-01-06 11:40:00
9000003834,1000006687,Correo Argentino,CA595142019AR,DELIVERED,2025-01-06 16:28:31,2025-01-09 13:59:26
9000003835,1000006689,Correo Argentino,CA478351971AR,DELIVERED,2025-01-06 18:52:56,2025-01-09 18:08:00
9000003836,1000006691,Correo Argentino,CA122407273AR,DELIVERED,2025-01-06 17:48:54,2025-01-09 17:49:58
9000003837,1000006692,Correo Argentino,CA952667439AR,DELIVERED,2025-01-06 18:19:25,2025-01-08 16:53:36
9000003838,1000006693,Correo Argentino,CA802960617AR,DELIVERED,2025-01-06 16:35:57,2025-01-10 13:14:46
9000003839,1000006694,Correo Argentino,CA145333945AR,DELIVERED,2025-01-06 18:43:37,2025-01-08 19:32:45
9000003840,1000006695,Correo Argentino,CA019335947AR,DELIVERED,2025-01-06 17:16:38,2025-01-08 14:53:19
9000003841,1000006697,Correo Argentino,CA934016798AR,DELIVERED,2025-01-06 17:34:42,2025-01-09 18:45:12
9000003842,1000006702,Correo Argentino,CA729487583AR,DELIVERED,2025-01-06 17:28:04,2025-01-08 18:36:38
9000003843,1000006704,Correo Argentino,CA850371157AR,DELIVERED,2025-01-06 18:21:50,2025-01-10 16:35:26
9000003844,1000006712,Correo Argentino,CA016625501AR,DELIVERED,2025-01-06 16:31:32,2025-01-09 14:18:06
9000003845,1000006713,Correo Argentino,CA359576005AR,DELIVERED,2025-01-06 18:41:57,2025-01-08 11:28:00
9000003846,1000006715,Correo Argentino,CA203073250AR,DELIVERED,2025-01-06 16:54:45,2025-01-08 13:19:57
9000003847,1000006717,Correo Argentino,CA697846504AR,DELIVERED,2025-01-06 16:04:41,2025-01-10 11:19:23
9000003848,1000006718,Correo Argentino,CA412871910AR,DELIVERED,2025-01-06 17:01:48,2025-01-09 10:30:20
9000003849,1000006719,Correo Argentino,CA670297150AR,DELIVERED,2025-01-06 18:45:32,2025-01-10 16:04:16
9000003850,1000006720,Correo Argentino,CA330370185AR,DELIVERED,2025-01-06 18:04:58,2025-01-09 19:51:24
9000003851,1000006721,Correo Argentino,CA834102348AR,DELIVERED,2025-01-06 17:35:21,2025-01-07 14:29:39
9000003852,1000006723,Correo Argentino,CA166832187AR,DELIVERED,2025-01-06 17:26:17,2025-01-08 15:23:50
9000003853,1000006724,Correo Argentino,,CANCELLED,,
9000003854,1000006725,Correo Argentino,CA506783116AR,DELIVERED,2025-01-06 17:18:12,2025-01-08 12:04:55
9000003855,1000006727,Correo Argentino,CA226907382AR,DELIVERED,2025-01-06 18:22:17,2025-01-07 14:24:21
9000003856,1000006728,Correo Argentino,CA390713750AR,DELIVERED,2025-01-06 16:21:45,2025-01-07 18:08:37
9000003857,1000006729,Correo Argentino,CA514867433AR,DELIVERED,2025-01-06 18:43:15,2025-01-08 14:25:27
9000003858,1000006730,Correo Argentino,CA634738623AR,DELIVERED,2025-01-06 16:17:57,2025-01-13 11:22:06
9000003859,1000006731,Correo Argentino,CA650379827AR,DELIVERED,2025-01-06 18:19:22,2025-01-08 13:58:11
9000003860,1000006732,Correo Argentino,CA153654259AR,DELIVERED,2025-01-06 18:35:32,2025-01-07 15:39:25
9000003861,1000006733,Correo Argentino,CA937085365AR,DELIVERED,2025-01-06 18:15:08,2025-01-07 16:17:11
9000003862,1000006734,Correo Argentino,CA151814919AR,DELIVERED,2025-01-06 16:20:12,2025-01-08 11:46:15
9000003863,1000006735,Correo Argentino,CA343301513AR,DELIVERED,2025-01-06 17:30:50,2025-01-07 16:29:21
9000003864,1000006736,Correo Argentino,CA187222045AR,DELIVERED,2025-01-06 16:34:32,2025-01-07 10:34:14
9000003865,1000006737,Correo Argentino,CA979298736AR,DELIVERED,2025-01-06 16:04:54,2025-01-08 14:07:25
9000003866,1000006738,Correo Argentino,CA053388478AR,DELIVERED,2025-01-06 16:52:01,2025-01-10 09:04:22
9000003867,1000006739,Correo Argentino,CA995002505AR,DELIVERED,2025-01-06 17:57:17,2025-01-09 11:24:45
9000003868,1000006741,Correo Argentino,CA306972316AR,DELIVERED,2025-01-06 17:57:29,2025-01-08 16:14:06
9000003869,1000006742,Correo Argentino,CA445940260AR,DELIVERED,2025-01-06 17:10:44,2025-01-09 15:19:36
9000003870,1000006743,Correo Argentino,CA699285139AR,DELIVERED,2025-01-06 17:49:27,2025-01-13 10:08:40
9000003871,1000006744,Correo Argentino,CA758974877AR,DELIVERED,2025-01-06 16:21:36,2025-01-07 19:48:31
9000003872,1000006745,Correo Argentino,CA492275564AR,DELIVERED,2025-01-06 16:10:26,2025-01-07 09:41:19
9000003873,1000006750,Correo Argentino,CA913625051AR,DELIVERED,2025-01-07 18:12:25,2025-01-09 09:50:18
9000003874,1000006751,Correo Argentino,CA231302357AR,DELIVERED,2025-01-07 18:29:37,2025-01-09 12:24:24
9000003875,1000006753,Correo Argentino,CA056203685AR,DELIVERED,2025-01-07 16:35:16,2025-01-13 19:43:00
9000003876,1000006754,Correo Argentino,CA041349934AR,DELIVERED,2025-01-07 18:20:26,2025-01-08 18:05:55
9000003877,1000006759,Correo Argentino,CA770113576AR,DELIVERED,2025-01-08 16:35:44,2025-01-10 18:01:44
9000003878,1000006760,Correo Argentino,CA771970791AR,DELIVERED,2025-01-07 18:20:12,2025-01-10 13:53:09
9000003879,1000006761,Correo Argentino,CA425576301AR,DELIVERED,2025-01-07 18:23:48,2025-01-10 15:07:39
9000003880,1000006762,Correo Argentino,CA935919637AR,DELIVERED,2025-01-07 18:06:29,2025-01-10 11:07:06
9000003881,1000006763,Correo Argentino,CA978538893AR,DELIVERED,2025-01-07 17:37:33,2025-01-08 13:33:31
9000003882,1000006764,Correo Argentino,CA907211391AR,DELIVERED,2025-01-07 18:16:59,2025-01-09 11:17:41
9000003883,1000006765,Correo Argentino,CA581215813AR,DELIVERED,2025-01-07 16:33:37,2025-01-10 11:50:28
9000003884,1000006766,Correo Argentino,CA643658367AR,DELIVERED,2025-01-07 18:47:57,2025-01-13 15:29:45
9000003885,1000006767,Correo Argentino,CA662433692AR,DELIVERED,2025-01-07 16:56:09,2025-01-09 09:01:23
9000003886,1000006768,Correo Argentino,CA428386243AR,DELIVERED,2025-01-07 18:46:16,2025-01-10 18:45:45
9000003887,1000006770,Correo Argentino,CA351974540AR,DELIVERED,2025-01-07 16:49:43,2025-01-10 11:02:56
9000003888,1000006771,Correo Argentino,CA908379219AR,DELIVERED,2025-01-08 18:59:13,2025-01-14 10:36:22
9000003889,1000006773,Correo Argentino,CA333430221AR,DELIVERED,2025-01-08 16:31:49,2025-01-10 17:30:29
9000003890,1000006776,Correo Argentino,CA325579523AR,DELIVERED,2025-01-08 17:50:35,2025-01-14 09:09:47
9000003891,1000006778,Correo Argentino,CA435066029AR,DELIVERED,2025-01-08 16:46:00,2025-01-10 11:46:07
9000003892,1000006779,Correo Argentino,CA388689046AR,DELIVERED,2025-01-08 16:40:27,2025-01-10 11:04:22
9000003893,1000006780,Correo Argentino,CA384312429AR,DELIVERED,2025-01-08 18:42:43,2025-01-09 11:57:58
9000003894,1000006781,Correo Argentino,CA153518547AR,DELIVERED,2025-01-08 17:37:53,2025-01-10 10:53:27
9000003895,1000006782,Correo Argentino,CA233283274AR,DELIVERED,2025-01-08 17:53:08,2025-01-10 16:07:31
9000003896,1000006783,Correo Argentino,CA196708249AR,DELIVERED,2025-01-08 16:15:48,2025-01-14 10:36:21
9000003897,1000006784,Correo Argentino,CA806440802AR,DELIVERED,2025-01-08 17:48:13,2025-01-14 18:46:56
9000003898,1000006785,Correo Argentino,CA594688380AR,DELIVERED,2025-01-08 17:49:40,2025-01-14 15:29:31
9000003899,1000006789,Correo Argentino,CA490241403AR,DELIVERED,2025-01-08 18:50:48,2025-01-14 17:09:50
9000003900,1000006790,Correo Argentino,CA760561808AR,DELIVERED,2025-01-08 18:34:03,2025-01-10 15:24:40
9000003901,1000006791,Correo Argentino,CA017199509AR,DELIVERED,2025-01-09 16:01:49,2025-01-14 12:50:51
9000003902,1000006792,Correo Argentino,CA296832111AR,DELIVERED,2025-01-09 16:12:52,2025-01-13 17:02:40
9000003903,1000006795,Correo Argentino,CA931819938AR,DELIVERED,2025-01-09 18:55:33,2025-01-10 17:10:40
9000003904,1000006796,Correo Argentino,CA952022480AR,DELIVERED,2025-01-09 16:48:43,2025-01-14 15:57:45
9000003905,1000006798,Correo Argentino,CA807713311AR,DELIVERED,2025-01-09 16:15:45,2025-01-14 19:53:10
9000003906,1000006802,Correo Argentino,CA070122517AR,DELIVERED,2025-01-09 18:24:17,2025-01-15 14:52:43
9000003907,1000006803,Correo Argentino,CA687950729AR,DELIVERED,2025-01-09 16:25:53,2025-01-13 09:15:06
9000003908,1000006804,Correo Argentino,CA701798540AR,DELIVERED,2025-01-09 16:56:00,2025-01-15 16:26:37
9000003909,1000006805,Correo Argentino,CA325039605AR,DELIVERED,2025-01-09 17:02:06,2025-01-15 15:07:50
9000003910,1000006806,Correo Argentino,CA368921109AR,DELIVERED,2025-01-09 18:01:38,2025-01-15 15:01:49
9000003911,1000006808,Correo Argentino,CA100116906AR,DELIVERED,2025-01-10 17:12:59,2025-01-14 12:58:00
9000003912,1000006809,Correo Argentino,CA772786384AR,DELIVERED,2025-01-10 17:01:05,2025-01-14 18:43:10
9000003913,1000006810,Correo Argentino,CA480461873AR,DELIVERED,2025-01-10 17:09:50,2025-01-14 09:55:39
9000003914,1000006811,Correo Argentino,CA776139884AR,DELIVERED,2025-01-10 18:38:50,2025-01-15 19:57:01
9000003915,1000006812,Correo Argentino,CA736504588AR,DELIVERED,2025-01-10 17:53:05,2025-01-16 19:40:14
9000003916,1000006813,Correo Argentino,CA200740700AR,DELIVERED,2025-01-10 17:59:43,2025-01-15 18:24:20
9000003917,1000006814,Correo Argentino,CA985221295AR,DELIVERED,2025-01-10 17:02:55,2025-01-15 16:40:02
9000003918,1000006816,Correo Argentino,CA257236663AR,DELIVERED,2025-01-10 17:16:48,2025-01-14 14:08:55
9000003919,1000006818,Correo Argentino,CA149016849AR,DELIVERED,2025-01-10 18:10:19,2025-01-14 12:07:33
9000003920,1000006820,Correo Argentino,CA925428553AR,DELIVERED,2025-01-10 17:57:15,2025-01-16 11:58:15
9000003921,1000006821,Correo Argentino,CA192849553AR,DELIVERED,2025-01-10 16:51:04,2025-01-15 10:35:04
9000003922,1000006824,Correo Argentino,CA383862192AR,DELIVERED,2025-01-13 18:34:21,2025-01-14 14:52:53
9000003923,1000006825,Correo Argentino,CA075246841AR,DELIVERED,2025-01-13 17:35:12,2025-01-15 12:25:19
9000003924,1000006837,Correo Argentino,CA150768548AR,DELIVERED,2025-01-13 18:01:55,2025-01-17 12:44:42
9000003925,1000006838,Correo Argentino,CA574360249AR,DELIVERED,2025-01-13 16:22:41,2025-01-16 09:01:56
9000003926,1000006839,Correo Argentino,CA991313385AR,DELIVERED,2025-01-13 18:16:16,2025-01-14 15:06:50
9000003927,1000006840,Correo Argentino,CA538751149AR,DELIVERED,2025-01-13 18:59:02,2025-01-15 10:16:07
9000003928,1000006841,Correo Argentino,CA145995658AR,DELIVERED,2025-01-13 18:36:22,2025-01-15 17:27:26
9000003929,1000006842,Correo Argentino,CA163389172AR,DELIVERED,2025-01-13 17:03:29,2025-01-16 17:20:33
9000003930,1000006843,Correo Argentino,CA556487939AR,DELIVERED,2025-01-13 17:38:05,2025-01-16 13:30:44
9000003931,1000006857,Correo Argentino,CA336251270AR,DELIVERED,2025-01-13 18:07:02,2025-01-17 12:05:52
9000003932,1000006858,Correo Argentino,CA426727080AR,DELIVERED,2025-01-13 16:15:32,2025-01-14 18:42:49
9000003933,1000006860,Correo Argentino,CA304049064AR,DELIVERED,2025-01-13 17:20:30,2025-01-15 10:50:49
9000003934,1000006861,Correo Argentino,CA042697897AR,DELIVERED,2025-01-13 16:14:08,2025-01-17 19:17:34
9000003935,1000006862,Correo Argentino,CA175946342AR,DELIVERED,2025-01-13 16:50:05,2025-01-14 10:11:58
9000003936,1000006863,Correo Argentino,CA961715114AR,DELIVERED,2025-01-13 18:34:49,2025-01-16 09:28:06
9000003937,1000006864,Correo Argentino,CA769705274AR,DELIVERED,2025-01-15 17:43:37,2025-01-17 13:00:32
9000003938,1000006865,Correo Argentino,CA622281921AR,DELIVERED,2025-01-13 18:45:41,2025-01-16 16:59:32
9000003939,1000006866,Correo Argentino,CA731341375AR,DELIVERED,2025-01-13 17:03:20,2025-01-15 19:19:11
9000003940,1000006867,Correo Argentino,CA070118018AR,DELIVERED,2025-01-13 18:29:20,2025-01-15 16:40:34
9000003941,1000006868,Correo Argentino,CA858060552AR,DELIVERED,2025-01-13 17:11:52,2025-01-17 15:53:53
9000003942,1000006869,Correo Argentino,CA489220979AR,DELIVERED,2025-01-13 17:09:40,2025-01-17 14:47:21
9000003943,1000006870,Correo Argentino,CA962408268AR,DELIVERED,2025-01-13 18:56:44,2025-01-17 17:35:50
9000003944,1000006871,Correo Argentino,CA581266012AR,DELIVERED,2025-01-14 17:08:51,2025-01-16 19:17:20
9000003945,1000006872,Correo Argentino,CA574622285AR,DELIVERED,2025-01-13 18:06:31,2025-01-17 19:06:05
9000003946,1000006873,Correo Argentino,CA019083073AR,DELIVERED,2025-01-13 16:46:55,2025-01-15 13:59:26
9000003947,1000006874,Correo Argentino,CA745960977AR,DELIVERED,2025-01-13 18:48:40,2025-01-17 09:56:41
9000003948,1000006875,Correo Argentino,CA276216605AR,DELIVERED,2025-01-13 18:31:42,2025-01-17 17:18:53
9000003949,1000006876,Correo Argentino,CA546749982AR,DELIVERED,2025-01-13 16:45:16,2025-01-14 11:17:01
9000003950,1000006878,Correo Argentino,CA185600750AR,DELIVERED,2025-01-13 17:27:50,2025-01-15 13:04:40
9000003951,1000006879,Correo Argentino,CA093368739AR,DELIVERED,2025-01-13 17:36:13,2025-01-16 11:29:00
9000003952,1000006883,Correo Argentino,CA912919521AR,DELIVERED,2025-01-14 18:15:32,2025-01-16 19:31:25
9000003953,1000006886,Correo Argentino,CA213265181AR,DELIVERED,2025-01-14 18:20:06,2025-01-15 12:08:28
9000003954,1000006891,Correo Argentino,CA334534517AR,DELIVERED,2025-01-14 16:48:07,2025-01-16 12:39:05
9000003955,1000006894,Correo Argentino,CA574636551AR,DELIVERED,2025-01-14 17:28:53,2025-01-20 10:07:37
9000003956,1000006895,Correo Argentino,CA395286055AR,DELIVERED,2025-01-14 16:50:25,2025-01-17 10:03:51
9000003957,1000006896,Correo Argentino,CA061187848AR,DELIVERED,2025-01-14 18:29:13,2025-01-16 19:06:25
9000003958,1000006897,Correo Argentino,CA720365871AR,DELIVERED,2025-01-14 18:00:52,2025-01-15 14:53:39
9000003959,1000006898,Correo Argentino,CA893001746AR,DELIVERED,2025-01-14 18:37:17,2025-01-16 18:22:10
9000003960,1000006899,Correo Argentino,CA642987550AR,DELIVERED,2025-01-14 17:05:12,2025-01-17 11:59:10
9000003961,1000006900,Correo Argentino,CA085392655AR,DELIVERED,2025-01-14 16:27:43,2025-01-16 17:59:50
9000003962,1000006901,Correo Argentino,CA004340579AR,DELIVERED,2025-01-14 16:05:56,2025-01-16 10:58:41
9000003963,1000006902,Correo Argentino,CA535216266AR,DELIVERED,2025-01-14 18:14:05,2025-01-17 10:56:08
9000003964,1000006903,Correo Argentino,CA126427356AR,DELIVERED,2025-01-14 17:29:32,2025-01-16 16:45:20
9000003965,1000006906,Correo Argentino,CA345677712AR,DELIVERED,2025-01-15 18:58:47,2025-01-21 16:30:28
9000003966,1000006907,Correo Argentino,CA907482706AR,DELIVERED,2025-01-15 17:09:55,2025-01-17 15:07:19
9000003967,1000006908,Correo Argentino,CA346029682AR,DELIVERED,2025-01-15 18:35:27,2025-01-17 15:29:04
9000003968,1000006910,Correo Argentino,CA199977168AR,DELIVERED,2025-01-15 18:58:15,2025-01-22 17:21:53
9000003969,1000006913,Correo Argentino,CA621493520AR,DELIVERED,2025-01-15 18:42:35,2025-01-16 10:18:24
9000003970,1000006919,Correo Argentino,CA985001920AR,DELIVERED,2025-01-15 17:17:06,2025-01-20 11:16:06
9000003971,1000006923,Correo Argentino,CA652384757AR,DELIVERED,2025-01-15 17:00:15,2025-01-21 09:40:09
9000003972,1000006924,Correo Argentino,CA696720082AR,DELIVERED,2025-01-15 18:59:15,2025-01-16 10:40:22
9000003973,1000006925,Correo Argentino,CA360820303AR,DELIVERED,2025-01-15 17:29:12,2025-01-21 12:41:19
9000003974,1000006928,Correo Argentino,CA047340204AR,DELIVERED,2025-01-16 17:39:29,2025-01-20 10:35:59
9000003975,1000006930,Correo Argentino,,CANCELLED,,
9000003976,1000006931,Correo Argentino,CA791796657AR,DELIVERED,2025-01-16 17:11:06,2025-01-22 13:52:22
9000003977,1000006938,Correo Argentino,CA516073450AR,DELIVERED,2025-01-16 18:18:47,2025-01-17 18:59:15
9000003978,1000006942,Correo Argentino,CA493857809AR,DELIVERED,2025-01-16 18:35:43,2025-01-22 15:07:00
9000003979,1000006943,Correo Argentino,,CANCELLED,,
9000003980,1000006944,Correo Argentino,CA783795798AR,DELIVERED,2025-01-16 17:57:35,2025-01-21 12:24:10
9000003981,1000006948,Correo Argentino,CA957180361AR,DELIVERED,2025-01-17 17:26:05,2025-01-24 10:37:11
9000003982,1000006949,Correo Argentino,CA391607685AR,DELIVERED,2025-01-17 17:41:31,2025-01-23 15:29:44
9000003983,1000006950,Correo Argentino,CA300895169AR,DELIVERED,2025-01-17 18:20:46,2025-01-21 11:57:31
9000003984,1000006955,Correo Argentino,CA630947891AR,DELIVERED,2025-01-17 16:51:04,2025-01-21 11:44:11
9000003985,1000006957,Correo Argentino,CA721604079AR,DELIVERED,2025-01-17 18:30:28,2025-01-21 14:38:25
9000003986,1000006958,Correo Argentino,CA868676222AR,DELIVERED,2025-01-17 16:52:55,2025-01-21 18:12:09
9000003987,1000006959,Correo Argentino,CA653796838AR,DELIVERED,2025-01-17 17:37:15,2025-01-20 18:51:12
9000003988,1000006961,Correo Argentino,CA252708244AR,DELIVERED,2025-01-17 17:51:44,2025-01-23 17:07:19
9000003989,1000006962,Correo Argentino,CA853917687AR,DELIVERED,2025-01-17 18:54:22,2025-01-20 19:19:27
9000003990,1000006963,Correo Argentino,CA826694312AR,DELIVERED,2025-01-17 17:01:47,2025-01-20 10:39:21
9000003991,1000006964,Correo Argentino,CA635993758AR,DELIVERED,2025-01-17 18:33:48,2025-01-22 16:48:22
9000003992,1000006966,Correo Argentino,CA184226911AR,DELIVERED,2025-01-17 17:29:49,2025-01-20 14:36:24
9000003993,1000006967,Correo Argentino,CA161357975AR,DELIVERED,2025-01-17 18:22:46,2025-01-20 16:52:46
9000003994,1000006968,Correo Argentino,CA222756776AR,DELIVERED,2025-01-17 16:04:46,2025-01-20 10:26:25
9000003995,1000006969,Correo Argentino,CA148682122AR,DELIVERED,2025-01-17 16:01:52,2025-01-21 18:43:00
9000003996,1000006970,Correo Argentino,CA953145439AR,DELIVERED,2025-01-17 17:20:22,2025-01-21 13:35:14
9000003997,1000006972,Correo Argentino,CA877300958AR,DELIVERED,2025-01-17 16:47:12,2025-01-22 12:34:36
9000003998,1000006973,Correo Argentino,CA576055934AR,DELIVERED,2025-01-17 18:37:02,2025-01-21 16:27:08
9000003999,1000006976,Correo Argentino,CA102806686AR,DELIVERED,2025-01-20 17:40:18,2025-01-23 19:28:08
9000004000,1000006977,Correo Argentino,CA428116931AR,DELIVERED,2025-01-20 16:54:47,2025-01-23 15:07:27
9000004001,1000006981,Correo Argentino,,CANCELLED,,
9000004002,1000006982,Correo Argentino,CA929002942AR,DELIVERED,2025-01-20 17:29:48,2025-01-23 19:01:33
9000004003,1000006988,Correo Argentino,CA787003184AR,DELIVERED,2025-01-20 18:16:54,2025-01-22 15:32:41
9000004004,1000006989,Correo Argentino,CA612783804AR,DELIVERED,2025-01-20 16:45:17,2025-01-24 17:39:59
9000004005,1000006990,Correo Argentino,CA341055990AR,DELIVERED,2025-01-20 17:45:52,2025-01-22 10:45:23
9000004006,1000006992,Correo Argentino,CA789682263AR,DELIVERED,2025-01-20 16:24:51,2025-01-24 09:41:37
9000004007,1000006997,Correo Argentino,CA587036274AR,DELIVERED,2025-01-20 18:38:13,2025-01-22 10:25:33
9000004008,1000006999,Correo Argentino,CA269367367AR,DELIVERED,2025-01-20 17:58:49,2025-01-21 10:33:19
9000004009,1000007002,Correo Argentino,CA483952456AR,DELIVERED,2025-01-20 16:22:50,2025-01-22 17:47:46
9000004010,1000007008,Correo Argentino,CA168328668AR,DELIVERED,2025-01-20 18:52:07,2025-01-21 18:33:54
9000004011,1000007012,Correo Argentino,CA952003001AR,DELIVERED,2025-01-20 18:57:41,2025-01-21 11:07:55
9000004012,1000007013,Correo Argentino,CA637962351AR,DELIVERED,2025-01-20 17:43:46,2025-01-24 19:39:25
9000004013,1000007014,Correo Argentino,CA735204862AR,DELIVERED,2025-01-20 17:18:23,2025-01-24 16:19:48
9000004014,1000007015,Correo Argentino,CA553385573AR,DELIVERED,2025-01-20 18:47:37,2025-01-23 17:00:53
9000004015,1000007016,Correo Argentino,CA372079442AR,DELIVERED,2025-01-20 18:41:22,2025-01-22 13:06:42
9000004016,1000007018,Correo Argentino,CA818614387AR,DELIVERED,2025-01-20 16:04:53,2025-01-24 09:05:30
9000004017,1000007019,Correo Argentino,CA034198071AR,DELIVERED,2025-01-20 18:21:15,2025-01-23 11:35:10
9000004018,1000007020,Correo Argentino,CA905354597AR,DELIVERED,2025-01-20 18:04:00,2025-01-24 12:41:20
9000004019,1000007022,Correo Argentino,CA709821235AR,DELIVERED,2025-01-20 16:42:49,2025-01-22 15:40:15
9000004020,1000007023,Correo Argentino,CA126396298AR,DELIVERED,2025-01-20 18:55:48,2025-01-24 16:29:07
9000004021,1000007024,Correo Argentino,CA298742657AR,DELIVERED,2025-01-20 18:16:21,2025-01-22 17:06:42
9000004022,1000007025,Correo Argentino,CA320108973AR,DELIVERED,2025-01-20 17:34:53,2025-01-22 17:27:34
9000004023,1000007026,Correo Argentino,CA574850004AR,DELIVERED,2025-01-20 18:08:13,2025-01-23 19:22:48
9000004024,1000007027,Correo Argentino,CA004956529AR,DELIVERED,2025-01-20 18:35:05,2025-01-23 14:24:20
9000004025,1000007028,Correo Argentino,CA525314194AR,DELIVERED,2025-01-21 16:37:39,2025-01-22 12:43:27
9000004026,1000007029,Correo Argentino,CA661679434AR,DELIVERED,2025-01-21 16:58:49,2025-01-23 16:42:33
9000004027,1000007030,Correo Argentino,CA301959564AR,DELIVERED,2025-01-21 18:34:04,2025-01-27 17:39:15
9000004028,1000007031,Correo Argentino,CA635187148AR,DELIVERED,2025-01-21 16:37:44,2025-01-28 18:49:17
9000004029,1000007035,Correo Argentino,CA146966833AR,DELIVERED,2025-01-21 17:38:04,2025-01-22 19:33:27
9000004030,1000007036,Correo Argentino,CA576247648AR,DELIVERED,2025-01-21 18:41:25,2025-01-28 17:26:50
9000004031,1000007038,Correo Argentino,CA130585091AR,DELIVERED,2025-01-21 16:42:02,2025-01-23 15:27:31
9000004032,1000007039,Correo Argentino,CA489745185AR,DELIVERED,2025-01-21 17:23:37,2025-01-23 12:01:26
9000004033,1000007041,Correo Argentino,CA058245472AR,DELIVERED,2025-01-21 17:05:30,2025-01-24 09:42:36
9000004034,1000007043,Correo Argentino,CA655038619AR,DELIVERED,2025-01-21 17:29:05,2025-01-24 19:08:52
9000004035,1000007044,Correo Argentino,CA822066352AR,DELIVERED,2025-01-21 18:35:59,2025-01-22 11:02:55
9000004036,1000007045,Correo Argentino,CA893225959AR,DELIVERED,2025-01-21 16:47:43,2025-01-27 15:12:27
9000004037,1000007046,Correo Argentino,CA158546598AR,DELIVERED,2025-01-24 16:29:51,2025-01-27 15:25:41
9000004038,1000007047,Correo Argentino,CA587765172AR,DELIVERED,2025-01-21 18:52:17,2025-01-27 11:00:28
9000004039,1000007054,Correo Argentino,CA893033288AR,DELIVERED,2025-01-27 18:13:02,2025-01-29 16:41:09
9000004040,1000007056,Correo Argentino,CA855584277AR,DELIVERED,2025-01-22 18:06:36,2025-01-24 17:53:46
9000004041,1000007057,Correo Argentino,CA116122921AR,DELIVERED,2025-01-22 17:36:16,2025-01-28 14:25:18
9000004042,1000007059,Correo Argentino,CA633141747AR,DELIVERED,2025-01-22 17:35:23,2025-01-28 15:31:06
9000004043,1000007061,Correo Argentino,CA514406055AR,DELIVERED,2025-01-22 16:01:40,2025-01-27 17:43:53
9000004044,1000007062,Correo Argentino,CA310909470AR,DELIVERED,2025-01-22 18:40:23,2025-01-24 15:21:26
9000004045,1000007063,Correo Argentino,CA373365027AR,DELIVERED,2025-01-22 17:37:21,2025-01-27 14:11:28
9000004046,1000007064,Correo Argentino,CA321993264AR,DELIVERED,2025-01-22 17:57:37,2025-01-24 17:28:30
9000004047,1000007067,Correo Argentino,CA302179072AR,DELIVERED,2025-01-22 18:02:17,2025-01-24 16:55:18
9000004048,1000007069,Correo Argentino,CA109540544AR,DELIVERED,2025-01-23 16:37:51,2025-01-29 19:54:41
9000004049,1000007070,Correo Argentino,CA149111858AR,DELIVERED,2025-01-23 17:57:40,2025-01-27 17:42:05
9000004050,1000007072,Correo Argentino,CA681715176AR,DELIVERED,2025-01-23 18:16:15,2025-01-28 11:46:22
9000004051,1000007075,Correo Argentino,CA986143371AR,DELIVERED,2025-01-23 16:46:39,2025-01-24 09:39:48
9000004052,1000007078,Correo Argentino,CA983196533AR,DELIVERED,2025-01-23 16:02:47,2025-01-27 11:38:11
9000004053,1000007080,Correo Argentino,CA751017199AR,DELIVERED,2025-01-23 18:30:49,2025-01-29 16:22:12
9000004054,1000007081,Correo Argentino,CA713071467AR,DELIVERED,2025-01-23 18:17:02,2025-01-27 18:27:33
9000004055,1000007083,Correo Argentino,CA703418372AR,DELIVERED,2025-01-23 17:12:53,2025-01-27 09:16:57
9000004056,1000007084,Correo Argentino,CA391060568AR,DELIVERED,2025-01-23 16:19:28,2025-01-28 12:46:48
9000004057,1000007085,Correo Argentino,CA675044263AR,DELIVERED,2025-01-23 17:00:19,2025-01-30 15:03:47
9000004058,1000007086,Correo Argentino,CA135133747AR,DELIVERED,2025-01-23 18:00:28,2025-01-29 11:19:43
9000004059,1000007088,Correo Argentino,CA100832391AR,DELIVERED,2025-01-23 17:15:50,2025-01-27 11:19:22
9000004060,1000007089,Correo Argentino,,CANCELLED,,
9000004061,1000007090,Correo Argentino,CA870246764AR,DELIVERED,2025-01-23 18:44:04,2025-01-27 10:06:16
9000004062,1000007091,Correo Argentino,CA384441695AR,DELIVERED,2025-01-23 16:25:02,2025-01-28 19:35:26
9000004063,1000007092,Correo Argentino,CA030391218AR,DELIVERED,2025-01-23 17:54:18,2025-01-28 13:43:52
9000004064,1000007096,Correo Argentino,CA880647973AR,DELIVERED,2025-01-24 18:21:33,2025-01-30 12:59:27
9000004065,1000007099,Correo Argentino,CA727416998AR,DELIVERED,2025-01-24 16:06:50,2025-01-29 18:14:31
9000004066,1000007100,Correo Argentino,CA589694828AR,DELIVERED,2025-01-24 17:29:59,2025-01-28 19:34:52
9000004067,1000007102,Correo Argentino,CA957217418AR,DELIVERED,2025-01-24 18:42:23,2025-01-29 14:46:29
9000004068,1000007103,Correo Argentino,CA364066469AR,DELIVERED,2025-01-24 17:58:32,2025-01-29 16:00:39
9000004069,1000007104,Correo Argentino,CA959882573AR,DELIVERED,2025-01-24 18:19:08,2025-01-29 11:43:29
9000004070,1000007105,Correo Argentino,CA861541348AR,DELIVERED,2025-01-24 18:00:58,2025-01-31 15:40:05
9000004071,1000007106,Correo Argentino,CA281771467AR,DELIVERED,2025-01-24 17:24:20,2025-01-28 10:26:38
9000004072,1000007107,Correo Argentino,CA339196424AR,DELIVERED,2025-01-24 16:23:40,2025-01-29 13:50:42
9000004073,1000007108,Correo Argentino,CA929240874AR,DELIVERED,2025-01-27 18:54:59,2025-01-30 17:57:28
9000004074,1000007109,Correo Argentino,CA831398904AR,DELIVERED,2025-01-24 18:17:06,2025-01-30 14:52:19
9000004075,1000007110,Correo Argentino,CA813725362AR,DELIVERED,2025-01-24 16:59:12,2025-01-30 14:21:17
9000004076,1000007111,Correo Argentino,CA219766295AR,DELIVERED,2025-01-24 18:14:43,2025-01-28 16:59:11
9000004077,1000007114,Correo Argentino,CA974911470AR,DELIVERED,2025-01-27 16:19:38,2025-01-29 10:55:20
9000004078,1000007115,Correo Argentino,CA195649668AR,DELIVERED,2025-01-27 17:55:54,2025-01-28 17:34:25
9000004079,1000007122,Correo Argentino,CA578980498AR,DELIVERED,2025-01-27 17:23:08,2025-01-31 10:33:58
9000004080,1000007123,Correo Argentino,CA343096589AR,DELIVERED,2025-01-27 17:56:04,2025-01-28 17:49:56
9000004081,1000007128,Correo Argentino,CA691746730AR,DELIVERED,2025-01-27 18:32:19,2025-01-29 17:30:10
9000004082,1000007131,Correo Argentino,CA568146768AR,DELIVERED,2025-01-27 16:45:56,2025-02-03 12:15:49
9000004083,1000007133,Correo Argentino,CA343491610AR,DELIVERED,2025-01-27 18:37:27,2025-01-29 19:35:21
9000004084,1000007134,Correo Argentino,CA763934809AR,DELIVERED,2025-01-27 17:40:09,2025-01-31 12:23:17
9000004085,1000007137,Correo Argentino,CA776716837AR,DELIVERED,2025-01-27 18:18:49,2025-01-29 12:16:51
9000004086,1000007141,Correo Argentino,CA827734869AR,DELIVERED,2025-01-27 16:44:43,2025-01-29 15:17:38
9000004087,1000007142,Correo Argentino,CA565356232AR,DELIVERED,2025-01-27 17:51:39,2025-01-30 09:23:59
9000004088,1000007144,Correo Argentino,CA872817171AR,DELIVERED,2025-01-27 17:52:21,2025-01-31 18:49:17
9000004089,1000007145,Correo Argentino,CA821970262AR,DELIVERED,2025-01-27 16:59:29,2025-01-31 18:41:03
9000004090,1000007146,Correo Argentino,CA951954464AR,DELIVERED,2025-01-27 18:53:46,2025-01-28 13:16:46
9000004091,1000007148,Correo Argentino,CA202421569AR,DELIVERED,2025-01-27 17:48:09,2025-01-31 15:53:27
9000004092,1000007149,Correo Argentino,CA845115127AR,DELIVERED,2025-01-27 18:04:37,2025-01-29 11:16:07
9000004093,1000007150,Correo Argentino,CA977213675AR,DELIVERED,2025-01-27 16:30:28,2025-01-28 16:55:43
9000004094,1000007151,Correo Argentino,CA704486340AR,DELIVERED,2025-01-27 16:45:05,2025-01-29 11:13:41
9000004095,1000007152,Correo Argentino,CA635525190AR,DELIVERED,2025-01-27 16:02:02,2025-01-31 19:53:46
9000004096,1000007153,Correo Argentino,CA768387390AR,DELIVERED,2025-01-27 16:33:13,2025-01-31 18:01:02
9000004097,1000007154,Correo Argentino,CA007358221AR,DELIVERED,2025-01-27 18:24:29,2025-01-29 17:49:12
9000004098,1000007155,Correo Argentino,CA020356575AR,DELIVERED,2025-01-27 16:30:06,2025-01-28 16:22:12
9000004099,1000007156,Correo Argentino,CA655789547AR,DELIVERED,2025-01-27 18:42:11,2025-01-31 10:42:06
9000004100,1000007157,Correo Argentino,CA251525068AR,DELIVERED,2025-01-27 16:08:35,2025-01-29 18:33:14
9000004101,1000007158,Correo Argentino,CA200083900AR,DELIVERED,2025-01-27 16:55:56,2025-01-31 13:11:56
9000004102,1000007159,Correo Argentino,CA734894595AR,DELIVERED,2025-01-27 18:57:43,2025-01-29 12:50:24
9000004103,1000007160,Correo Argentino,CA377358886AR,DELIVERED,2025-01-27 16:35:24,2025-01-29 10:23:50
9000004104,1000007161,Correo Argentino,CA017602534AR,DELIVERED,2025-01-27 17:48:18,2025-01-29 18:47:02
9000004105,1000007163,Correo Argentino,CA609617635AR,DELIVERED,2025-01-27 18:16:31,2025-01-31 09:10:01
9000004106,1000007164,Correo Argentino,CA510532126AR,DELIVERED,2025-01-27 16:59:59,2025-01-31 14:55:31
9000004107,1000007165,Correo Argentino,CA630511172AR,DELIVERED,2025-01-27 18:17:10,2025-01-29 10:32:45
9000004108,1000007166,Correo Argentino,CA813669675AR,DELIVERED,2025-01-27 16:42:01,2025-01-30 19:27:53
9000004109,1000007167,Correo Argentino,CA891826652AR,DELIVERED,2025-01-27 18:45:11,2025-01-30 18:36:30
9000004110,1000007168,Correo Argentino,CA336912036AR,DELIVERED,2025-01-27 17:14:21,2025-01-28 12:23:21
9000004111,1000007169,Correo Argentino,CA486521474AR,DELIVERED,2025-01-27 18:33:48,2025-01-29 14:25:47
9000004112,1000007171,Correo Argentino,CA854605600AR,DELIVERED,2025-01-27 16:17:04,2025-01-29 17:33:15
9000004113,1000007172,Correo Argentino,CA633621604AR,DELIVERED,2025-01-29 16:07:57,2025-01-30 10:41:58
9000004114,1000007173,Correo Argentino,CA664447099AR,DELIVERED,2025-01-27 18:47:20,2025-02-03 13:09:13
9000004115,1000007176,Correo Argentino,CA790538884AR,DELIVERED,2025-01-28 16:30:08,2025-01-30 11:53:40
9000004116,1000007177,Correo Argentino,CA954554722AR,DELIVERED,2025-01-28 17:36:35,2025-01-30 18:44:52
9000004117,1000007179,Correo Argentino,CA121532741AR,DELIVERED,2025-01-28 16:51:43,2025-01-30 18:10:24
9000004118,1000007181,Correo Argentino,CA861129448AR,DELIVERED,2025-01-28 17:51:54,2025-01-30 10:48:42
9000004119,1000007182,Correo Argentino,CA657955769AR,DELIVERED,2025-01-28 16:26:59,2025-02-03 18:42:49
9000004120,1000007183,Correo Argentino,CA318742233AR,DELIVERED,2025-01-28 17:26:36,2025-02-03 10:03:45
9000004121,1000007185,Correo Argentino,CA635526634AR,DELIVERED,2025-01-28 16:12:13,2025-01-30 19:08:20
9000004122,1000007190,Correo Argentino,CA593685456AR,DELIVERED,2025-01-28 16:11:39,2025-01-31 13:18:18
9000004123,1000007191,Correo Argentino,CA630404797AR,DELIVERED,2025-01-28 17:23:16,2025-01-29 15:17:06
9000004124,1000007192,Correo Argentino,CA813560376AR,DELIVERED,2025-01-28 18:13:02,2025-02-03 16:19:46
9000004125,1000007194,Correo Argentino,CA483922233AR,DELIVERED,2025-01-28 17:42:27,2025-01-31 11:41:09
9000004126,1000007195,Correo Argentino,CA805596670AR,DELIVERED,2025-01-28 16:57:31,2025-01-31 19:40:52
9000004127,1000007196,Correo Argentino,CA530533221AR,DELIVERED,2025-01-28 17:28:21,2025-01-31 10:54:19
9000004128,1000007198,Correo Argentino,CA846482712AR,DELIVERED,2025-01-29 16:39:19,2025-02-04 14:45:33
9000004129,1000007200,Correo Argentino,CA531799609AR,DELIVERED,2025-01-29 16:17:07,2025-02-03 15:26:59
9000004130,1000007201,Correo Argentino,CA612892081AR,DELIVERED,2025-01-29 17:32:39,2025-01-30 14:01:53
9000004131,1000007204,Correo Argentino,CA227939370AR,DELIVERED,2025-01-29 17:34:17,2025-02-04 19:11:37
9000004132,1000007206,Correo Argentino,CA258440649AR,DELIVERED,2025-01-29 17:38:50,2025-01-31 09:19:55
9000004133,1000007207,Correo Argentino,CA334898141AR,DELIVERED,2025-01-29 17:45:25,2025-02-05 18:48:47
9000004134,1000007208,Correo Argentino,CA663608621AR,DELIVERED,2025-01-29 16:39:11,2025-02-03 09:46:37
9000004135,1000007209,Correo Argentino,CA726013199AR,DELIVERED,2025-01-29 17:27:43,2025-01-31 11:48:35
9000004136,1000007210,Correo Argentino,CA308487681AR,DELIVERED,2025-01-29 18:52:31,2025-01-30 14:24:46
9000004137,1000007211,Correo Argentino,CA445537145AR,DELIVERED,2025-01-29 18:46:47,2025-01-31 11:03:02
9000004138,1000007212,Correo Argentino,CA400111548AR,DELIVERED,2025-01-29 18:57:56,2025-02-03 09:44:41
9000004139,1000007214,Correo Argentino,CA509579850AR,DELIVERED,2025-01-29 17:27:17,2025-02-03 19:52:32
9000004140,1000007215,Correo Argentino,CA875079118AR,DELIVERED,2025-01-29 18:46:58,2025-01-31 15:35:03
9000004141,1000007219,Correo Argentino,CA674501737AR,DELIVERED,2025-01-30 18:54:14,2025-02-04 12:02:11
9000004142,1000007220,Correo Argentino,CA569218223AR,DELIVERED,2025-01-30 17:07:55,2025-02-03 17:50:09
9000004143,1000007222,Correo Argentino,CA662707390AR,DELIVERED,2025-01-30 17:58:28,2025-01-31 18:29:27
9000004144,1000007225,Correo Argentino,CA706192014AR,DELIVERED,2025-01-30 18:13:11,2025-02-03 18:02:14
9000004145,1000007227,Correo Argentino,CA054008334AR,DELIVERED,2025-01-30 17:25:26,2025-02-05 11:38:55
9000004146,1000007230,Correo Argentino,CA842869058AR,DELIVERED,2025-01-30 17:33:13,2025-01-31 16:22:34
9000004147,1000007231,Correo Argentino,CA853746125AR,DELIVERED,2025-01-30 17:15:53,2025-02-06 19:04:22
9000004148,1000007232,Correo Argentino,CA405877170AR,DELIVERED,2025-01-30 16:21:32,2025-02-03 13:32:06
9000004149,1000007233,Correo Argentino,CA153688843AR,DELIVERED,2025-01-30 18:08:51,2025-02-04 10:15:24
9000004150,1000007238,Correo Argentino,CA544569968AR,DELIVERED,2025-01-31 16:59:18,2025-02-05 18:20:40
9000004151,1000007242,Correo Argentino,CA640116815AR,DELIVERED,2025-01-31 18:57:31,2025-02-04 17:48:54
9000004152,1000007245,Correo Argentino,CA938152549AR,DELIVERED,2025-01-31 17:06:49,2025-02-04 11:23:29
9000004153,1000007247,Correo Argentino,CA915912094AR,DELIVERED,2025-01-31 18:15:04,2025-02-06 13:12:00
9000004154,1000007248,Correo Argentino,CA245001894AR,DELIVERED,2025-01-31 18:56:53,2025-02-05 11:44:44
9000004155,1000007249,Correo Argentino,CA083820566AR,DELIVERED,2025-01-31 17:19:55,2025-02-05 17:08:13
9000004156,1000007250,Correo Argentino,CA855755851AR,DELIVERED,2025-01-31 17:05:16,2025-02-03 16:02:52
9000004157,1000007251,Correo Argentino,CA772437471AR,DELIVERED,2025-01-31 18:14:37,2025-02-04 18:42:28
9000004158,1000007255,Correo Argentino,CA787602006AR,DELIVERED,2025-01-31 16:16:39,2025-02-04 16:28:37
9000004159,1000007256,Correo Argentino,CA488620003AR,DELIVERED,2025-01-31 18:39:34,2025-02-06 16:21:53
9000004160,1000007257,Correo Argentino,CA049623402AR,DELIVERED,2025-02-03 18:25:58,2025-02-06 09:48:08
9000004161,1000007261,Correo Argentino,CA911008978AR,DELIVERED,2025-01-31 16:23:01,2025-02-04 17:32:07
9000004162,1000007262,Correo Argentino,CA734916252AR,DELIVERED,2025-01-31 18:02:54,2025-02-03 18:21:22
9000004163,1000007271,Correo Argentino,CA693058637AR,DELIVERED,2025-02-03 17:57:25,2025-02-05 11:17:30
9000004164,1000007273,Correo Argentino,CA617453959AR,DELIVERED,2025-02-03 17:46:48,2025-02-04 14:31:25
9000004165,1000007276,Correo Argentino,CA947526611AR,DELIVERED,2025-02-03 17:36:26,2025-02-05 12:32:05
9000004166,1000007284,Correo Argentino,CA072260846AR,DELIVERED,2025-02-03 16:05:57,2025-02-06 16:34:53
9000004167,1000007286,Correo Argentino,CA560621902AR,DELIVERED,2025-02-03 16:05:38,2025-02-07 15:16:00
9000004168,1000007289,Correo Argentino,CA417808299AR,DELIVERED,2025-02-03 18:57:28,2025-02-04 14:01:15
9000004169,1000007293,Correo Argentino,CA520420739AR,DELIVERED,2025-02-03 16:44:42,2025-02-06 12:59:20
9000004170,1000007296,Correo Argentino,CA177189118AR,DELIVERED,2025-02-03 18:17:08,2025-02-05 19:20:20
9000004171,1000007297,Correo Argentino,CA521998741AR,DELIVERED,2025-02-03 16:58:47,2025-02-07 14:25:24
9000004172,1000007298,Correo Argentino,CA109153424AR,DELIVERED,2025-02-03 16:38:57,2025-02-07 13:18:41
9000004173,1000007300,Correo Argentino,CA724706633AR,DELIVERED,2025-02-03 17:03:52,2025-02-05 14:29:15
9000004174,1000007306,Correo Argentino,CA050230258AR,DELIVERED,2025-02-03 16:56:14,2025-02-07 11:11:23
9000004175,1000007307,Correo Argentino,CA307379179AR,DELIVERED,2025-02-03 17:12:55,2025-02-04 19:38:03
9000004176,1000007308,Correo Argentino,CA459760246AR,DELIVERED,2025-02-03 16:01:39,2025-02-06 16:41:17
9000004177,1000007309,Correo Argentino,CA063696903AR,DELIVERED,2025-02-03 18:06:52,2025-02-06 13:16:12
9000004178,1000007310,Correo Argentino,CA219609049AR,DELIVERED,2025-02-03 16:57:09,2025-02-07 16:12:45
9000004179,1000007311,Correo Argentino,CA575399955AR,DELIVERED,2025-02-03 16:21:24,2025-02-07 13:39:10
9000004180,1000007312,Correo Argentino,CA452239163AR,DELIVERED,2025-02-03 17:42:35,2025-02-05 10:24:33
9000004181,1000007313,Correo Argentino,CA183537560AR,DELIVERED,2025-02-03 18:16:32,2025-02-06 12:24:02
9000004182,1000007314,Correo Argentino,CA593950035AR,DELIVERED,2025-02-03 18:48:27,2025-02-06 19:42:29
9000004183,1000007315,Correo Argentino,CA274870559AR,DELIVERED,2025-02-03 18:43:53,2025-02-04 12:33:14
9000004184,1000007316,Correo Argentino,CA694951109AR,DELIVERED,2025-02-03 17:59:41,2025-02-04 11:04:47
9000004185,1000007317,Correo Argentino,CA105801771AR,DELIVERED,2025-02-03 18:11:37,2025-02-05 14:35:45
9000004186,1000007318,Correo Argentino,CA436169875AR,DELIVERED,2025-02-03 16:40:26,2025-02-05 13:33:01
9000004187,1000007319,Correo Argentino,CA684515907AR,DELIVERED,2025-02-03 16:29:08,2025-02-05 18:26:32
9000004188,1000007320,Correo Argentino,CA635291283AR,DELIVERED,2025-02-03 18:47:13,2025-02-04 17:13:51
9000004189,1000007321,Correo Argentino,CA119149443AR,DELIVERED,2025-02-03 17:59:21,2025-02-06 15:47:03
9000004190,1000007324,Correo Argentino,CA559522773AR,DELIVERED,2025-02-03 16:55:07,2025-02-07 11:47:43
9000004191,1000007325,Correo Argentino,CA306868928AR,DELIVERED,2025-02-04 17:15:10,2025-02-10 16:42:55
9000004192,1000007327,Correo Argentino,CA601964160AR,DELIVERED,2025-02-04 16:55:43,2025-02-05 17:27:08
9000004193,1000007328,Correo Argentino,CA710429011AR,DELIVERED,2025-02-04 18:49:18,2025-02-06 19:55:39
9000004194,1000007334,Correo Argentino,CA462950816AR,DELIVERED,2025-02-04 17:28:46,2025-02-05 09:32:58
9000004195,1000007335,Correo Argentino,CA393239964AR,DELIVERED,2025-02-04 18:34:51,2025-02-10 14:42:15
9000004196,1000007337,Correo Argentino,CA696044593AR,DELIVERED,2025-02-04 17:34:25,2025-02-07 11:12:51
9000004197,1000007338,Correo Argentino,CA343356488AR,DELIVERED,2025-02-04 18:47:31,2025-02-05 13:44:10
9000004198,1000007339,Correo Argentino,CA202881224AR,DELIVERED,2025-02-04 16:03:32,2025-02-10 17:15:14
9000004199,1000007342,Correo Argentino,CA929956877AR,DELIVERED,2025-02-04 17:34:22,2025-02-06 12:57:07
9000004200,1000007344,Correo Argentino,CA608773138AR,DELIVERED,2025-02-05 18:37:35,2025-02-11 11:48:04
9000004201,1000007346,Correo Argentino,CA605715697AR,DELIVERED,2025-02-05 18:00:19,2025-02-11 17:55:24
9000004202,1000007347,Correo Argentino,CA513703800AR,DELIVERED,2025-02-05 16:44:58,2025-02-06 13:02:42
9000004203,1000007349,Correo Argentino,CA779015879AR,DELIVERED,2025-02-05 17:09:50,2025-02-07 09:32:24
9000004204,1000007354,Correo Argentino,CA041681680AR,DELIVERED,2025-02-05 17:50:03,2025-02-07 09:35:48
9000004205,1000007357,Correo Argentino,CA723347682AR,DELIVERED,2025-02-05 17:58:43,2025-02-06 14:56:38
9000004206,1000007358,Correo Argentino,CA254140319AR,DELIVERED,2025-02-05 17:58:20,2025-02-11 12:58:02
9000004207,1000007359,Correo Argentino,CA234899587AR,DELIVERED,2025-02-06 16:33:37,2025-02-12 11:14:31
9000004208,1000007361,Correo Argentino,CA636650785AR,DELIVERED,2025-02-05 16:29:44,2025-02-07 15:55:59
9000004209,1000007364,Correo Argentino,CA001234022AR,DELIVERED,2025-02-05 18:19:44,2025-02-10 09:57:09
9000004210,1000007367,Correo Argentino,CA192250519AR,DELIVERED,2025-02-06 18:40:09,2025-02-12 11:21:50
9000004211,1000007368,Correo Argentino,CA320334633AR,DELIVERED,2025-02-06 18:29:23,2025-02-12 09:48:28
9000004212,1000007370,Correo Argentino,CA975486807AR,DELIVERED,2025-02-06 17:11:33,2025-02-11 19:20:06
9000004213,1000007373,Correo Argentino,CA596568408AR,DELIVERED,2025-02-06 16:54:20,2025-02-10 19:59:17
9000004214,1000007375,Correo Argentino,CA478434516AR,DELIVERED,2025-02-06 18:19:25,2025-02-11 12:07:22
9000004215,1000007376,Correo Argentino,CA998219872AR,DELIVERED,2025-02-07 16:26:38,2025-02-11 09:20:47
9000004216,1000007384,Correo Argentino,CA903756444AR,DELIVERED,2025-02-07 16:58:46,2025-02-12 18:20:40
9000004217,1000007385,Correo Argentino,CA682281152AR,DELIVERED,2025-02-07 17:00:38,2025-02-13 12:36:46
9000004218,1000007387,Correo Argentino,CA836854496AR,DELIVERED,2025-02-07 18:42:57,2025-02-11 10:58:56
9000004219,1000007389,Correo Argentino,CA314539995AR,DELIVERED,2025-02-07 16:51:39,2025-02-12 12:13:32
9000004220,1000007392,Correo Argentino,CA524673004AR,DELIVERED,2025-02-07 17:50:35,2025-02-11 15:59:10
9000004221,1000007393,Correo Argentino,CA636336935AR,DELIVERED,2025-02-10 18:03:15,2025-02-12 09:21:02
9000004222,1000007396,Correo Argentino,CA508217738AR,DELIVERED,2025-02-07 18:16:27,2025-02-11 19:02:14
9000004223,1000007398,Correo Argentino,CA894237088AR,DELIVERED,2025-02-07 16:23:00,2025-02-10 09:51:25
9000004224,1000007401,Correo Argentino,CA004535604AR,DELIVERED,2025-02-07 17:30:48,2025-02-10 18:32:02
9000004225,1000007402,Correo Argentino,CA507739760AR,DELIVERED,2025-02-07 16:01:56,2025-02-11 17:18:26
9000004226,1000007403,Correo Argentino,CA744453111AR,DELIVERED,2025-02-07 18:39:41,2025-02-11 19:50:21
9000004227,1000007404,Correo Argentino,CA097687897AR,DELIVERED,2025-02-07 17:19:19,2025-02-11 18:30:15
9000004228,1000007405,Correo Argentino,CA248511006AR,DELIVERED,2025-02-07 17:30:29,2025-02-12 17:16:24
9000004229,1000007406,Correo Argentino,CA106633618AR,DELIVERED,2025-02-07 16:37:55,2025-02-13 15:00:31
9000004230,1000007407,Correo Argentino,CA517597248AR,DELIVERED,2025-02-07 16:02:44,2025-02-11 19:49:18
9000004231,1000007412,Correo Argentino,CA426655834AR,DELIVERED,2025-02-07 17:31:14,2025-02-11 13:24:35
9000004232,1000007413,Correo Argentino,CA817873981AR,DELIVERED,2025-02-07 17:03:18,2025-02-12 19:07:50
9000004233,1000007415,Correo Argentino,CA451275062AR,DELIVERED,2025-02-10 17:55:41,2025-02-13 11:08:28
9000004234,1000007416,Correo Argentino,CA887696844AR,DELIVERED,2025-02-10 16:21:05,2025-02-12 12:29:30
9000004235,1000007419,Correo Argentino,CA513716409AR,DELIVERED,2025-02-10 18:30:29,2025-02-12 18:15:56
9000004236,1000007423,Correo Argentino,CA880916543AR,DELIVERED,2025-02-10 17:15:31,2025-02-17 15:54:05
9000004237,1000007426,Correo Argentino,CA383492890AR,DELIVERED,2025-02-10 17:22:32,2025-02-14 09:09:52
9000004238,1000007427,Correo Argentino,CA447086306AR,DELIVERED,2025-02-10 18:19:23,2025-02-12 16:26:30
9000004239,1000007428,Correo Argentino,CA704822866AR,DELIVERED,2025-02-10 18:12:00,2025-02-12 14:20:35
9000004240,1000007429,Correo Argentino,CA209273566AR,DELIVERED,2025-02-10 18:10:21,2025-02-14 17:39:10
9000004241,1000007430,Correo Argentino,CA321392940AR,DELIVERED,2025-02-10 18:10:36,2025-02-13 10:25:20
9000004242,1000007436,Correo Argentino,CA197650027AR,DELIVERED,2025-02-10 18:33:14,2025-02-12 15:17:45
9000004243,1000007437,Correo Argentino,CA698985888AR,DELIVERED,2025-02-10 18:54:17,2025-02-11 18:59:45
9000004244,1000007439,Correo Argentino,CA497826876AR,DELIVERED,2025-02-10 16:42:51,2025-02-17 10:55:02
9000004245,1000007448,Correo Argentino,CA850769233AR,DELIVERED,2025-02-10 18:17:29,2025-02-14 14:55:46
9000004246,1000007449,Correo Argentino,CA962695897AR,DELIVERED,2025-02-10 16:12:04,2025-02-11 09:42:26
9000004247,1000007450,Correo Argentino,CA687805726AR,DELIVERED,2025-02-10 16:51:21,2025-02-13 15:59:03
9000004248,1000007451,Correo Argentino,CA372350412AR,DELIVERED,2025-02-10 18:38:51,2025-02-14 15:28:46
9000004249,1000007452,Correo Argentino,CA659286238AR,DELIVERED,2025-02-10 18:42:27,2025-02-12 09:54:45
9000004250,1000007453,Correo Argentino,CA286042595AR,DELIVERED,2025-02-10 17:07:24,2025-02-12 10:32:07
9000004251,1000007454,Correo Argentino,CA976186356AR,DELIVERED,2025-02-10 17:50:51,2025-02-11 17:49:12
9000004252,1000007455,Correo Argentino,CA722670046AR,DELIVERED,2025-02-10 16:35:14,2025-02-14 10:27:14
9000004253,1000007456,Correo Argentino,CA270474170AR,DELIVERED,2025-02-10 16:45:09,2025-02-12 09:43:20
9000004254,1000007457,Correo Argentino,CA550274998AR,DELIVERED,2025-02-11 17:06:31,2025-02-13 09:00:06
9000004255,1000007458,Correo Argentino,CA280024609AR,DELIVERED,2025-02-10 18:19:53,2025-02-14 14:17:19
9000004256,1000007459,Correo Argentino,CA627904950AR,DELIVERED,2025-02-10 17:04:24,2025-02-14 09:06:03
9000004257,1000007460,Correo Argentino,CA657921343AR,DELIVERED,2025-02-10 17:13:23,2025-02-12 12:33:14
9000004258,1000007461,Correo Argentino,CA489011149AR,DELIVERED,2025-02-10 18:09:40,2025-02-12 15:55:02
9000004259,1000007462,Correo Argentino,CA338618512AR,DELIVERED,2025-02-11 18:40:29,2025-02-13 15:42:50
9000004260,1000007463,Correo Argentino,CA854353699AR,DELIVERED,2025-02-10 16:41:34,2025-02-14 15:45:17
9000004261,1000007464,Correo Argentino,CA412948266AR,DELIVERED,2025-02-10 16:55:26,2025-02-13 18:43:38
9000004262,1000007465,Correo Argentino,CA877624926AR,DELIVERED,2025-02-10 16:37:58,2025-02-13 13:22:41
9000004263,1000007466,Correo Argentino,CA733379147AR,DELIVERED,2025-02-10 17:43:32,2025-02-11 18:59:42
9000004264,1000007467,Correo Argentino,CA226588286AR,DELIVERED,2025-02-10 18:17:36,2025-02-11 15:25:22
9000004265,1000007473,Correo Argentino,CA758972083AR,DELIVERED,2025-02-11 16:39:27,2025-02-17 16:37:53
9000004266,1000007475,Correo Argentino,CA831578202AR,DELIVERED,2025-02-11 18:06:52,2025-02-13 12:51:27
9000004267,1000007476,Correo Argentino,CA837215349AR,DELIVERED,2025-02-11 17:05:33,2025-02-13 10:31:00
9000004268,1000007477,Correo Argentino,CA237383679AR,DELIVERED,2025-02-11 16:32:42,2025-02-13 12:09:24
9000004269,1000007480,Correo Argentino,CA499604372AR,DELIVERED,2025-02-11 18:07:15,2025-02-17 10:38:22
9000004270,1000007482,Correo Argentino,CA568937286AR,DELIVERED,2025-02-11 18:00:34,2025-02-17 11:43:30
9000004271,1000007483,Correo Argentino,CA011173240AR,DELIVERED,2025-02-11 17:16:48,2025-02-13 10:25:29
9000004272,1000007484,Correo Argentino,CA087249537AR,DELIVERED,2025-02-11 18:49:57,2025-02-13 14:37:31
9000004273,1000007485,Correo Argentino,CA523586351AR,DELIVERED,2025-02-11 18:45:20,2025-02-12 13:17:06
9000004274,1000007486,Correo Argentino,CA256345469AR,DELIVERED,2025-02-11 18:21:04,2025-02-18 19:50:13
9000004275,1000007488,Correo Argentino,CA740827164AR,DELIVERED,2025-02-11 18:06:41,2025-02-18 16:54:56
9000004276,1000007491,Correo Argentino,CA298356186AR,DELIVERED,2025-02-11 17:05:49,2025-02-17 09:29:33
9000004277,1000007492,Correo Argentino,CA970289736AR,DELIVERED,2025-02-12 17:47:11,2025-02-14 11:10:43
9000004278,1000007493,Correo Argentino,CA196622349AR,DELIVERED,2025-02-13 18:51:19,2025-02-20 10:25:30
9000004279,1000007495,Correo Argentino,CA692997684AR,DELIVERED,2025-02-12 18:48:01,2025-02-18 11:29:40
9000004280,1000007503,Correo Argentino,CA617859532AR,DELIVERED,2025-02-12 16:48:40,2025-02-17 19:58:46
9000004281,1000007504,Correo Argentino,CA140565144AR,DELIVERED,2025-02-12 16:03:38,2025-02-14 11:45:16
9000004282,1000007506,Correo Argentino,CA361883536AR,DELIVERED,2025-02-12 17:29:29,2025-02-14 13:14:20
9000004283,1000007508,Correo Argentino,CA443734746AR,DELIVERED,2025-02-12 16:39:29,2025-02-17 10:31:54
9000004284,1000007509,Correo Argentino,CA956156864AR,DELIVERED,2025-02-12 16:02:17,2025-02-13 14:10:50
9000004285,1000007511,Correo Argentino,CA067131813AR,DELIVERED,2025-02-12 18:26:12,2025-02-13 11:08:02
9000004286,1000007512,Correo Argentino,CA370414006AR,DELIVERED,2025-02-12 16:43:57,2025-02-14 11:33:50
9000004287,1000007513,Correo Argentino,CA453811423AR,DELIVERED,2025-02-12 16:38:47,2025-02-17 16:41:38
9000004288,1000007514,Correo Argentino,CA685002075AR,DELIVERED,2025-02-12 17:04:18,2025-02-18 12:27:47
9000004289,1000007515,Correo Argentino,CA577673585AR,DELIVERED,2025-02-12 16:26:52,2025-02-18 16:43:51
9000004290,1000007525,Correo Argentino,CA289180444AR,DELIVERED,2025-02-13 18:08:06,2025-02-18 17:32:08
9000004291,1000007526,Correo Argentino,CA913431751AR,DELIVERED,2025-02-13 16:39:50,2025-02-17 09:54:52
9000004292,1000007527,Correo Argentino,CA939877132AR,DELIVERED,2025-02-13 16:34:02,2025-02-19 16:21:24
9000004293,1000007530,Correo Argentino,CA673015332AR,DELIVERED,2025-02-13 18:52:59,2025-02-18 18:33:04
9000004294,1000007531,Correo Argentino,CA138062721AR,DELIVERED,2025-02-13 18:35:46,2025-02-18 11:52:50
9000004295,1000007532,Correo Argentino,CA188698790AR,DELIVERED,2025-02-13 17:56:50,2025-02-18 12:57:02
9000004296,1000007533,Correo Argentino,CA773127511AR,DELIVERED,2025-02-13 18:52:54,2025-02-18 16:26:13
9000004297,1000007534,Correo Argentino,CA748602281AR,DELIVERED,2025-02-13 18:00:17,2025-02-17 18:05:46
9000004298,1000007535,Correo Argentino,CA191823484AR,DELIVERED,2025-02-13 17:26:05,2025-02-17 17:27:59
9000004299,1000007536,Correo Argentino,CA586733579AR,DELIVERED,2025-02-13 18:38:37,2025-02-14 14:38:49
9000004300,1000007538,Correo Argentino,CA294653408AR,DELIVERED,2025-02-13 17:11:09,2025-02-14 13:31:32
9000004301,1000007539,Correo Argentino,CA514925423AR,DELIVERED,2025-02-13 18:32:21,2025-02-17 15:48:54
9000004302,1000007542,Correo Argentino,CA718739390AR,DELIVERED,2025-02-14 18:21:09,2025-02-20 12:39:20
9000004303,1000007544,Correo Argentino,CA155562440AR,DELIVERED,2025-02-14 17:24:27,2025-02-19 15:05:30
9000004304,1000007546,Correo Argentino,CA233448961AR,DELIVERED,2025-02-14 16:22:04,2025-02-18 18:04:38
9000004305,1000007548,Correo Argentino,CA185022448AR,DELIVERED,2025-02-14 17:30:16,2025-02-17 15:22:34
9000004306,1000007549,Correo Argentino,CA450344574AR,DELIVERED,2025-02-14 16:57:03,2025-02-18 17:50:11
9000004307,1000007551,Correo Argentino,CA439072185AR,DELIVERED,2025-02-14 17:03:43,2025-02-18 18:46:50
9000004308,1000007552,Correo Argentino,CA437932331AR,DELIVERED,2025-02-14 18:55:35,2025-02-18 10:38:14
9000004309,1000007553,Correo Argentino,CA833281969AR,DELIVERED,2025-02-14 18:32:16,2025-02-20 18:26:39
9000004310,1000007554,Correo Argentino,CA144331249AR,DELIVERED,2025-02-14 17:40:27,2025-02-17 16:53:50
9000004311,1000007555,Correo Argentino,CA176808082AR,DELIVERED,2025-02-14 18:07:18,2025-02-17 15:22:56
9000004312,1000007556,Correo Argentino,CA590893649AR,DELIVERED,2025-02-14 17:10:59,2025-02-19 17:54:26
9000004313,1000007557,Correo Argentino,CA883899834AR,DELIVERED,2025-02-14 17:49:50,2025-02-19 19:29:24
9000004314,1000007558,Correo Argentino,CA229247874AR,DELIVERED,2025-02-14 16:55:44,2025-02-18 17:45:49
9000004315,1000007559,Correo Argentino,CA342548941AR,DELIVERED,2025-02-14 17:18:38,2025-02-18 18:49:08
9000004316,1000007563,Correo Argentino,CA101283419AR,DELIVERED,2025-02-17 17:13:10,2025-02-24 18:54:24
9000004317,1000007564,Correo Argentino,CA344069221AR,DELIVERED,2025-02-17 16:58:51,2025-02-19 16:13:22
9000004318,1000007565,Correo Argentino,CA242544387AR,DELIVERED,2025-02-17 17:17:46,2025-02-20 12:13:53
9000004319,1000007567,Correo Argentino,CA155567139AR,DELIVERED,2025-02-17 18:12:23,2025-02-20 18:07:08
9000004320,1000007571,Correo Argentino,CA133719424AR,DELIVERED,2025-02-17 17:17:01,2025-02-18 16:32:57
9000004321,1000007572,Correo Argentino,CA535228497AR,DELIVERED,2025-02-17 18:51:58,2025-02-20 09:54:46
9000004322,1000007573,Correo Argentino,CA668230253AR,DELIVERED,2025-02-17 18:33:57,2025-02-19 18:31:16
9000004323,1000007574,Correo Argentino,CA405439256AR,DELIVERED,2025-02-17 17:56:04,2025-02-21 17:53:18
9000004324,1000007575,Correo Argentino,CA130842177AR,DELIVERED,2025-02-17 16:51:23,2025-02-19 09:35:45
9000004325,1000007579,Correo Argentino,CA595655922AR,DELIVERED,2025-02-17 18:31:26,2025-02-21 11:57:23
9000004326,1000007580,Correo Argentino,CA620783196AR,DELIVERED,2025-02-17 18:30:10,2025-02-19 11:49:17
9000004327,1000007582,Correo Argentino,CA277824594AR,DELIVERED,2025-02-17 18:43:08,2025-02-19 19:50:14
9000004328,1000007583,Correo Argentino,CA337978855AR,DELIVERED,2025-02-17 18:50:38,2025-02-19 17:08:20
9000004329,1000007584,Correo Argentino,CA313103312AR,DELIVERED,2025-02-17 18:52:33,2025-02-20 13:29:39
9000004330,1000007591,Correo Argentino,CA365863980AR,DELIVERED,2025-02-17 17:42:24,2025-02-19 14:01:23
9000004331,1000007595,Correo Argentino,CA944094434AR,DELIVERED,2025-02-17 17:20:17,2025-02-19 14:56:34
9000004332,1000007606,Correo Argentino,CA325727960AR,DELIVERED,2025-02-17 17:28:48,2025-02-19 17:40:50
9000004333,1000007610,Correo Argentino,CA084325940AR,DELIVERED,2025-02-17 17:44:39,2025-02-18 16:22:10
9000004334,1000007613,Correo Argentino,CA087599274AR,DELIVERED,2025-02-17 17:14:42,2025-02-21 18:13:42
9000004335,1000007614,Correo Argentino,CA790169946AR,DELIVERED,2025-02-17 17:40:30,2025-02-18 14:49:27
9000004336,1000007615,Correo Argentino,CA577153275AR,DELIVERED,2025-02-17 16:17:26,2025-02-18 16:54:02
9000004337,1000007616,Correo Argentino,CA544079788AR,DELIVERED,2025-02-17 16:51:49,2025-02-19 17:16:29
9000004338,1000007617,Correo Argentino,CA841100943AR,DELIVERED,2025-02-17 17:34:11,2025-02-18 15:26:27
9000004339,1000007618,Correo Argentino,CA046086392AR,DELIVERED,2025-02-17 18:40:57,2025-02-19 11:46:13
9000004340,1000007619,Correo Argentino,CA227807047AR,DELIVERED,2025-02-17 16:39:42,2025-02-19 17:48:02
9000004341,1000007620,Correo Argentino,CA883253803AR,DELIVERED,2025-02-17 18:54:33,2025-02-21 12:22:44
9000004342,1000007621,Correo Argentino,CA760259344AR,DELIVERED,2025-02-17 17:40:56,2025-02-19 16:19:29
9000004343,1000007622,Correo Argentino,CA946857162AR,DELIVERED,2025-02-17 17:09:02,2025-02-18 10:10:09
9000004344,1000007623,Correo Argentino,CA639833036AR,DELIVERED,2025-02-17 18:29:54,2025-02-24 14:03:41
9000004345,1000007624,Correo Argentino,CA535082641AR,DELIVERED,2025-02-17 17:38:13,2025-02-20 11:14:17
9000004346,1000007625,Correo Argentino,CA268777771AR,DELIVERED,2025-02-17 17:28:52,2025-02-21 15:03:41
9000004347,1000007628,Correo Argentino,CA291382772AR,DELIVERED,2025-02-17 16:38:15,2025-02-20 15:21:28
9000004348,1000007629,Correo Argentino,CA004613131AR,DELIVERED,2025-02-17 18:17:22,2025-02-18 09:50:11
9000004349,1000007630,Correo Argentino,CA369690558AR,DELIVERED,2025-02-17 16:12:45,2025-02-20 15:55:05
9000004350,1000007631,Correo Argentino,CA958790668AR,DELIVERED,2025-02-17 16:13:23,2025-02-20 19:11:21
9000004351,1000007632,Correo Argentino,CA271866744AR,DELIVERED,2025-02-17 16:47:45,2025-02-18 17:40:07
9000004352,1000007633,Correo Argentino,CA852756153AR,DELIVERED,2025-02-17 16:27:31,2025-02-21 15:20:24
9000004353,1000007634,Correo Argentino,CA017989283AR,DELIVERED,2025-02-17 16:55:03,2025-02-19 09:19:51
9000004354,1000007635,Correo Argentino,CA356952383AR,DELIVERED,2025-02-17 18:23:03,2025-02-19 16:56:45
9000004355,1000007636,Correo Argentino,CA151565086AR,DELIVERED,2025-02-17 16:10:18,2025-02-19 19:37:14
9000004356,1000007637,Correo Argentino,CA577626068AR,DELIVERED,2025-02-17 17:33:54,2025-02-18 11:52:13
9000004357,1000007640,Correo Argentino,CA088498977AR,DELIVERED,2025-02-17 18:56:47,2025-02-19 09:41:46
9000004358,1000007641,Correo Argentino,CA944612564AR,DELIVERED,2025-02-17 18:45:55,2025-02-21 11:47:18
9000004359,1000007642,Correo Argentino,CA752419422AR,DELIVERED,2025-02-17 16:31:50,2025-02-19 16:22:33
9000004360,1000007643,Correo Argentino,CA407172479AR,DELIVERED,2025-02-17 16:25:56,2025-02-20 17:10:02
9000004361,1000007644,Correo Argentino,CA189062965AR,DELIVERED,2025-02-17 16:33:29,2025-02-21 19:06:02
9000004362,1000007646,Correo Argentino,CA829633372AR,DELIVERED,2025-02-17 17:31:22,2025-02-21 17:13:07
9000004363,1000007648,Correo Argentino,CA914824061AR,DELIVERED,2025-02-17 16:00:08,2025-02-19 12:59:33
9000004364,1000007649,Correo Argentino,CA233386345AR,DELIVERED,2025-02-18 16:26:53,2025-02-21 15:04:48
9000004365,1000007651,Correo Argentino,CA187666969AR,DELIVERED,2025-02-18 17:28:06,2025-02-21 10:35:16
9000004366,1000007654,Correo Argentino,CA158854200AR,DELIVERED,2025-02-19 16:17:28,2025-02-21 16:10:29
9000004367,1000007655,Correo Argentino,CA530896524AR,DELIVERED,2025-02-19 17:58:19,2025-02-24 10:32:36
9000004368,1000007656,Correo Argentino,CA164247014AR,DELIVERED,2025-02-18 16:05:02,2025-02-21 17:10:37
9000004369,1000007657,Correo Argentino,CA628264148AR,DELIVERED,2025-02-18 16:10:46,2025-02-21 14:12:11
9000004370,1000007658,Correo Argentino,CA505248597AR,DELIVERED,2025-02-18 18:32:55,2025-02-25 17:11:24
9000004371,1000007659,Correo Argentino,CA039008814AR,DELIVERED,2025-02-18 17:53:57,2025-02-19 18:08:13
9000004372,1000007661,Correo Argentino,CA923288763AR,DELIVERED,2025-02-18 17:14:46,2025-02-20 12:22:44
9000004373,1000007663,Correo Argentino,CA768700884AR,DELIVERED,2025-02-18 18:55:54,2025-02-20 16:50:41
9000004374,1000007664,Correo Argentino,CA599771037AR,DELIVERED,2025-02-18 17:43:56,2025-02-20 19:19:20
9000004375,1000007665,Correo Argentino,CA021769525AR,DELIVERED,2025-02-18 16:18:51,2025-02-20 12:11:49
9000004376,1000007666,Correo Argentino,CA267335941AR,DELIVERED,2025-02-18 18:21:36,2025-02-19 15:09:02
9000004377,1000007667,Correo Argentino,CA952505427AR,DELIVERED,2025-02-18 18:32:22,2025-02-21 16:42:06
9000004378,1000007668,Correo Argentino,CA596511795AR,DELIVERED,2025-02-18 17:16:22,2025-02-21 18:24:20
9000004379,1000007671,Correo Argentino,CA083156215AR,DELIVERED,2025-02-18 17:19:04,2025-02-19 12:46:52
9000004380,1000007673,Correo Argentino,,CANCELLED,,
9000004381,1000007674,Correo Argentino,CA189880053AR,DELIVERED,2025-02-18 18:03:28,2025-02-21 16:17:52
9000004382,1000007676,Correo Argentino,CA895269790AR,DELIVERED,2025-02-19 17:35:29,2025-02-21 19:21:36
9000004383,1000007677,Correo Argentino,CA021083754AR,DELIVERED,2025-02-19 17:03:24,2025-02-24 12:43:55
9000004384,1000007678,Correo Argentino,CA697997398AR,DELIVERED,2025-02-19 18:05:36,2025-02-21 19:54:37
9000004385,1000007679,Correo Argentino,CA572205866AR,DELIVERED,2025-02-19 17:28:11,2025-02-26 10:46:51
9000004386,1000007680,Correo Argentino,CA826178600AR,DELIVERED,2025-02-19 16:28:16,2025-02-20 15:48:09
9000004387,1000007684,Correo Argentino,CA273758104AR,DELIVERED,2025-02-19 17:05:31,2025-02-26 10:17:40
9000004388,1000007686,Correo Argentino,CA808149622AR,DELIVERED,2025-02-19 18:27:54,2025-02-20 18:01:40
9000004389,1000007687,Correo Argentino,CA967440801AR,DELIVERED,2025-02-19 17:08:53,2025-02-21 12:39:46
9000004390,1000007691,Correo Argentino,CA140233785AR,DELIVERED,2025-02-19 16:18:34,2025-02-25 12:47:32
9000004391,1000007692,Correo Argentino,CA176585567AR,DELIVERED,2025-02-19 16:57:03,2025-02-21 15:37:18
9000004392,1000007694,Correo Argentino,CA130919633AR,DELIVERED,2025-02-19 18:29:55,2025-02-21 09:00:55
9000004393,1000007696,Correo Argentino,CA415979281AR,DELIVERED,2025-02-19 18:30:21,2025-02-20 19:39:50
9000004394,1000007697,Correo Argentino,CA158119141AR,DELIVERED,2025-02-19 16:16:10,2025-02-25 12:53:37
9000004395,1000007698,Correo Argentino,CA905159620AR,DELIVERED,2025-02-19 17:23:25,2025-02-21 14:07:49
9000004396,1000007699,Correo Argentino,CA195950427AR,DELIVERED,2025-02-19 18:38:38,2025-02-24 17:42:47
9000004397,1000007700,Correo Argentino,CA662391993AR,DELIVERED,2025-02-19 16:44:48,2025-02-25 15:41:39
9000004398,1000007701,Correo Argentino,CA293358056AR,DELIVERED,2025-02-19 18:49:16,2025-02-21 10:05:07
9000004399,1000007703,Correo Argentino,CA237391645AR,DELIVERED,2025-02-19 16:09:58,2025-02-21 09:57:11
9000004400,1000007707,Correo Argentino,CA186974002AR,DELIVERED,2025-02-20 16:25:00,2025-02-25 15:43:27
9000004401,1000007708,Correo Argentino,CA312621319AR,DELIVERED,2025-02-20 17:51:55,2025-02-24 10:56:28
9000004402,1000007709,Correo Argentino,CA762823852AR,DELIVERED,2025-02-20 18:34:58,2025-02-21 10:45:22
9000004403,1000007713,Correo Argentino,CA555017892AR,DELIVERED,2025-02-20 18:07:49,2025-02-26 15:27:32
9000004404,1000007714,Correo Argentino,CA008677968AR,DELIVERED,2025-02-20 18:20:07,2025-02-24 09:46:56
9000004405,1000007716,Correo Argentino,CA692797598AR,DELIVERED,2025-02-20 17:54:48,2025-02-24 10:05:18
9000004406,1000007717,Correo Argentino,CA540788647AR,DELIVERED,2025-02-20 16:45:36,2025-02-24 19:36:52
9000004407,1000007718,Correo Argentino,CA824707181AR,DELIVERED,2025-02-20 17:24:13,2025-02-24 09:56:44
9000004408,1000007719,Correo Argentino,CA714299979AR,DELIVERED,2025-02-20 16:16:28,2025-02-21 12:16:56
9000004409,1000007720,Correo Argentino,CA622847793AR,DELIVERED,2025-02-20 17:20:56,2025-02-27 09:20:33
9000004410,1000007721,Correo Argentino,CA409109571AR,DELIVERED,2025-02-20 16:30:24,2025-02-21 17:11:09
9000004411,1000007727,Correo Argentino,CA859977936AR,DELIVERED,2025-02-21 18:26:08,2025-02-26 13:15:52
9000004412,1000007728,Correo Argentino,CA145742869AR,DELIVERED,2025-02-21 18:50:13,2025-02-27 13:40:48
9000004413,1000007730,Correo Argentino,CA677878338AR,DELIVERED,2025-02-21 16:00:46,2025-02-25 09:22:26
9000004414,1000007732,Correo Argentino,CA689835214AR,DELIVERED,2025-02-21 18:21:51,2025-02-26 18:33:03
9000004415,1000007733,Correo Argentino,CA437854043AR,DELIVERED,2025-02-21 18:29:17,2025-02-24 18:12:01
9000004416,1000007735,Correo Argentino,CA113517699AR,DELIVERED,2025-02-21 17:45:15,2025-02-27 19:41:25
9000004417,1000007737,Correo Argentino,CA336739751AR,DELIVERED,2025-02-21 16:12:19,2025-02-25 19:32:03
9000004418,1000007742,Correo Argentino,CA863407883AR,DELIVERED,2025-02-24 18:40:24,2025-02-26 12:12:04
9000004419,1000007744,Correo Argentino,CA930240326AR,DELIVERED,2025-02-24 18:59:42,2025-02-27 12:04:09
9000004420,1000007748,Correo Argentino,CA118752803AR,DELIVERED,2025-02-24 17:49:04,2025-02-28 13:37:33
9000004421,1000007750,Correo Argentino,CA110102603AR,DELIVERED,2025-02-24 18:20:51,2025-02-27 16:50:32
9000004422,1000007753,Correo Argentino,CA491848973AR,DELIVERED,2025-02-24 17:19:07,2025-02-27 09:52:14
9000004423,1000007755,Correo Argentino,CA242712217AR,DELIVERED,2025-02-24 17:04:24,2025-02-26 16:14:56
9000004424,1000007756,Correo Argentino,CA961374521AR,DELIVERED,2025-02-24 18:57:12,2025-02-26 13:43:07
9000004425,1000007757,Correo Argentino,CA824191746AR,DELIVERED,2025-02-24 16:00:37,2025-02-26 19:05:24
9000004426,1000007758,Correo Argentino,CA231951169AR,DELIVERED,2025-02-24 18:57:48,2025-02-27 12:54:39
9000004427,1000007759,Correo Argentino,CA536375154AR,DELIVERED,2025-02-24 18:35:39,2025-02-28 13:05:59
9000004428,1000007762,Correo Argentino,CA139169070AR,DELIVERED,2025-02-24 16:03:33,2025-02-27 18:22:37
9000004429,1000007763,Correo Argentino,CA990531462AR,DELIVERED,2025-02-24 16:28:24,2025-02-26 13:28:54
9000004430,1000007764,Correo Argentino,CA212320513AR,DELIVERED,2025-02-24 17:36:11,2025-02-26 18:28:06
9000004431,1000007765,Correo Argentino,CA599494524AR,DELIVERED,2025-02-24 17:29:30,2025-02-25 16:44:00
9000004432,1000007768,Correo Argentino,CA134905815AR,DELIVERED,2025-02-24 16:04:21,2025-02-25 14:07:58
9000004433,1000007769,Correo Argentino,CA391349419AR,DELIVERED,2025-02-24 16:32:35,2025-03-03 10:14:44
9000004434,1000007773,Correo Argentino,,CANCELLED,,
9000004435,1000007774,Correo Argentino,CA714072827AR,DELIVERED,2025-02-24 18:43:45,2025-02-28 09:11:25
9000004436,1000007776,Correo Argentino,CA416899284AR,DELIVERED,2025-02-24 16:47:23,2025-02-25 13:33:58
9000004437,1000007778,Correo Argentino,CA778689947AR,DELIVERED,2025-02-24 18:21:07,2025-02-28 18:36:40
9000004438,1000007782,Correo Argentino,CA565648780AR,DELIVERED,2025-02-24 17:01:39,2025-02-26 14:08:31
9000004439,1000007783,Correo Argentino,CA669857767AR,DELIVERED,2025-02-24 17:58:59,2025-02-28 11:04:55
9000004440,1000007788,Correo Argentino,CA929953424AR,DELIVERED,2025-02-24 18:05:08,2025-02-28 10:04:27
9000004441,1000007789,Correo Argentino,CA177890426AR,DELIVERED,2025-02-24 16:52:37,2025-02-28 18:37:56
9000004442,1000007790,Correo Argentino,CA754994498AR,DELIVERED,2025-02-24 18:20:19,2025-02-28 19:56:51
9000004443,1000007791,Correo Argentino,CA183891792AR,DELIVERED,2025-02-24 17:16:05,2025-02-28 19:04:39
9000004444,1000007792,Correo Argentino,CA973747535AR,DELIVERED,2025-02-24 17:09:34,2025-02-26 13:38:07
9000004445,1000007793,Correo Argentino,CA818451974AR,DELIVERED,2025-02-24 18:19:15,2025-02-26 12:28:06
9000004446,1000007794,Correo Argentino,CA261178581AR,DELIVERED,2025-02-24 18:39:29,2025-02-26 16:06:27
9000004447,1000007795,Correo Argentino,CA007319621AR,DELIVERED,2025-02-24 17:47:59,2025-02-27 14:14:32
9000004448,1000007796,Correo Argentino,CA414254530AR,DELIVERED,2025-02-24 17:42:17,2025-02-28 14:05:58
9000004449,1000007797,Correo Argentino,CA092365482AR,DELIVERED,2025-02-24 18:44:37,2025-02-27 16:33:30
9000004450,1000007799,Correo Argentino,CA278490111AR,DELIVERED,2025-02-24 17:43:24,2025-02-27 12:42:19
9000004451,1000007800,Correo Argentino,CA341636806AR,DELIVERED,2025-02-24 16:47:14,2025-02-26 17:12:23
9000004452,1000007801,Correo Argentino,CA348195151AR,DELIVERED,2025-02-24 17:59:30,2025-02-28 19:36:54
9000004453,1000007802,Correo Argentino,CA144005122AR,DELIVERED,2025-02-24 18:09:20,2025-02-26 14:40:59
9000004454,1000007803,Correo Argentino,CA118159099AR,DELIVERED,2025-02-24 18:47:16,2025-02-27 14:01:05
9000004455,1000007804,Correo Argentino,CA704899353AR,DELIVERED,2025-02-24 17:27:08,2025-02-26 11:58:57
9000004456,1000007805,Correo Argentino,CA559743916AR,DELIVERED,2025-02-24 17:28:52,2025-02-26 11:18:48
9000004457,1000007806,Correo Argentino,CA877906456AR,DELIVERED,2025-02-24 18:58:31,2025-02-26 19:56:43
9000004458,1000007807,Correo Argentino,CA148854023AR,DELIVERED,2025-02-24 16:07:24,2025-02-26 12:54:26
9000004459,1000007808,Correo Argentino,CA287219536AR,DELIVERED,2025-02-24 18:43:30,2025-03-03 11:21:43
9000004460,1000007809,Correo Argentino,CA734197821AR,DELIVERED,2025-02-24 16:40:01,2025-02-28 09:34:53
9000004461,1000007816,Correo Argentino,CA284196613AR,DELIVERED,2025-02-25 16:42:05,2025-03-03 17:27:25
9000004462,1000007817,Correo Argentino,CA143429897AR,DELIVERED,2025-02-25 17:48:12,2025-03-03 11:35:35
9000004463,1000007819,Correo Argentino,CA391657068AR,DELIVERED,2025-02-25 18:30:57,2025-02-26 17:02:52
9000004464,1000007820,Correo Argentino,CA128225585AR,DELIVERED,2025-02-25 16:52:16,2025-02-27 18:24:46
9000004465,1000007823,Correo Argentino,CA654945917AR,DELIVERED,2025-02-25 16:08:04,2025-03-04 14:42:05
9000004466,1000007825,Correo Argentino,CA755962983AR,DELIVERED,2025-02-25 16:54:09,2025-02-27 12:55:51
9000004467,1000007826,Correo Argentino,CA367452149AR,DELIVERED,2025-02-25 18:39:45,2025-02-28 13:22:35
9000004468,1000007827,Correo Argentino,CA512405409AR,DELIVERED,2025-02-25 16:29:28,2025-03-03 09:42:43
9000004469,1000007828,Correo Argentino,CA787214846AR,DELIVERED,2025-02-25 18:17:38,2025-02-26 17:53:25
9000004470,1000007829,Correo Argentino,CA293684223AR,DELIVERED,2025-02-25 18:00:19,2025-02-26 12:26:48
9000004471,1000007830,Correo Argentino,CA111630022AR,DELIVERED,2025-02-26 17:23:52,2025-03-05 12:42:59
9000004472,1000007832,Correo Argentino,CA295563381AR,DELIVERED,2025-02-25 16:29:55,2025-02-27 15:38:45
9000004473,1000007833,Correo Argentino,CA251979418AR,DELIVERED,2025-02-25 17:59:14,2025-02-28 10:48:53
9000004474,1000007837,Correo Argentino,CA611543785AR,DELIVERED,2025-02-26 18:25:11,2025-02-28 10:27:26
9000004475,1000007838,Correo Argentino,CA622715713AR,DELIVERED,2025-02-26 18:28:16,2025-02-27 12:56:17
9000004476,1000007839,Correo Argentino,CA280228607AR,DELIVERED,2025-02-26 16:50:43,2025-02-28 16:57:27
9000004477,1000007841,Correo Argentino,CA792188399AR,DELIVERED,2025-02-26 18:15:26,2025-02-28 10:47:32
9000004478,1000007845,Correo Argentino,CA622469579AR,DELIVERED,2025-02-26 16:13:39,2025-02-28 19:32:39
9000004479,1000007847,Correo Argentino,CA026011171AR,DELIVERED,2025-02-26 16:52:33,2025-02-28 09:52:27
9000004480,1000007848,Correo Argentino,CA723705548AR,DELIVERED,2025-02-26 16:44:09,2025-03-04 15:58:31
9000004481,1000007851,Correo Argentino,CA354223940AR,DELIVERED,2025-02-26 18:32:00,2025-02-28 14:49:00
9000004482,1000007854,Correo Argentino,CA571871120AR,DELIVERED,2025-02-26 18:08:44,2025-03-04 16:17:37
9000004483,1000007855,Correo Argentino,CA749607476AR,DELIVERED,2025-02-26 16:31:20,2025-02-28 12:11:42
9000004484,1000007856,Correo Argentino,CA175720123AR,DELIVERED,2025-02-26 17:16:12,2025-02-28 10:16:04
9000004485,1000007857,Correo Argentino,CA930459237AR,DELIVERED,2025-02-26 16:41:15,2025-02-28 17:05:15
9000004486,1000007858,Correo Argentino,CA913628445AR,DELIVERED,2025-02-26 17:07:02,2025-03-05 18:34:35
9000004487,1000007859,Correo Argentino,CA694937916AR,DELIVERED,2025-02-26 17:40:46,2025-02-28 11:22:02
9000004488,1000007861,Correo Argentino,CA669028735AR,DELIVERED,2025-02-26 18:54:46,2025-02-28 19:42:28
9000004489,1000007862,Correo Argentino,CA798274968AR,DELIVERED,2025-02-26 17:48:51,2025-03-04 19:20:01
9000004490,1000007863,Correo Argentino,CA562514490AR,DELIVERED,2025-02-26 18:30:02,2025-03-03 12:54:20
9000004491,1000007864,Correo Argentino,CA583120203AR,DELIVERED,2025-02-26 16:42:34,2025-02-27 09:21:15
9000004492,1000007865,Correo Argentino,CA681605786AR,DELIVERED,2025-02-27 16:33:05,2025-03-03 14:31:10
9000004493,1000007866,Correo Argentino,CA695048466AR,DELIVERED,2025-02-26 16:44:40,2025-02-28 14:01:39
9000004494,1000007867,Correo Argentino,CA448032180AR,DELIVERED,2025-02-27 17:07:52,2025-03-03 10:25:25
9000004495,1000007871,Correo Argentino,,CANCELLED,,
9000004496,1000007872,Correo Argentino,CA520568107AR,DELIVERED,2025-02-27 16:44:01,2025-03-03 14:59:20
9000004497,1000007875,Correo Argentino,CA302307017AR,DELIVERED,2025-02-27 18:15:13,2025-03-05 13:24:33
9000004498,1000007876,Correo Argentino,CA284120335AR,DELIVERED,2025-02-27 18:15:09,2025-03-04 13:18:14
9000004499,1000007878,Correo Argentino,CA885274694AR,DELIVERED,2025-02-27 17:38:49,2025-03-03 12:40:39
9000004500,1000007879,Correo Argentino,CA998368579AR,DELIVERED,2025-02-27 16:57:09,2025-02-28 19:54:58
9000004501,1000007880,Correo Argentino,CA099206518AR,DELIVERED,2025-02-27 18:59:09,2025-03-05 17:05:46
9000004502,1000007881,Correo Argentino,CA467138851AR,DELIVERED,2025-02-27 18:41:30,2025-03-04 15:56:43
9000004503,1000007882,Correo Argentino,CA947191201AR,DELIVERED,2025-02-27 16:40:04,2025-03-05 09:10:03
9000004504,1000007886,Correo Argentino,CA827213064AR,DELIVERED,2025-02-28 17:56:28,2025-03-05 18:26:35
9000004505,1000007887,Correo Argentino,CA902140851AR,DELIVERED,2025-02-28 18:37:35,2025-03-03 18:11:55
9000004506,1000007888,Correo Argentino,CA240292114AR,DELIVERED,2025-02-28 17:43:36,2025-03-04 10:20:56
9000004507,1000007892,Correo Argentino,CA726398297AR,DELIVERED,2025-02-28 16:42:02,2025-03-06 19:47:54
9000004508,1000007895,Correo Argentino,CA823839324AR,DELIVERED,2025-02-28 17:32:06,2025-03-05 19:20:02
9000004509,1000007897,Correo Argentino,CA412660749AR,DELIVERED,2025-02-28 16:20:55,2025-03-06 09:41:40
9000004510,1000007898,Correo Argentino,CA575612253AR,DELIVERED,2025-02-28 16:48:54,2025-03-06 14:40:46
9000004511,1000007899,Correo Argentino,CA439824694AR,DELIVERED,2025-02-28 16:49:54,2025-03-04 12:58:38
9000004512,1000007900,Correo Argentino,CA900410411AR,DELIVERED,2025-02-28 16:38:36,2025-03-06 19:35:23
9000004513,1000007901,Correo Argentino,CA461930139AR,DELIVERED,2025-02-28 17:56:27,2025-03-04 16:27:51
9000004514,1000007903,Correo Argentino,CA343839925AR,DELIVERED,2025-02-28 16:30:25,2025-03-04 16:14:23
9000004515,1000007908,Correo Argentino,CA951443801AR,DELIVERED,2025-03-03 16:12:06,2025-03-07 18:47:40
9000004516,1000007909,Correo Argentino,CA557910304AR,DELIVERED,2025-03-03 16:53:02,2025-03-05 19:29:15
9000004517,1000007910,Correo Argentino,CA129826570AR,DELIVERED,2025-03-03 16:18:21,2025-03-07 15:24:42
9000004518,1000007913,Correo Argentino,CA566162569AR,DELIVERED,2025-03-03 16:02:11,2025-03-05 16:37:12
9000004519,1000007914,Correo Argentino,CA442283381AR,DELIVERED,2025-03-03 16:05:21,2025-03-06 11:10:14
9000004520,1000007918,Correo Argentino,CA249403078AR,DELIVERED,2025-03-03 18:20:50,2025-03-05 16:09:16
9000004521,1000007920,Correo Argentino,CA015638484AR,DELIVERED,2025-03-03 17:45:10,2025-03-07 18:40:16
9000004522,1000007922,Correo Argentino,CA606478267AR,DELIVERED,2025-03-03 17:00:00,2025-03-07 14:03:50
9000004523,1000007923,Correo Argentino,CA196034496AR,DELIVERED,2025-03-03 17:24:32,2025-03-05 12:52:37
9000004524,1000007924,Correo Argentino,CA882075832AR,DELIVERED,2025-03-03 16:50:28,2025-03-06 11:23:45
9000004525,1000007926,Correo Argentino,CA954381682AR,DELIVERED,2025-03-03 17:01:16,2025-03-07 18:26:31
9000004526,1000007928,Correo Argentino,CA703499563AR,DELIVERED,2025-03-03 16:01:07,2025-03-07 17:55:30
9000004527,1000007929,Correo Argentino,CA691201187AR,DELIVERED,2025-03-03 18:43:37,2025-03-05 15:09:15
9000004528,1000007931,Correo Argentino,CA016380271AR,DELIVERED,2025-03-03 16:58:11,2025-03-07 16:50:39
9000004529,1000007932,Correo Argentino,CA027904625AR,DELIVERED,2025-03-03 18:08:21,2025-03-05 12:21:50
9000004530,1000007933,Correo Argentino,CA852864185AR,DELIVERED,2025-03-03 18:46:00,2025-03-04 10:07:00
9000004531,1000007935,Correo Argentino,CA445681262AR,DELIVERED,2025-03-03 16:03:02,2025-03-05 19:44:46
9000004532,1000007936,Correo Argentino,CA484548762AR,DELIVERED,2025-03-03 16:02:52,2025-03-06 15:57:23
9000004533,1000007938,Correo Argentino,CA536481009AR,DELIVERED,2025-03-03 17:12:11,2025-03-05 18:02:40
9000004534,1000007952,Correo Argentino,CA097983715AR,DELIVERED,2025-03-03 17:45:38,2025-03-04 13:00:33
9000004535,1000007954,Correo Argentino,CA109691937AR,DELIVERED,2025-03-03 18:46:58,2025-03-06 19:48:19
9000004536,1000007956,Correo Argentino,CA259113592AR,DELIVERED,2025-03-03 16:14:56,2025-03-05 14:48:08
9000004537,1000007960,Correo Argentino,CA492697934AR,DELIVERED,2025-03-03 18:36:48,2025-03-04 12:06:11
9000004538,1000007962,Correo Argentino,CA377486798AR,DELIVERED,2025-03-03 17:49:06,2025-03-05 09:17:35
9000004539,1000007967,Correo Argentino,CA675455946AR,DELIVERED,2025-03-03 17:44:48,2025-03-06 09:45:22
9000004540,1000007968,Correo Argentino,CA692978837AR,DELIVERED,2025-03-03 16:18:57,2025-03-05 10:20:23
9000004541,1000007969,Correo Argentino,CA698048019AR,DELIVERED,2025-03-03 16:56:44,2025-03-06 11:37:55
9000004542,1000007970,Correo Argentino,CA330646766AR,DELIVERED,2025-03-03 18:26:02,2025-03-07 09:30:02
9000004543,1000007971,Correo Argentino,CA781195153AR,DELIVERED,2025-03-03 17:15:46,2025-03-06 13:42:22
9000004544,1000007972,Correo Argentino,CA834367629AR,DELIVERED,2025-03-03 18:28:51,2025-03-05 12:33:49
9000004545,1000007973,Correo Argentino,CA804247413AR,DELIVERED,2025-03-03 16:59:41,2025-03-04 13:04:07
9000004546,1000007974,Correo Argentino,CA772260376AR,DELIVERED,2025-03-03 17:44:43,2025-03-06 13:52:50
9000004547,1000007975,Correo Argentino,CA875807567AR,DELIVERED,2025-03-03 17:55:02,2025-03-10 16:37:09
9000004548,1000007976,Correo Argentino,CA529111266AR,DELIVERED,2025-03-03 18:23:00,2025-03-05 17:43:22
9000004549,1000007977,Correo Argentino,CA395023943AR,DELIVERED,2025-03-04 17:38:05,2025-03-05 11:15:50
9000004550,1000007978,Correo Argentino,CA799114533AR,DELIVERED,2025-03-03 18:36:10,2025-03-05 10:57:36
9000004551,1000007979,Correo Argentino,CA633985086AR,DELIVERED,2025-03-03 16:20:07,2025-03-06 16:51:55
9000004552,1000007980,Correo Argentino,CA602965623AR,DELIVERED,2025-03-03 18:21:27,2025-03-06 16:00:20
9000004553,1000007981,Correo Argentino,CA856515783AR,DELIVERED,2025-03-03 18:41:01,2025-03-05 13:34:33
9000004554,1000007982,Correo Argentino,CA368899387AR,DELIVERED,2025-03-03 16:31:59,2025-03-06 13:22:10
9000004555,1000007983,Correo Argentino,CA024728072AR,DELIVERED,2025-03-03 18:03:41,2025-03-10 17:12:59
9000004556,1000007985,Correo Argentino,CA275207555AR,DELIVERED,2025-03-03 18:44:02,2025-03-06 19:17:32
9000004557,1000007986,Correo Argentino,CA396276685AR,DELIVERED,2025-03-03 18:23:44,2025-03-07 11:48:28
9000004558,1000007987,Correo Argentino,CA229075232AR,DELIVERED,2025-03-03 16:44:52,2025-03-07 12:08:22
9000004559,1000007988,Correo Argentino,CA808133505AR,DELIVERED,2025-03-03 18:19:09,2025-03-05 14:52:48
9000004560,1000007989,Correo Argentino,CA795625778AR,DELIVERED,2025-03-03 16:19:29,2025-03-07 10:45:41
9000004561,1000007990,Correo Argentino,CA240025933AR,DELIVERED,2025-03-03 17:54:26,2025-03-05 16:04:50
9000004562,1000007991,Correo Argentino,CA623133543AR,DELIVERED,2025-03-03 16:53:41,2025-03-06 19:35:21
9000004563,1000007994,Correo Argentino,CA439109655AR,DELIVERED,2025-03-03 18:36:08,2025-03-07 17:21:34
9000004564,1000007995,Correo Argentino,CA502884136AR,DELIVERED,2025-03-03 18:44:39,2025-03-07 18:59:27
9000004565,1000008002,Correo Argentino,CA765079572AR,DELIVERED,2025-03-04 16:08:32,2025-03-06 15:41:18
9000004566,1000008004,Correo Argentino,CA495249778AR,DELIVERED,2025-03-04 18:59:51,2025-03-10 18:09:19
9000004567,1000008005,Correo Argentino,CA085817357AR,DELIVERED,2025-03-04 16:08:18,2025-03-10 12:05:30
9000004568,1000008007,Correo Argentino,CA561629516AR,DELIVERED,2025-03-04 17:09:21,2025-03-07 15:25:41
9000004569,1000008008,Correo Argentino,CA043556600AR,DELIVERED,2025-03-04 16:11:15,2025-03-10 12:37:28
9000004570,1000008009,Correo Argentino,CA155004931AR,DELIVERED,2025-03-04 18:04:24,2025-03-11 11:29:37
9000004571,1000008010,Correo Argentino,CA742296337AR,DELIVERED,2025-03-04 16:14:30,2025-03-07 15:41:36
9000004572,1000008011,Correo Argentino,CA339134981AR,DELIVERED,2025-03-04 18:34:18,2025-03-06 18:14:31
9000004573,1000008012,Correo Argentino,CA595583022AR,DELIVERED,2025-03-04 16:58:32,2025-03-06 16:36:09
9000004574,1000008013,Correo Argentino,CA745654238AR,DELIVERED,2025-03-04 18:42:52,2025-03-06 10:44:38
9000004575,1000008015,Correo Argentino,,CANCELLED,,
9000004576,1000008019,Correo Argentino,CA110978091AR,DELIVERED,2025-03-05 18:18:12,2025-03-10 19:04:41
9000004577,1000008020,Correo Argentino,CA664318842AR,DELIVERED,2025-03-05 16:29:21,2025-03-10 13:53:57
9000004578,1000008021,Correo Argentino,CA950016526AR,DELIVERED,2025-03-05 18:02:38,2025-03-10 16:16:11
9000004579,1000008022,Correo Argentino,CA744324377AR,DELIVERED,2025-03-05 18:50:48,2025-03-11 14:02:11
9000004580,1000008024,Correo Argentino,CA413473452AR,DELIVERED,2025-03-05 18:09:35,2025-03-07 15:03:03
9000004581,1000008025,Correo Argentino,CA832590195AR,DELIVERED,2025-03-05 18:59:08,2025-03-06 12:49:44
9000004582,1000008026,Correo Argentino,CA051960113AR,DELIVERED,2025-03-05 17:29:45,2025-03-11 13:11:35
9000004583,1000008027,Correo Argentino,CA317957675AR,DELIVERED,2025-03-06 18:11:56,2025-03-11 12:13:49
9000004584,1000008028,Correo Argentino,CA282746635AR,DELIVERED,2025-03-05 17:32:52,2025-03-12 14:00:28
9000004585,1000008029,Correo Argentino,CA776324536AR,DELIVERED,2025-03-05 17:58:49,2025-03-10 09:34:28
9000004586,1000008031,Correo Argentino,CA004265796AR,DELIVERED,2025-03-05 16:34:24,2025-03-10 19:55:36
9000004587,1000008032,Correo Argentino,CA631770022AR,DELIVERED,2025-03-05 17:24:21,2025-03-06 11:12:43
9000004588,1000008033,Correo Argentino,CA923960794AR,DELIVERED,2025-03-05 18:03:36,2025-03-07 10:19:17
9000004589,1000008034,Correo Argentino,,CANCELLED,,
9000004590,1000008036,Correo Argentino,CA371820223AR,DELIVERED,2025-03-06 18:48:13,2025-03-07 13:20:17
9000004591,1000008040,Correo Argentino,CA742709043AR,DELIVERED,2025-03-06 18:55:56,2025-03-10 10:14:46
9000004592,1000008041,Correo Argentino,CA211226529AR,DELIVERED,2025-03-06 16:49:18,2025-03-07 15:12:58
9000004593,1000008042,Correo Argentino,CA092792918AR,DELIVERED,2025-03-06 17:17:05,2025-03-12 15:50:37
9000004594,1000008049,Correo Argentino,CA862491896AR,DELIVERED,2025-03-06 18:48:14,2025-03-12 17:15:17
9000004595,1000008050,Correo Argentino,CA492683075AR,DELIVERED,2025-03-06 16:57:19,2025-03-13 13:51:33
9000004596,1000008051,Correo Argentino,CA710125268AR,DELIVERED,2025-03-06 18:15:04,2025-03-10 18:43:29
9000004597,1000008052,Correo Argentino,CA821168232AR,DELIVERED,2025-03-06 17:56:13,2025-03-12 15:19:07
9000004598,1000008053,Correo Argentino,CA257187263AR,DELIVERED,2025-03-06 18:58:38,2025-03-11 17:10:53
9000004599,1000008054,Correo Argentino,CA238767299AR,DELIVERED,2025-03-06 16:52:15,2025-03-07 18:12:51
9000004600,1000008055,Correo Argentino,CA064024563AR,DELIVERED,2025-03-06 17:00:50,2025-03-11 14:07:58
9000004601,1000008056,Correo Argentino,CA773560889AR,DELIVERED,2025-03-06 18:19:00,2025-03-07 14:02:17
9000004602,1000008059,Correo Argentino,CA892425049AR,DELIVERED,2025-03-06 16:31:15,2025-03-07 10:09:40
9000004603,1000008061,Correo Argentino,CA050981757AR,DELIVERED,2025-03-06 18:34:41,2025-03-07 11:39:53
9000004604,1000008063,Correo Argentino,CA808100030AR,DELIVERED,2025-03-07 17:25:46,2025-03-11 09:28:01
9000004605,1000008064,Correo Argentino,CA183944577AR,DELIVERED,2025-03-07 17:20:51,2025-03-11 18:43:31
9000004606,1000008067,Correo Argentino,CA085173943AR,DELIVERED,2025-03-07 16:59:19,2025-03-11 17:45:13
9000004607,1000008068,Correo Argentino,CA832143627AR,DELIVERED,2025-03-10 17:22:33,2025-03-17 14:01:38
9000004608,1000008072,Correo Argentino,CA491928816AR,DELIVERED,2025-03-07 18:13:26,2025-03-12 15:53:10
9000004609,1000008073,Correo Argentino,CA769971416AR,DELIVERED,2025-03-07 17:29:41,2025-03-10 11:10:11
9000004610,1000008074,Correo Argentino,CA501091027AR,DELIVERED,2025-03-07 17:39:26,2025-03-13 17:18:48
9000004611,1000008075,Correo Argentino,CA804312796AR,DELIVERED,2025-03-07 17:35:03,2025-03-12 14:01:04
9000004612,1000008076,Correo Argentino,CA701723200AR,DELIVERED,2025-03-07 18:18:25,2025-03-10 15:31:42
9000004613,1000008077,Correo Argentino,CA220179527AR,DELIVERED,2025-03-07 17:31:06,2025-03-12 19:08:52
9000004614,1000008078,Correo Argentino,CA040200998AR,DELIVERED,2025-03-07 16:55:20,2025-03-12 18:02:41
9000004615,1000008079,Correo Argentino,CA663763715AR,DELIVERED,2025-03-07 17:17:17,2025-03-11 14:22:34
9000004616,1000008080,Correo Argentino,CA581160118AR,DELIVERED,2025-03-07 18:39:49,2025-03-12 14:39:53
9000004617,1000008081,Correo Argentino,CA061054550AR,DELIVERED,2025-03-07 16:52:00,2025-03-11 15:57:34
9000004618,1000008082,Correo Argentino,CA134524346AR,DELIVERED,2025-03-07 16:45:52,2025-03-12 12:34:59
9000004619,1000008084,Correo Argentino,CA874779068AR,DELIVERED,2025-03-07 16:15:09,2025-03-10 11:12:50
9000004620,1000008087,Correo Argentino,CA707107167AR,DELIVERED,2025-03-07 17:48:39,2025-03-11 19:24:04
9000004621,1000008088,Correo Argentino,CA468902139AR,DELIVERED,2025-03-07 18:40:38,2025-03-12 16:35:49
9000004622,1000008090,Correo Argentino,CA796044541AR,DELIVERED,2025-03-10 17:47:40,2025-03-14 15:26:56
9000004623,1000008095,Correo Argentino,CA933360179AR,DELIVERED,2025-03-10 16:36:34,2025-03-11 19:36:34
9000004624,1000008102,Correo Argentino,CA041945149AR,DELIVERED,2025-03-10 18:33:20,2025-03-14 12:05:43
9000004625,1000008103,Correo Argentino,CA520389692AR,DELIVERED,2025-03-10 16:41:14,2025-03-12 15:39:25
9000004626,1000008104,Correo Argentino,CA979121415AR,DELIVERED,2025-03-10 18:24:42,2025-03-12 09:46:44
9000004627,1000008105,Correo Argentino,CA015253222AR,DELIVERED,2025-03-10 16:10:34,2025-03-12 13:12:36
9000004628,1000008106,Correo Argentino,CA825430576AR,DELIVERED,2025-03-10 16:47:32,2025-03-12 15:07:17
9000004629,1000008107,Correo Argentino,CA291618217AR,DELIVERED,2025-03-10 16:00:15,2025-03-13 10:36:42
9000004630,1000008108,Correo Argentino,CA139420919AR,DELIVERED,2025-03-10 17:26:11,2025-03-13 19:50:50
9000004631,1000008109,Correo Argentino,CA789056996AR,DELIVERED,2025-03-10 17:30:53,2025-03-13 13:13:21
9000004632,1000008111,Correo Argentino,CA447354268AR,DELIVERED,2025-03-10 18:38:38,2025-03-11 14:40:09
9000004633,1000008114,Correo Argentino,CA650048479AR,DELIVERED,2025-03-10 17:04:50,2025-03-11 12:18:40
9000004634,1000008117,Correo Argentino,CA078032586AR,DELIVERED,2025-03-10 17:18:49,2025-03-12 18:27:06
9000004635,1000008118,Correo Argentino,CA837009177AR,DELIVERED,2025-03-10 16:42:09,2025-03-11 11:14:26
9000004636,1000008126,Correo Argentino,CA608250931AR,DELIVERED,2025-03-10 16:57:27,2025-03-11 19:06:25
9000004637,1000008130,Correo Argentino,CA420465166AR,DELIVERED,2025-03-10 17:57:36,2025-03-12 09:06:12
9000004638,1000008132,Correo Argentino,CA237052437AR,DELIVERED,2025-03-10 17:51:23,2025-03-12 19:21:54
9000004639,1000008134,Correo Argentino,CA680665418AR,DELIVERED,2025-03-10 18:30:14,2025-03-14 10:58:31
9000004640,1000008135,Correo Argentino,CA821348791AR,DELIVERED,2025-03-10 17:03:10,2025-03-11 19:15:20
9000004641,1000008136,Correo Argentino,CA221173976AR,DELIVERED,2025-03-10 17:42:16,2025-03-14 18:12:33
9000004642,1000008137,Correo Argentino,CA346792428AR,DELIVERED,2025-03-10 18:15:59,2025-03-14 10:21:54
9000004643,1000008138,Correo Argentino,CA850448525AR,DELIVERED,2025-03-10 17:32:33,2025-03-13 09:37:15
9000004644,1000008139,Correo Argentino,CA440422686AR,DELIVERED,2025-03-10 18:27:56,2025-03-12 15:51:35
9000004645,1000008140,Correo Argentino,CA984403515AR,DELIVERED,2025-03-10 18:12:23,2025-03-13 12:44:27
9000004646,1000008141,Correo Argentino,CA779397044AR,DELIVERED,2025-03-10 16:55:21,2025-03-13 17:57:01
9000004647,1000008142,Correo Argentino,CA777863737AR,DELIVERED,2025-03-10 18:19:15,2025-03-14 16:46:19
9000004648,1000008143,Correo Argentino,CA893127701AR,DELIVERED,2025-03-10 18:43:59,2025-03-11 12:36:39
9000004649,1000008144,Correo Argentino,CA520061060AR,DELIVERED,2025-03-10 17:15:08,2025-03-13 09:50:53
9000004650,1000008145,Correo Argentino,CA937354463AR,DELIVERED,2025-03-10 16:52:10,2025-03-13 12:02:28
9000004651,1000008146,Correo Argentino,CA600439420AR,DELIVERED,2025-03-10 17:19:20,2025-03-13 13:44:20
9000004652,1000008147,Correo Argentino,CA744626818AR,DELIVERED,2025-03-10 16:37:30,2025-03-13 11:39:53
9000004653,1000008149,Correo Argentino,CA657583305AR,DELIVERED,2025-03-10 17:22:13,2025-03-12 12:55:40
9000004654,1000008150,Correo Argentino,CA417816516AR,DELIVERED,2025-03-10 17:41:22,2025-03-13 19:26:08
9000004655,1000008152,Correo Argentino,CA231356297AR,DELIVERED,2025-03-10 17:43:14,2025-03-13 17:03:45
9000004656,1000008154,Correo Argentino,CA793920996AR,DELIVERED,2025-03-11 16:59:49,2025-03-17 10:55:59
9000004657,1000008155,Correo Argentino,CA104119591AR,DELIVERED,2025-03-11 16:48:19,2025-03-13 19:32:43
9000004658,1000008159,Correo Argentino,CA387629225AR,DELIVERED,2025-03-11 16:52:04,2025-03-14 13:40:01
9000004659,1000008164,Correo Argentino,CA900337804AR,DELIVERED,2025-03-12 18:22:16,2025-03-19 14:43:37
9000004660,1000008165,Correo Argentino,CA572073700AR,DELIVERED,2025-03-11 18:27:35,2025-03-12 09:10:56
9000004661,1000008166,Correo Argentino,CA289160711AR,DELIVERED,2025-03-11 16:02:16,2025-03-14 16:38:31
9000004662,1000008167,Correo Argentino,CA100169510AR,DELIVERED,2025-03-11 17:02:38,2025-03-14 16:22:44
9000004663,1000008168,Correo Argentino,CA349659139AR,DELIVERED,2025-03-11 16:34:35,2025-03-14 16:00:35
9000004664,1000008169,Correo Argentino,CA433049974AR,DELIVERED,2025-03-11 18:17:09,2025-03-17 16:46:42
9000004665,1000008170,Correo Argentino,CA675502194AR,DELIVERED,2025-03-11 16:01:52,2025-03-14 17:30:33
9000004666,1000008171,Correo Argentino,CA821783654AR,DELIVERED,2025-03-11 18:15:04,2025-03-13 18:01:03
9000004667,1000008172,Correo Argentino,CA404615876AR,DELIVERED,2025-03-11 16:26:42,2025-03-12 14:31:33
9000004668,1000008173,Correo Argentino,CA924247705AR,DELIVERED,2025-03-11 17:28:26,2025-03-13 14:08:14
9000004669,1000008174,Correo Argentino,CA500388032AR,DELIVERED,2025-03-11 16:41:30,2025-03-17 17:26:46
9000004670,1000008175,Correo Argentino,CA063704615AR,DELIVERED,2025-03-12 18:11:34,2025-03-14 19:43:13
9000004671,1000008177,Correo Argentino,CA570126711AR,DELIVERED,2025-03-12 16:34:52,2025-03-17 11:26:16
9000004672,1000008179,Correo Argentino,CA162440115AR,DELIVERED,2025-03-12 17:57:39,2025-03-14 19:34:14
9000004673,1000008181,Correo Argentino,CA979408686AR,DELIVERED,2025-03-12 16:32:12,2025-03-19 19:06:40
9000004674,1000008183,Correo Argentino,CA945226396AR,DELIVERED,2025-03-12 16:38:15,2025-03-14 15:06:24
9000004675,1000008184,Correo Argentino,CA478432731AR,DELIVERED,2025-03-12 17:11:41,2025-03-18 11:17:40
9000004676,1000008185,Correo Argentino,CA275782083AR,DELIVERED,2025-03-12 16:52:38,2025-03-17 19:56:23
9000004677,1000008186,Correo Argentino,CA641311636AR,DELIVERED,2025-03-12 18:07:21,2025-03-17 13:48:39
9000004678,1000008187,Correo Argentino,CA662684078AR,DELIVERED,2025-03-12 16:46:30,2025-03-14 12:42:39
9000004679,1000008189,Correo Argentino,CA007647668AR,DELIVERED,2025-03-12 17:51:33,2025-03-17 11:22:17
9000004680,1000008191,Correo Argentino,CA250859912AR,DELIVERED,2025-03-12 16:23:39,2025-03-18 13:11:50
9000004681,1000008192,Correo Argentino,CA925352425AR,DELIVERED,2025-03-12 17:53:15,2025-03-17 12:16:36
9000004682,1000008193,Correo Argentino,CA326063646AR,DELIVERED,2025-03-12 16:49:16,2025-03-17 09:26:38
9000004683,1000008194,Correo Argentino,CA845522859AR,DELIVERED,2025-03-12 17:59:17,2025-03-13 19:11:51
9000004684,1000008195,Correo Argentino,CA919080309AR,DELIVERED,2025-03-12 18:54:09,2025-03-17 10:55:33
9000004685,1000008197,Correo Argentino,CA558813939AR,DELIVERED,2025-03-12 17:07:58,2025-03-14 10:31:55
9000004686,1000008198,Correo Argentino,CA199810864AR,DELIVERED,2025-03-12 16:48:29,2025-03-14 18:30:18
9000004687,1000008200,Correo Argentino,CA785667390AR,DELIVERED,2025-03-13 16:11:10,2025-03-17 18:21:47
9000004688,1000008201,Correo Argentino,CA857635985AR,DELIVERED,2025-03-13 16:01:51,2025-03-18 18:27:50
9000004689,1000008203,Correo Argentino,CA005349116AR,DELIVERED,2025-03-14 18:14:16,2025-03-18 15:02:30
9000004690,1000008206,Correo Argentino,CA423607182AR,DELIVERED,2025-03-13 17:29:19,2025-03-20 18:23:35
9000004691,1000008207,Correo Argentino,CA534931112AR,DELIVERED,2025-03-13 16:09:06,2025-03-17 15:32:23
9000004692,1000008208,Correo Argentino,CA834881122AR,DELIVERED,2025-03-13 16:19:20,2025-03-20 11:49:01
9000004693,1000008210,Correo Argentino,CA790387131AR,DELIVERED,2025-03-13 16:38:20,2025-03-18 16:26:53
9000004694,1000008212,Correo Argentino,CA165738731AR,DELIVERED,2025-03-13 18:34:18,2025-03-18 19:52:43
9000004695,1000008214,Correo Argentino,CA563045622AR,DELIVERED,2025-03-13 17:16:04,2025-03-18 11:42:14
9000004696,1000008215,Correo Argentino,CA929001196AR,DELIVERED,2025-03-13 16:41:37,2025-03-17 15:01:21
9000004697,1000008216,Correo Argentino,CA521100549AR,DELIVERED,2025-03-13 18:00:46,2025-03-14 12:52:19
9000004698,1000008217,Correo Argentino,CA567840023AR,DELIVERED,2025-03-13 18:49:38,2025-03-19 18:50:30
9000004699,1000008218,Correo Argentino,CA378199908AR,DELIVERED,2025-03-13 18:21:46,2025-03-17 09:31:24
9000004700,1000008219,Correo Argentino,CA649312203AR,DELIVERED,2025-03-13 16:34:22,2025-03-18 09:21:19
9000004701,1000008220,Correo Argentino,CA693676887AR,DELIVERED,2025-03-13 16:24:11,2025-03-19 13:09:26
9000004702,1000008222,Correo Argentino,CA706131039AR,DELIVERED,2025-03-14 16:17:37,2025-03-19 16:45:22
9000004703,1000008223,Correo Argentino,CA548530732AR,DELIVERED,2025-03-14 17:51:05,2025-03-20 09:06:44
9000004704,1000008226,Correo Argentino,,CANCELLED,,
9000004705,1000008228,Correo Argentino,CA979652478AR,DELIVERED,2025-03-14 17:06:42,2025-03-19 18:45:39
9000004706,1000008231,Correo Argentino,CA486420238AR,DELIVERED,2025-03-14 17:45:51,2025-03-20 12:33:19
9000004707,1000008232,Correo Argentino,CA003021476AR,DELIVERED,2025-03-14 17:36:56,2025-03-19 16:49:20
9000004708,1000008234,Correo Argentino,CA490360594AR,DELIVERED,2025-03-14 18:32:27,2025-03-18 14:28:50
9000004709,1000008235,Correo Argentino,CA698866185AR,DELIVERED,2025-03-14 18:48:21,2025-03-20 17:10:54
9000004710,1000008236,Correo Argentino,CA309185368AR,DELIVERED,2025-03-14 16:55:31,2025-03-20 11:49:57
9000004711,1000008237,Correo Argentino,CA240002656AR,DELIVERED,2025-03-14 18:52:14,2025-03-19 18:12:25
9000004712,1000008238,Correo Argentino,CA411086115AR,DELIVERED,2025-03-14 17:07:40,2025-03-19 15:22:47
9000004713,1000008240,Correo Argentino,CA036403825AR,DELIVERED,2025-03-14 16:35:21,2025-03-18 14:29:52
9000004714,1000008244,Correo Argentino,CA885432966AR,DELIVERED,2025-03-17 16:01:19,2025-03-21 10:49:22
9000004715,1000008245,Correo Argentino,CA366240890AR,DELIVERED,2025-03-17 18:50:31,2025-03-18 10:57:44
9000004716,1000008250,Correo Argentino,CA891392561AR,DELIVERED,2025-03-17 17:49:44,2025-03-18 13:04:12
9000004717,1000008251,Correo Argentino,CA117738109AR,DELIVERED,2025-03-17 16:03:08,2025-03-20 19:16:02
9000004718,1000008252,Correo Argentino,CA331206376AR,DELIVERED,2025-03-17 17:31:19,2025-03-19 16:28:25
9000004719,1000008253,Correo Argentino,CA344689499AR,DELIVERED,2025-03-17 16:47:26,2025-03-19 19:33:16
9000004720,1000008261,Correo Argentino,CA485292720AR,DELIVERED,2025-03-17 18:29:25,2025-03-19 11:34:38
9000004721,1000008262,Correo Argentino,CA718106469AR,DELIVERED,2025-03-17 18:42:59,2025-03-19 09:40:43
9000004722,1000008263,Correo Argentino,CA170814896AR,DELIVERED,2025-03-17 18:33:49,2025-03-20 12:08:15
9000004723,1000008264,Correo Argentino,CA042174549AR,DELIVERED,2025-03-17 17:06:16,2025-03-21 19:20:30
9000004724,1000008267,Correo Argentino,CA568521482AR,DELIVERED,2025-03-17 17:48:16,2025-03-18 17:55:22
9000004725,1000008271,Correo Argentino,CA007335590AR,DELIVERED,2025-03-17 16:30:41,2025-03-19 19:28:02
9000004726,1000008274,Correo Argentino,CA187448748AR,DELIVERED,2025-03-17 17:20:06,2025-03-20 10:17:23
9000004727,1000008275,Correo Argentino,CA606355366AR,DELIVERED,2025-03-17 16:38:58,2025-03-20 10:18:03
9000004728,1000008276,Correo Argentino,CA175906017AR,DELIVERED,2025-03-17 17:52:53,2025-03-20 09:09:20
9000004729,1000008277,Correo Argentino,,CANCELLED,,
9000004730,1000008278,Correo Argentino,CA926106162AR,DELIVERED,2025-03-17 16:07:00,2025-03-20 13:09:02
9000004731,1000008280,Correo Argentino,CA605752630AR,DELIVERED,2025-03-17 17:15:26,2025-03-19 12:17:15
9000004732,1000008281,Correo Argentino,CA988318301AR,DELIVERED,2025-03-17 16:01:07,2025-03-21 13:28:20
9000004733,1000008282,Correo Argentino,CA624375130AR,DELIVERED,2025-03-20 17:44:00,2025-03-24 13:22:51
9000004734,1000008283,Correo Argentino,CA170373666AR,DELIVERED,2025-03-17 18:52:09,2025-03-21 13:11:18
9000004735,1000008284,Correo Argentino,CA003523168AR,DELIVERED,2025-03-17 18:14:02,2025-03-21 14:32:43
9000004736,1000008285,Correo Argentino,CA066235779AR,DELIVERED,2025-03-17 17:18:47,2025-03-21 09:07:30
9000004737,1000008286,Correo Argentino,CA580876562AR,DELIVERED,2025-03-17 18:21:16,2025-03-21 18:26:04
9000004738,1000008287,Correo Argentino,CA730694440AR,DELIVERED,2025-03-17 18:54:28,2025-03-18 14:57:52
9000004739,1000008288,Correo Argentino,CA470793370AR,DELIVERED,2025-03-17 17:44:04,2025-03-20 17:01:57
9000004740,1000008289,Correo Argentino,CA971234929AR,DELIVERED,2025-03-17 17:43:38,2025-03-21 09:36:38
9000004741,1000008290,Correo Argentino,CA493702347AR,DELIVERED,2025-03-17 16:12:36,2025-03-21 16:37:14
9000004742,1000008291,Correo Argentino,,CANCELLED,,
9000004743,1000008293,Correo Argentino,CA201326224AR,DELIVERED,2025-03-18 16:30:38,2025-03-21 13:17:39
9000004744,1000008294,Correo Argentino,CA501190880AR,DELIVERED,2025-03-18 18:52:37,2025-03-24 11:40:14
9000004745,1000008295,Correo Argentino,CA165382270AR,DELIVERED,2025-03-18 18:44:48,2025-03-20 14:31:29
9000004746,1000008296,Correo Argentino,CA525312136AR,DELIVERED,2025-03-18 18:47:48,2025-03-20 09:08:33
9000004747,1000008297,Correo Argentino,CA897173232AR,DELIVERED,2025-03-18 16:40:03,2025-03-20 16:45:02
9000004748,1000008299,Correo Argentino,CA059416878AR,DELIVERED,2025-03-18 17:51:27,2025-03-20 13:10:53
9000004749,1000008300,Correo Argentino,CA339642842AR,DELIVERED,2025-03-18 17:24:24,2025-03-21 12:33:15
9000004750,1000008302,Correo Argentino,CA553792504AR,DELIVERED,2025-03-18 18:15:37,2025-03-20 09:30:35
9000004751,1000008303,Correo Argentino,CA822807668AR,DELIVERED,2025-03-18 17:39:08,2025-03-20 09:52:24
9000004752,1000008304,Correo Argentino,CA780591751AR,DELIVERED,2025-03-18 17:18:33,2025-03-21 18:03:51
9000004753,1000008305,Correo Argentino,CA411345879AR,DELIVERED,2025-03-18 17:12:24,2025-03-21 10:02:55
9000004754,1000008306,Correo Argentino,CA271652269AR,DELIVERED,2025-03-18 18:24:13,2025-03-19 12:21:21
9000004755,1000008307,Correo Argentino,CA197508615AR,DELIVERED,2025-03-18 18:51:57,2025-03-20 18:20:48
9000004756,1000008309,Correo Argentino,CA468092617AR,DELIVERED,2025-03-18 18:04:59,2025-03-20 10:33:24
9000004757,1000008311,Correo Argentino,CA869855664AR,DELIVERED,2025-03-19 17:46:54,2025-03-21 15:00:35
9000004758,1000008312,Correo Argentino,CA904600935AR,DELIVERED,2025-03-19 16:38:52,2025-03-24 19:18:51
9000004759,1000008314,Correo Argentino,CA273156884AR,DELIVERED,2025-03-19 17:39:58,2025-03-21 17:04:58
9000004760,1000008315,Correo Argentino,CA005693891AR,DELIVERED,2025-03-19 17:18:41,2025-03-21 09:34:55
9000004761,1000008316,Correo Argentino,CA955895242AR,DELIVERED,2025-03-19 17:53:48,2025-03-21 10:25:57
9000004762,1000008317,Correo Argentino,CA511196863AR,DELIVERED,2025-03-19 16:09:12,2025-03-20 17:08:47
9000004763,1000008318,Correo Argentino,CA440016894AR,DELIVERED,2025-03-19 17:56:38,2025-03-20 16:11:51
9000004764,1000008319,Correo Argentino,CA837339990AR,DELIVERED,2025-03-19 18:19:56,2025-03-21 12:22:57
9000004765,1000008320,Correo Argentino,CA175136769AR,DELIVERED,2025-03-19 18:02:58,2025-03-24 17:51:14
9000004766,1000008321,Correo Argentino,CA510407336AR,DELIVERED,2025-03-19 16:11:39,2025-03-25 10:36:57
9000004767,1000008322,Correo Argentino,CA350870283AR,DELIVERED,2025-03-19 16:44:08,2025-03-21 14:58:37
9000004768,1000008323,Correo Argentino,CA808757695AR,DELIVERED,2025-03-19 17:19:24,2025-03-24 12:13:00
9000004769,1000008324,Correo Argentino,CA799832651AR,DELIVERED,2025-03-19 18:10:19,2025-03-20 13:02:14
9000004770,1000008325,Correo Argentino,CA572197719AR,DELIVERED,2025-03-19 16:15:31,2025-03-20 16:10:05
9000004771,1000008326,Correo Argentino,CA431879061AR,DELIVERED,2025-03-19 16:58:39,2025-03-26 19:59:42
9000004772,1000008329,Correo Argentino,CA441600855AR,DELIVERED,2025-03-19 17:47:18,2025-03-20 19:19:26
9000004773,1000008332,Correo Argentino,CA850591370AR,DELIVERED,2025-03-20 17:07:44,2025-03-26 12:55:23
9000004774,1000008334,Correo Argentino,CA334033991AR,DELIVERED,2025-03-20 16:02:45,2025-03-24 10:59:45
9000004775,1000008338,Correo Argentino,CA819048765AR,DELIVERED,2025-03-20 16:49:11,2025-03-26 09:36:03
9000004776,1000008339,Correo Argentino,CA155428280AR,DELIVERED,2025-03-20 16:27:16,2025-03-25 10:22:57
9000004777,1000008340,Correo Argentino,CA149853719AR,DELIVERED,2025-03-20 17:52:49,2025-03-25 10:50:24
9000004778,1000008341,Correo Argentino,CA920466414AR,DELIVERED,2025-03-20 18:57:57,2025-03-26 09:41:38
9000004779,1000008342,Correo Argentino,CA574897573AR,DELIVERED,2025-03-21 18:21:57,2025-03-24 10:05:50
9000004780,1000008347,Correo Argentino,CA909792436AR,DELIVERED,2025-03-21 17:09:03,2025-03-28 11:43:03
9000004781,1000008349,Correo Argentino,CA309109046AR,DELIVERED,2025-03-21 16:43:29,2025-03-24 13:20:30
9000004782,1000008353,Correo Argentino,CA016921204AR,DELIVERED,2025-03-21 16:39:13,2025-03-25 13:44:32
9000004783,1000008355,Correo Argentino,CA028079020AR,DELIVERED,2025-03-21 17:17:29,2025-03-24 16:25:10
9000004784,1000008356,Correo Argentino,CA498258855AR,DELIVERED,2025-03-21 16:32:06,2025-03-24 10:48:43
9000004785,1000008357,Correo Argentino,CA916223288AR,DELIVERED,2025-03-21 16:55:49,2025-03-24 18:38:28
9000004786,1000008358,Correo Argentino,CA972792792AR,DELIVERED,2025-03-21 16:10:17,2025-03-25 14:54:54
9000004787,1000008359,Correo Argentino,CA597123868AR,DELIVERED,2025-03-21 18:29:51,2025-03-26 17:31:31
9000004788,1000008360,Correo Argentino,CA115174574AR,DELIVERED,2025-03-21 18:14:46,2025-03-25 09:29:52
9000004789,1000008361,Correo Argentino,CA187248219AR,DELIVERED,2025-03-21 16:53:03,2025-03-25 09:44:10
9000004790,1000008362,Correo Argentino,CA473457721AR,DELIVERED,2025-03-21 17:11:02,2025-03-26 09:30:28
9000004791,1000008363,Correo Argentino,CA575161712AR,DELIVERED,2025-03-24 17:10:36,2025-03-28 10:44:05
9000004792,1000008365,Correo Argentino,CA152305594AR,DELIVERED,2025-03-24 16:50:45,2025-03-26 18:49:34
9000004793,1000008368,Correo Argentino,CA356541403AR,DELIVERED,2025-03-25 17:35:15,2025-03-31 13:21:40
9000004794,1000008369,Correo Argentino,CA207555138AR,DELIVERED,2025-03-24 17:42:12,2025-03-26 11:52:31
9000004795,1000008375,Correo Argentino,CA210053749AR,DELIVERED,2025-03-24 18:05:35,2025-03-26 09:47:31
9000004796,1000008377,Correo Argentino,CA301861856AR,DELIVERED,2025-03-24 18:00:57,2025-03-25 11:36:23
9000004797,1000008378,Correo Argentino,CA999779419AR,DELIVERED,2025-03-24 16:31:17,2025-03-27 12:44:00
9000004798,1000008379,Correo Argentino,CA521895770AR,DELIVERED,2025-03-24 17:14:20,2025-03-28 12:07:31
9000004799,1000008380,Correo Argentino,CA249166113AR,DELIVERED,2025-03-24 18:20:21,2025-03-25 14:11:35
9000004800,1000008382,Correo Argentino,CA995619132AR,DELIVERED,2025-03-24 16:30:41,2025-03-26 14:46:58
9000004801,1000008383,Correo Argentino,CA355012825AR,DELIVERED,2025-03-24 17:28:08,2025-03-27 12:20:26
9000004802,1000008384,Correo Argentino,CA107934595AR,DELIVERED,2025-03-24 17:22:16,2025-03-26 16:36:48
9000004803,1000008385,Correo Argentino,CA365550827AR,DELIVERED,2025-03-24 18:14:52,2025-03-26 19:58:16
9000004804,1000008387,Correo Argentino,CA482247740AR,DELIVERED,2025-03-24 18:30:56,2025-03-25 19:15:08
9000004805,1000008390,Correo Argentino,CA180366838AR,DELIVERED,2025-03-24 18:15:09,2025-03-27 15:22:51
9000004806,1000008395,Correo Argentino,CA669590521AR,DELIVERED,2025-03-24 16:43:56,2025-03-31 10:50:01
9000004807,1000008399,Correo Argentino,CA176768272AR,DELIVERED,2025-03-24 18:45:25,2025-03-26 14:03:16
9000004808,1000008402,Correo Argentino,CA450897801AR,DELIVERED,2025-03-24 16:36:17,2025-03-26 17:12:36
9000004809,1000008406,Correo Argentino,CA879649995AR,DELIVERED,2025-03-24 17:34:46,2025-03-25 14:33:43
9000004810,1000008409,Correo Argentino,CA376830899AR,DELIVERED,2025-03-24 16:01:14,2025-03-26 13:36:43
9000004811,1000008410,Correo Argentino,CA658349677AR,DELIVERED,2025-03-24 17:24:31,2025-03-26 09:12:16
9000004812,1000008411,Correo Argentino,CA626865129AR,DELIVERED,2025-03-24 16:25:05,2025-03-27 15:00:58
9000004813,1000008412,Correo Argentino,CA055887633AR,DELIVERED,2025-03-24 17:30:44,2025-03-27 16:23:09
9000004814,1000008413,Correo Argentino,CA628230518AR,DELIVERED,2025-03-24 16:14:19,2025-03-27 17:36:49
9000004815,1000008415,Correo Argentino,CA039901326AR,DELIVERED,2025-03-24 18:30:30,2025-03-27 17:33:57
9000004816,1000008416,Correo Argentino,CA245942050AR,DELIVERED,2025-03-24 17:22:46,2025-03-26 18:36:36
9000004817,1000008417,Correo Argentino,CA009915460AR,DELIVERED,2025-03-24 16:39:47,2025-03-26 17:39:10
9000004818,1000008418,Correo Argentino,CA654124943AR,DELIVERED,2025-03-24 17:06:03,2025-03-28 12:02:35
9000004819,1000008419,Correo Argentino,CA266301963AR,DELIVERED,2025-03-24 18:54:46,2025-03-28 11:46:21
9000004820,1000008421,Correo Argentino,CA603386212AR,DELIVERED,2025-03-24 18:47:00,2025-03-25 11:13:13
9000004821,1000008422,Correo Argentino,CA628785371AR,DELIVERED,2025-03-24 17:55:18,2025-03-27 12:22:05
9000004822,1000008423,Correo Argentino,CA318896432AR,DELIVERED,2025-03-24 17:40:26,2025-03-28 09:41:41
9000004823,1000008426,Correo Argentino,CA114496206AR,DELIVERED,2025-03-24 16:32:55,2025-03-27 13:39:40
9000004824,1000008427,Correo Argentino,CA617109195AR,DELIVERED,2025-03-24 18:54:14,2025-03-26 12:51:59
9000004825,1000008429,Correo Argentino,CA072484993AR,DELIVERED,2025-03-25 16:10:09,2025-03-28 16:10:38
9000004826,1000008431,Correo Argentino,CA843684819AR,DELIVERED,2025-03-25 18:50:18,2025-03-27 09:56:34
9000004827,1000008432,Correo Argentino,CA029344926AR,DELIVERED,2025-03-25 18:15:54,2025-03-27 17:25:01
9000004828,1000008433,Correo Argentino,CA182012179AR,DELIVERED,2025-03-25 18:34:02,2025-03-27 10:05:34
9000004829,1000008436,Correo Argentino,CA559191091AR,DELIVERED,2025-03-25 18:25:23,2025-03-31 19:03:40
9000004830,1000008437,Correo Argentino,CA893294848AR,DELIVERED,2025-03-25 17:57:45,2025-03-28 15:25:24
9000004831,1000008439,Correo Argentino,CA058231380AR,DELIVERED,2025-03-25 16:59:30,2025-03-28 17:16:18
9000004832,1000008440,Correo Argentino,CA922398854AR,DELIVERED,2025-03-25 18:46:11,2025-03-28 17:59:38
9000004833,1000008441,Correo Argentino,CA191038319AR,DELIVERED,2025-03-25 17:12:19,2025-03-26 13:24:39
9000004834,1000008443,Correo Argentino,CA153674664AR,DELIVERED,2025-03-25 16:22:45,2025-03-26 13:07:25
9000004835,1000008447,Correo Argentino,CA591111675AR,DELIVERED,2025-03-26 17:37:03,2025-03-28 14:18:09
9000004836,1000008449,Correo Argentino,CA766320638AR,DELIVERED,2025-03-26 17:40:20,2025-03-28 14:03:52
9000004837,1000008450,Correo Argentino,CA071617121AR,DELIVERED,2025-03-26 16:28:19,2025-04-01 19:38:13
9000004838,1000008451,Correo Argentino,CA027960178AR,DELIVERED,2025-03-26 16:13:37,2025-03-27 10:05:45
9000004839,1000008452,Correo Argentino,CA945614753AR,DELIVERED,2025-03-26 18:39:56,2025-03-31 17:43:49
9000004840,1000008453,Correo Argentino,CA333076904AR,DELIVERED,2025-03-26 17:50:39,2025-03-28 12:35:35
9000004841,1000008457,Correo Argentino,CA706048989AR,DELIVERED,2025-03-26 16:49:39,2025-04-01 10:28:12
9000004842,1000008458,Correo Argentino,CA368988114AR,DELIVERED,2025-03-26 17:52:29,2025-03-28 15:48:31
9000004843,1000008459,Correo Argentino,CA398178722AR,DELIVERED,2025-03-26 18:22:41,2025-03-31 14:38:24
9000004844,1000008460,Correo Argentino,CA490093503AR,DELIVERED,2025-03-27 17:56:50,2025-04-01 17:27:40
9000004845,1000008461,Correo Argentino,CA900966224AR,DELIVERED,2025-03-26 18:59:09,2025-04-01 18:03:53
9000004846,1000008462,Correo Argentino,CA069809126AR,DELIVERED,2025-03-26 16:01:16,2025-03-28 17:57:35
9000004847,1000008463,Correo Argentino,CA683048758AR,DELIVERED,2025-03-26 17:18:44,2025-04-01 18:17:10
9000004848,1000008465,Correo Argentino,CA834393174AR,DELIVERED,2025-03-26 18:00:47,2025-03-28 13:08:59
9000004849,1000008466,Correo Argentino,CA890847270AR,DELIVERED,2025-03-26 17:43:42,2025-04-02 13:02:39
9000004850,1000008468,Correo Argentino,CA728989400AR,DELIVERED,2025-03-27 16:58:25,2025-03-31 13:15:11
9000004851,1000008473,Correo Argentino,CA964061394AR,DELIVERED,2025-03-27 17:39:28,2025-03-31 10:17:12
9000004852,1000008474,Correo Argentino,CA660294822AR,DELIVERED,2025-03-27 17:23:00,2025-04-02 11:59:59
9000004853,1000008475,Correo Argentino,CA335325088AR,DELIVERED,2025-03-27 16:29:20,2025-03-28 10:18:26
9000004854,1000008476,Correo Argentino,CA056195305AR,DELIVERED,2025-03-27 18:27:11,2025-04-01 15:55:58
9000004855,1000008477,Correo Argentino,CA574254133AR,DELIVERED,2025-03-27 18:09:30,2025-04-02 13:29:49
9000004856,1000008478,Correo Argentino,CA022694097AR,DELIVERED,2025-03-27 17:51:53,2025-03-31 19:27:10
9000004857,1000008481,Correo Argentino,CA746762930AR,DELIVERED,2025-03-27 16:20:26,2025-04-02 12:26:35
9000004858,1000008486,Correo Argentino,CA481097800AR,DELIVERED,2025-03-27 17:39:38,2025-04-01 19:29:05
9000004859,1000008488,Correo Argentino,CA260562342AR,DELIVERED,2025-03-28 16:29:21,2025-04-01 16:45:01
9000004860,1000008489,Correo Argentino,CA329455063AR,DELIVERED,2025-03-28 18:58:12,2025-04-02 19:44:55
9000004861,1000008491,Correo Argentino,CA209999485AR,DELIVERED,2025-03-28 18:07:08,2025-03-31 14:49:05
9000004862,1000008494,Correo Argentino,CA188549487AR,DELIVERED,2025-03-28 17:56:43,2025-04-02 13:51:31
9000004863,1000008496,Correo Argentino,CA089479693AR,DELIVERED,2025-03-28 16:55:44,2025-04-02 11:27:13
9000004864,1000008498,Correo Argentino,CA963573686AR,DELIVERED,2025-03-28 17:40:24,2025-03-31 12:17:31
9000004865,1000008502,Correo Argentino,CA458180273AR,DELIVERED,2025-03-31 18:27:36,2025-04-04 16:48:30
9000004866,1000008503,Correo Argentino,CA760977838AR,DELIVERED,2025-03-31 16:27:51,2025-04-01 18:05:32
9000004867,1000008505,Correo Argentino,CA130208679AR,DELIVERED,2025-03-31 16:58:51,2025-04-04 13:31:34
9000004868,1000008507,Correo Argentino,CA396912400AR,DELIVERED,2025-03-31 17:39:43,2025-04-07 09:44:12
9000004869,1000008511,Correo Argentino,CA074267663AR,DELIVERED,2025-03-31 16:00:35,2025-04-03 12:52:07
9000004870,1000008512,Correo Argentino,CA098042119AR,DELIVERED,2025-03-31 16:09:39,2025-04-03 14:21:00
9000004871,1000008515,Correo Argentino,CA510142257AR,DELIVERED,2025-03-31 16:52:15,2025-04-02 13:09:37
9000004872,1000008516,Correo Argentino,CA378044196AR,DELIVERED,2025-03-31 18:17:53,2025-04-02 14:23:08
9000004873,1000008520,Correo Argentino,CA473590442AR,DELIVERED,2025-03-31 16:20:24,2025-04-02 09:55:08
9000004874,1000008522,Correo Argentino,CA227304096AR,DELIVERED,2025-03-31 16:53:12,2025-04-04 14:08:12
9000004875,1000008523,Correo Argentino,CA637639851AR,DELIVERED,2025-03-31 16:46:52,2025-04-02 18:04:22
9000004876,1000008525,Correo Argentino,CA215516976AR,DELIVERED,2025-03-31 17:24:13,2025-04-04 11:50:32
9000004877,1000008527,Correo Argentino,CA850953523AR,DELIVERED,2025-03-31 18:58:59,2025-04-03 10:17:01
9000004878,1000008530,Correo Argentino,CA600057165AR,DELIVERED,2025-03-31 16:34:27,2025-04-03 15:46:25
9000004879,1000008531,Correo Argentino,CA502991036AR,DELIVERED,2025-03-31 17:42:24,2025-04-01 10:49:53
9000004880,1000008532,Correo Argentino,CA962725433AR,DELIVERED,2025-03-31 18:46:02,2025-04-01 13:54:38
9000004881,1000008533,Correo Argentino,CA757845460AR,DELIVERED,2025-03-31 16:14:26,2025-04-02 10:07:20
9000004882,1000008534,Correo Argentino,,CANCELLED,,
9000004883,1000008535,Correo Argentino,CA243864625AR,DELIVERED,2025-03-31 16:51:21,2025-04-03 10:01:00
9000004884,1000008536,Correo Argentino,CA958410621AR,DELIVERED,2025-03-31 18:17:16,2025-04-07 19:48:28
9000004885,1000008537,Correo Argentino,CA152548378AR,DELIVERED,2025-03-31 16:04:16,2025-04-01 16:30:06
9000004886,1000008538,Correo Argentino,CA466039828AR,DELIVERED,2025-03-31 16:46:03,2025-04-02 15:03:01
9000004887,1000008539,Correo Argentino,CA012196675AR,DELIVERED,2025-03-31 17:34:59,2025-04-01 16:07:15
9000004888,1000008540,Correo Argentino,CA845135414AR,DELIVERED,2025-04-01 17:42:57,2025-04-03 10:28:59
9000004889,1000008541,Correo Argentino,CA032315692AR,DELIVERED,2025-03-31 18:15:59,2025-04-07 16:21:10
9000004890,1000008542,Correo Argentino,CA217714492AR,DELIVERED,2025-03-31 16:08:59,2025-04-03 19:32:48
9000004891,1000008543,Correo Argentino,CA884935969AR,DELIVERED,2025-03-31 18:53:16,2025-04-02 16:02:22
9000004892,1000008544,Correo Argentino,CA019419841AR,DELIVERED,2025-03-31 17:51:19,2025-04-01 15:04:05
9000004893,1000008545,Correo Argentino,CA900008052AR,DELIVERED,2025-03-31 18:18:18,2025-04-04 13:17:22
9000004894,1000008546,Correo Argentino,CA234223714AR,DELIVERED,2025-03-31 18:24:43,2025-04-02 17:21:07
9000004895,1000008547,Correo Argentino,CA282957400AR,DELIVERED,2025-03-31 16:54:08,2025-04-03 11:31:00
9000004896,1000008549,Correo Argentino,CA138389787AR,DELIVERED,2025-03-31 17:53:35,2025-04-03 15:22:00
9000004897,1000008550,Correo Argentino,CA939112449AR,DELIVERED,2025-03-31 17:38:31,2025-04-01 11:27:37
9000004898,1000008558,Correo Argentino,CA067230707AR,DELIVERED,2025-04-01 18:06:14,2025-04-02 17:01:17
9000004899,1000008560,Correo Argentino,CA283945100AR,DELIVERED,2025-04-01 16:28:54,2025-04-04 09:41:16
9000004900,1000008561,Correo Argentino,CA758852410AR,DELIVERED,2025-04-01 18:46:50,2025-04-04 10:58:13
9000004901,1000008562,Correo Argentino,CA064676053AR,DELIVERED,2025-04-01 16:53:59,2025-04-04 16:04:51
9000004902,1000008564,Correo Argentino,CA661526765AR,DELIVERED,2025-04-01 17:55:48,2025-04-04 13:23:39
9000004903,1000008565,Correo Argentino,CA156992664AR,DELIVERED,2025-04-01 16:12:32,2025-04-08 09:43:18
9000004904,1000008567,Correo Argentino,CA965562306AR,DELIVERED,2025-04-02 18:01:26,2025-04-07 14:27:07
9000004905,1000008568,Correo Argentino,CA686747500AR,DELIVERED,2025-04-02 16:31:25,2025-04-04 14:52:46
9000004906,1000008569,Correo Argentino,CA406687487AR,DELIVERED,2025-04-02 16:25:07,2025-04-04 15:24:35
9000004907,1000008570,Correo Argentino,CA954910384AR,DELIVERED,2025-04-02 16:09:26,2025-04-08 13:55:40
9000004908,1000008571,Correo Argentino,CA315919030AR,DELIVERED,2025-04-02 18:44:40,2025-04-03 11:14:27
9000004909,1000008576,Correo Argentino,CA436163973AR,DELIVERED,2025-04-02 18:53:47,2025-04-04 14:33:04
9000004910,1000008577,Correo Argentino,CA174368202AR,DELIVERED,2025-04-02 16:31:53,2025-04-07 10:18:01
9000004911,1000008578,Correo Argentino,CA782767832AR,DELIVERED,2025-04-02 18:36:04,2025-04-03 10:35:46
9000004912,1000008579,Correo Argentino,CA825900261AR,DELIVERED,2025-04-02 17:47:29,2025-04-04 13:53:12
9000004913,1000008580,Correo Argentino,CA619391700AR,DELIVERED,2025-04-02 16:18:46,2025-04-04 15:06:14
9000004914,1000008581,Correo Argentino,CA184761189AR,DELIVERED,2025-04-02 17:40:08,2025-04-04 12:45:12
9000004915,1000008582,Correo Argentino,CA172817593AR,DELIVERED,2025-04-02 16:19:51,2025-04-07 14:50:24
9000004916,1000008583,Correo Argentino,CA749187323AR,DELIVERED,2025-04-02 16:21:57,2025-04-03 17:55:12
9000004917,1000008586,Correo Argentino,CA677464155AR,DELIVERED,2025-04-02 18:59:24,2025-04-08 19:57:15
9000004918,1000008587,Correo Argentino,CA458573569AR,DELIVERED,2025-04-02 17:19:24,2025-04-07 18:25:27
9000004919,1000008590,Correo Argentino,CA033941311AR,DELIVERED,2025-04-03 16:25:05,2025-04-09 18:00:18
9000004920,1000008591,Correo Argentino,CA385742834AR,DELIVERED,2025-04-03 17:16:50,2025-04-04 15:50:54
9000004921,1000008593,Correo Argentino,CA260250846AR,DELIVERED,2025-04-03 18:35:05,2025-04-07 11:57:41
9000004922,1000008595,Correo Argentino,CA653958264AR,DELIVERED,2025-04-03 17:25:43,2025-04-08 11:16:14
9000004923,1000008596,Correo Argentino,CA891736669AR,DELIVERED,2025-04-03 18:11:27,2025-04-10 12:15:44
9000004924,1000008598,Correo Argentino,,CANCELLED,,
9000004925,1000008599,Correo Argentino,CA077407064AR,DELIVERED,2025-04-03 16:09:09,2025-04-04 12:13:45
9000004926,1000008600,Correo Argentino,CA852811266AR,DELIVERED,2025-04-03 17:34:54,2025-04-04 10:23:37
9000004927,1000008601,Correo Argentino,CA989794071AR,DELIVERED,2025-04-03 17:39:41,2025-04-07 17:47:22
9000004928,1000008602,Correo Argentino,CA137506987AR,DELIVERED,2025-04-03 18:09:25,2025-04-08 13:16:29
9000004929,1000008603,Correo Argentino,CA638542303AR,DELIVERED,2025-04-03 17:46:51,2025-04-08 15:25:36
9000004930,1000008604,Correo Argentino,CA365727041AR,DELIVERED,2025-04-03 17:29:30,2025-04-07 19:29:33
9000004931,1000008607,Correo Argentino,CA629773877AR,DELIVERED,2025-04-04 18:19:46,2025-04-09 11:39:01
9000004932,1000008614,Correo Argentino,CA028374153AR,DELIVERED,2025-04-04 16:12:24,2025-04-10 16:16:43
9000004933,1000008615,Correo Argentino,CA339676487AR,DELIVERED,2025-04-04 18:55:52,2025-04-10 14:39:01
9000004934,1000008617,Correo Argentino,CA003961386AR,DELIVERED,2025-04-04 16:56:59,2025-04-07 11:27:16
9000004935,1000008618,Correo Argentino,CA822766629AR,DELIVERED,2025-04-04 16:08:41,2025-04-07 16:26:58
9000004936,1000008619,Correo Argentino,CA503961685AR,DELIVERED,2025-04-04 16:46:57,2025-04-09 18:50:27
9000004937,1000008620,Correo Argentino,CA887976107AR,DELIVERED,2025-04-04 16:36:40,2025-04-09 19:05:50
9000004938,1000008623,Correo Argentino,CA836836581AR,DELIVERED,2025-04-04 16:09:39,2025-04-10 09:38:27
9000004939,1000008624,Correo Argentino,CA702298842AR,DELIVERED,2025-04-04 16:21:58,2025-04-07 12:57:34
9000004940,1000008626,Correo Argentino,CA145948551AR,DELIVERED,2025-04-07 18:03:55,2025-04-09 18:54:19
9000004941,1000008630,Correo Argentino,CA747530574AR,DELIVERED,2025-04-07 18:42:08,2025-04-09 19:31:59
9000004942,1000008631,Correo Argentino,CA071169088AR,DELIVERED,2025-04-07 17:54:27,2025-04-11 12:54:08
9000004943,1000008636,Correo Argentino,CA191869134AR,DELIVERED,2025-04-07 18:28:53,2025-04-10 11:18:49
9000004944,1000008637,Correo Argentino,CA655742461AR,DELIVERED,2025-04-07 18:05:42,2025-04-10 09:41:09
9000004945,1000008638,Correo Argentino,CA915999059AR,DELIVERED,2025-04-07 18:16:42,2025-04-08 10:56:30
9000004946,1000008639,Correo Argentino,CA497163790AR,DELIVERED,2025-04-07 17:46:16,2025-04-11 16:32:33
9000004947,1000008640,Correo Argentino,CA291673585AR,DELIVERED,2025-04-07 16:12:45,2025-04-08 11:58:46
9000004948,1000008642,Correo Argentino,CA447533480AR,DELIVERED,2025-04-07 18:45:57,2025-04-09 13:04:12
9000004949,1000008643,Correo Argentino,CA360542445AR,DELIVERED,2025-04-07 17:38:12,2025-04-09 11:48:09
9000004950,1000008644,Correo Argentino,CA606484282AR,DELIVERED,2025-04-07 17:08:18,2025-04-09 09:44:01
9000004951,1000008645,Correo Argentino,CA267973446AR,DELIVERED,2025-04-07 17:38:35,2025-04-09 10:30:34
9000004952,1000008647,Correo Argentino,CA855534531AR,DELIVERED,2025-04-07 16:25:02,2025-04-11 09:54:15
9000004953,1000008649,Correo Argentino,CA171462319AR,DELIVERED,2025-04-07 17:20:45,2025-04-09 11:16:51
9000004954,1000008650,Correo Argentino,CA474998021AR,DELIVERED,2025-04-07 18:51:09,2025-04-11 17:33:10
9000004955,1000008652,Correo Argentino,CA793029260AR,DELIVERED,2025-04-07 16:06:51,2025-04-10 19:20:01
9000004956,1000008654,Correo Argentino,CA261244384AR,DELIVERED,2025-04-07 16:42:20,2025-04-09 10:01:41
9000004957,1000008655,Correo Argentino,CA765301389AR,DELIVERED,2025-04-07 18:54:07,2025-04-10 17:11:53
9000004958,1000008656,Correo Argentino,,CANCELLED,,
9000004959,1000008657,Correo Argentino,CA355995546AR,DELIVERED,2025-04-07 17:56:25,2025-04-11 09:54:06
9000004960,1000008658,Correo Argentino,CA232905994AR,DELIVERED,2025-04-07 18:51:51,2025-04-09 14:02:58
9000004961,1000008659,Correo Argentino,CA202464679AR,DELIVERED,2025-04-07 16:05:42,2025-04-08 19:22:37
9000004962,1000008660,Correo Argentino,CA749275604AR,DELIVERED,2025-04-07 16:54:14,2025-04-10 13:34:33
9000004963,1000008661,Correo Argentino,CA389549821AR,DELIVERED,2025-04-07 16:11:26,2025-04-11 09:11:16
9000004964,1000008662,Correo Argentino,CA830949253AR,DELIVERED,2025-04-07 17:32:41,2025-04-09 18:17:55
9000004965,1000008663,Correo Argentino,CA732156691AR,DELIVERED,2025-04-07 18:00:06,2025-04-14 11:53:08
9000004966,1000008665,Correo Argentino,CA165074871AR,DELIVERED,2025-04-07 16:05:57,2025-04-10 16:13:55
9000004967,1000008666,Correo Argentino,CA856081995AR,DELIVERED,2025-04-07 16:15:21,2025-04-10 09:35:11
9000004968,1000008667,Correo Argentino,CA714179027AR,DELIVERED,2025-04-09 17:23:26,2025-04-10 15:56:48
9000004969,1000008668,Correo Argentino,CA071245521AR,DELIVERED,2025-04-07 18:29:48,2025-04-11 19:10:00
9000004970,1000008669,Correo Argentino,CA044471767AR,DELIVERED,2025-04-07 17:44:00,2025-04-11 19:30:42
9000004971,1000008670,Correo Argentino,CA025053692AR,DELIVERED,2025-04-07 16:03:18,2025-04-14 16:00:40
9000004972,1000008671,Correo Argentino,CA156513619AR,DELIVERED,2025-04-07 17:42:22,2025-04-14 19:19:23
9000004973,1000008672,Correo Argentino,CA748114008AR,DELIVERED,2025-04-07 18:36:10,2025-04-08 17:24:45
9000004974,1000008673,Correo Argentino,CA391488854AR,DELIVERED,2025-04-07 17:41:41,2025-04-14 15:04:27
9000004975,1000008674,Correo Argentino,CA350856224AR,DELIVERED,2025-04-07 17:59:56,2025-04-08 12:53:28
9000004976,1000008679,Correo Argentino,CA396388492AR,DELIVERED,2025-04-08 17:33:27,2025-04-14 12:27:25
9000004977,1000008680,Correo Argentino,CA199231800AR,DELIVERED,2025-04-08 18:48:07,2025-04-14 13:38:20
9000004978,1000008681,Correo Argentino,CA692175225AR,DELIVERED,2025-04-08 16:20:26,2025-04-14 12:12:12
9000004979,1000008682,Correo Argentino,CA527660358AR,DELIVERED,2025-04-08 16:13:31,2025-04-09 11:29:12
9000004980,1000008683,Correo Argentino,,CANCELLED,,
9000004981,1000008684,Correo Argentino,CA985874614AR,DELIVERED,2025-04-08 17:09:54,2025-04-10 13:41:25
9000004982,1000008685,Correo Argentino,CA680602669AR,DELIVERED,2025-04-08 17:48:01,2025-04-09 09:20:53
9000004983,1000008688,Correo Argentino,CA615090962AR,DELIVERED,2025-04-08 17:35:05,2025-04-10 12:35:01
9000004984,1000008689,Correo Argentino,CA308730132AR,DELIVERED,2025-04-08 18:41:16,2025-04-10 16:51:16
9000004985,1000008690,Correo Argentino,CA272163843AR,DELIVERED,2025-04-08 16:50:59,2025-04-14 14:22:31
9000004986,1000008691,Correo Argentino,CA431371229AR,DELIVERED,2025-04-08 16:19:02,2025-04-15 10:29:43
9000004987,1000008693,Correo Argentino,CA365934355AR,DELIVERED,2025-04-08 17:14:37,2025-04-15 12:22:27
9000004988,1000008697,Correo Argentino,CA416432981AR,DELIVERED,2025-04-09 17:37:03,2025-04-11 17:19:32
9000004989,1000008698,Correo Argentino,CA716532310AR,DELIVERED,2025-04-08 18:55:49,2025-04-10 13:55:28
9000004990,1000008699,Correo Argentino,CA192159483AR,DELIVERED,2025-04-08 16:39:12,2025-04-11 09:58:45
9000004991,1000008701,Correo Argentino,CA561676978AR,DELIVERED,2025-04-09 16:37:58,2025-04-15 12:44:50
9000004992,1000008705,Correo Argentino,CA611422018AR,DELIVERED,2025-04-09 18:58:25,2025-04-14 19:56:44
9000004993,1000008706,Correo Argentino,CA916923127AR,DELIVERED,2025-04-09 18:40:24,2025-04-14 14:16:29
9000004994,1000008709,Correo Argentino,CA995712241AR,DELIVERED,2025-04-09 17:20:40,2025-04-14 16:22:13
9000004995,1000008710,Correo Argentino,CA418258089AR,DELIVERED,2025-04-09 18:36:54,2025-04-11 11:09:01
9000004996,1000008712,Correo Argentino,CA788117573AR,DELIVERED,2025-04-09 16:35:33,2025-04-11 09:42:16
9000004997,1000008714,Correo Argentino,CA433126780AR,DELIVERED,2025-04-09 18:03:54,2025-04-14 17:33:21
9000004998,1000008715,Correo Argentino,CA305184172AR,DELIVERED,2025-04-09 17:20:05,2025-04-11 19:01:50
9000004999,1000008716,Correo Argentino,CA464807664AR,DELIVERED,2025-04-09 16:08:52,2025-04-15 09:35:11
9000005000,1000008717,Correo Argentino,CA652409864AR,DELIVERED,2025-04-09 17:11:06,2025-04-15 10:24:42
9000005001,1000008718,Correo Argentino,CA767662487AR,DELIVERED,2025-04-09 17:59:34,2025-04-15 10:07:41
9000005002,1000008719,Correo Argentino,CA789881259AR,DELIVERED,2025-04-09 18:22:25,2025-04-14 15:58:40
9000005003,1000008722,Correo Argentino,CA210616856AR,DELIVERED,2025-04-09 16:25:48,2025-04-16 14:02:31
9000005004,1000008723,Correo Argentino,CA477916974AR,DELIVERED,2025-04-09 17:59:30,2025-04-11 10:27:34
9000005005,1000008724,Correo Argentino,CA029272475AR,DELIVERED,2025-04-09 18:43:39,2025-04-14 12:53:57
9000005006,1000008725,Correo Argentino,CA426365944AR,DELIVERED,2025-04-10 16:17:11,2025-04-15 18:50:32
9000005007,1000008726,Correo Argentino,CA272507546AR,DELIVERED,2025-04-09 18:03:14,2025-04-11 09:18:37
9000005008,1000008728,Correo Argentino,CA181146641AR,DELIVERED,2025-04-10 18:55:26,2025-04-15 18:58:41
9000005009,1000008729,Correo Argentino,CA920825779AR,DELIVERED,2025-04-10 17:24:24,2025-04-15 13:20:56
9000005010,1000008730,Correo Argentino,CA462997461AR,DELIVERED,2025-04-10 18:30:09,2025-04-17 17:34:11
9000005011,1000008731,Correo Argentino,CA615478286AR,DELIVERED,2025-04-10 18:36:33,2025-04-16 16:15:33
9000005012,1000008733,Correo Argentino,CA811989235AR,DELIVERED,2025-04-10 18:13:14,2025-04-15 12:48:44
9000005013,1000008734,Correo Argentino,CA241727417AR,DELIVERED,2025-04-10 18:04:29,2025-04-17 18:43:31
9000005014,1000008735,Correo Argentino,CA073638804AR,DELIVERED,2025-04-10 17:02:09,2025-04-15 16:39:02
9000005015,1000008738,Correo Argentino,CA752129398AR,DELIVERED,2025-04-10 17:40:04,2025-04-11 19:28:05
9000005016,1000008739,Correo Argentino,CA834459286AR,DELIVERED,2025-04-10 17:38:24,2025-04-15 09:57:06
9000005017,1000008740,Correo Argentino,,CANCELLED,,
9000005018,1000008741,Correo Argentino,CA868106053AR,DELIVERED,2025-04-10 16:09:46,2025-04-15 15:35:14
9000005019,1000008742,Correo Argentino,CA409018906AR,DELIVERED,2025-04-10 18:18:23,2025-04-11 18:17:07
9000005020,1000008743,Correo Argentino,CA965559082AR,DELIVERED,2025-04-10 16:47:51,2025-04-14 19:37:01
9000005021,1000008745,Correo Argentino,CA638111463AR,DELIVERED,2025-04-10 16:13:11,2025-04-11 17:22:28
9000005022,1000008748,Correo Argentino,CA623976989AR,DELIVERED,2025-04-10 16:14:07,2025-04-14 19:57:50
9000005023,1000008750,Correo Argentino,CA722173051AR,DELIVERED,2025-04-11 16:10:06,2025-04-16 16:12:29
9000005024,1000008752,Correo Argentino,CA999051123AR,DELIVERED,2025-04-11 17:43:57,2025-04-14 12:24:20
9000005025,1000008753,Correo Argentino,CA463831350AR,DELIVERED,2025-04-11 17:39:44,2025-04-14 18:34:41
9000005026,1000008754,Correo Argentino,CA235376956AR,DELIVERED,2025-04-11 16:15:43,2025-04-16 12:33:14
9000005027,1000008756,Correo Argentino,CA082673337AR,DELIVERED,2025-04-11 16:44:50,2025-04-17 18:08:38
9000005028,1000008758,Correo Argentino,CA544214492AR,DELIVERED,2025-04-11 16:39:54,2025-04-15 09:16:06
9000005029,1000008759,Correo Argentino,CA668660374AR,DELIVERED,2025-04-11 16:20:46,2025-04-17 15:44:05
9000005030,1000008760,Correo Argentino,CA311044101AR,DELIVERED,2025-04-11 16:33:35,2025-04-17 12:24:40
9000005031,1000008761,Correo Argentino,CA548916411AR,DELIVERED,2025-04-11 17:37:36,2025-04-16 18:11:02
9000005032,1000008762,Correo Argentino,CA359280481AR,DELIVERED,2025-04-14 16:56:21,2025-04-16 13:04:13
9000005033,1000008764,Correo Argentino,CA988315425AR,DELIVERED,2025-04-11 17:23:08,2025-04-16 15:06:49
9000005034,1000008766,Correo Argentino,CA997835452AR,DELIVERED,2025-04-11 16:29:15,2025-04-14 12:35:22
9000005035,1000008768,Correo Argentino,CA893523693AR,DELIVERED,2025-04-11 16:43:01,2025-04-17 11:21:46
9000005036,1000008769,Correo Argentino,,CANCELLED,,
9000005037,1000008770,Correo Argentino,CA513311374AR,DELIVERED,2025-04-11 18:31:29,2025-04-14 18:31:10
9000005038,1000008776,Correo Argentino,CA975855667AR,DELIVERED,2025-04-14 16:48:08,2025-04-16 15:05:20
9000005039,1000008777,Correo Argentino,CA904082928AR,DELIVERED,2025-04-14 16:20:48,2025-04-17 13:22:46
9000005040,1000008779,Correo Argentino,CA354211105AR,DELIVERED,2025-04-14 16:11:08,2025-04-17 15:25:55
9000005041,1000008781,Correo Argentino,CA468174206AR,DELIVERED,2025-04-14 18:19:58,2025-04-18 13:41:38
9000005042,1000008782,Correo Argentino,,CANCELLED,,
9000005043,1000008783,Correo Argentino,CA655669517AR,DELIVERED,2025-04-14 18:21:18,2025-04-16 18:43:54
9000005044,1000008784,Correo Argentino,CA571896716AR,DELIVERED,2025-04-14 16:02:47,2025-04-17 17:08:17
9000005045,1000008785,Correo Argentino,CA066871093AR,DELIVERED,2025-04-14 18:46:17,2025-04-16 16:30:00
9000005046,1000008786,Correo Argentino,,CANCELLED,,
9000005047,1000008787,Correo Argentino,CA922915193AR,DELIVERED,2025-04-14 18:36:43,2025-04-18 16:21:10
9000005048,1000008789,Correo Argentino,CA003752109AR,DELIVERED,2025-04-14 17:38:01,2025-04-17 15:49:30
9000005049,1000008790,Correo Argentino,CA080331467AR,DELIVERED,2025-04-14 18:07:49,2025-04-15 13:42:51
9000005050,1000008791,Correo Argentino,CA485482808AR,DELIVERED,2025-04-14 16:20:47,2025-04-18 18:19:27
9000005051,1000008792,Correo Argentino,CA335339873AR,DELIVERED,2025-04-14 17:00:50,2025-04-15 16:45:03
9000005052,1000008793,Correo Argentino,CA703132755AR,DELIVERED,2025-04-14 18:27:13,2025-04-17 13:18:10
9000005053,1000008794,Correo Argentino,CA350576017AR,DELIVERED,2025-04-14 17:35:49,2025-04-16 09:59:54
9000005054,1000008797,Correo Argentino,CA327230052AR,DELIVERED,2025-04-14 18:19:12,2025-04-18 17:17:35
9000005055,1000008801,Correo Argentino,CA173143496AR,DELIVERED,2025-04-14 17:57:59,2025-04-17 17:18:21
9000005056,1000008802,Correo Argentino,CA218856754AR,DELIVERED,2025-04-14 16:07:03,2025-04-17 18:27:30
9000005057,1000008803,Correo Argentino,CA118532298AR,DELIVERED,2025-04-14 16:34:07,2025-04-16 16:27:40
9000005058,1000008804,Correo Argentino,CA470781170AR,DELIVERED,2025-04-14 16:10:56,2025-04-17 17:37:59
9000005059,1000008806,Correo Argentino,CA523411536AR,DELIVERED,2025-04-14 17:35:36,2025-04-18 13:26:36
9000005060,1000008807,Correo Argentino,CA953449591AR,DELIVERED,2025-04-14 17:46:22,2025-04-17 11:15:50
9000005061,1000008808,Correo Argentino,CA574383756AR,DELIVERED,2025-04-14 16:15:24,2025-04-18 18:10:53
9000005062,1000008810,Correo Argentino,CA549242556AR,DELIVERED,2025-04-14 16:17:52,2025-04-16 16:48:17
9000005063,1000008811,Correo Argentino,CA724605044AR,DELIVERED,2025-04-14 18:18:35,2025-04-16 19:43:56
9000005064,1000008812,Correo Argentino,CA030253920AR,DELIVERED,2025-04-14 16:24:40,2025-04-17 16:15:10
9000005065,1000008813,Correo Argentino,CA524073443AR,DELIVERED,2025-04-14 16:40:57,2025-04-15 13:27:57
9000005066,1000008814,Correo Argentino,CA929022584AR,DELIVERED,2025-04-14 18:02:05,2025-04-18 10:00:46
9000005067,1000008815,Correo Argentino,CA055541122AR,DELIVERED,2025-04-14 18:53:07,2025-04-15 19:37:05
9000005068,1000008817,Correo Argentino,CA559817337AR,DELIVERED,2025-04-14 16:36:55,2025-04-18 16:15:42
9000005069,1000008818,Correo Argentino,CA838368159AR,DELIVERED,2025-04-14 16:37:30,2025-04-17 11:42:39
9000005070,1000008819,Correo Argentino,CA196660943AR,DELIVERED,2025-04-14 16:36:44,2025-04-18 11:25:54
9000005071,1000008820,Correo Argentino,CA280493727AR,DELIVERED,2025-04-14 18:27:47,2025-04-16 16:05:12
9000005072,1000008821,Correo Argentino,CA178201290AR,DELIVERED,2025-04-14 16:03:27,2025-04-17 13:35:59
9000005073,1000008823,Correo Argentino,CA787589239AR,DELIVERED,2025-04-14 17:44:45,2025-04-15 14:11:01
9000005074,1000008824,Correo Argentino,CA498068735AR,DELIVERED,2025-04-14 17:31:33,2025-04-16 14:42:18
9000005075,1000008826,Correo Argentino,CA398730740AR,DELIVERED,2025-04-15 16:23:17,2025-04-17 11:53:24
9000005076,1000008827,Correo Argentino,CA694970896AR,DELIVERED,2025-04-15 18:38:44,2025-04-17 12:21:38
9000005077,1000008828,Correo Argentino,CA469259502AR,DELIVERED,2025-04-15 18:03:16,2025-04-16 14:20:29
9000005078,1000008830,Correo Argentino,CA600655726AR,DELIVERED,2025-04-15 18:43:34,2025-04-17 10:13:29
9000005079,1000008832,Correo Argentino,CA680488117AR,DELIVERED,2025-04-15 18:33:49,2025-04-17 16:40:19
9000005080,1000008833,Correo Argentino,CA182715154AR,DELIVERED,2025-04-15 17:02:49,2025-04-21 18:37:21
9000005081,1000008837,Correo Argentino,CA027399285AR,DELIVERED,2025-04-15 17:13:16,2025-04-18 19:26:28
9000005082,1000008842,Correo Argentino,CA428421136AR,DELIVERED,2025-04-15 17:58:44,2025-04-22 12:21:42
9000005083,1000008843,Correo Argentino,CA600274168AR,DELIVERED,2025-04-15 17:24:22,2025-04-17 15:25:31
9000005084,1000008844,Correo Argentino,CA181715132AR,DELIVERED,2025-04-15 18:48:58,2025-04-16 09:47:12
9000005085,1000008845,Correo Argentino,CA230925958AR,DELIVERED,2025-04-15 17:03:33,2025-04-17 11:27:22
9000005086,1000008846,Correo Argentino,CA374312687AR,DELIVERED,2025-04-15 17:36:21,2025-04-22 15:07:56
9000005087,1000008847,Correo Argentino,CA870303816AR,DELIVERED,2025-04-15 18:42:32,2025-04-17 11:43:09
9000005088,1000008848,Correo Argentino,CA141205422AR,DELIVERED,2025-04-15 17:19:25,2025-04-17 14:39:32
9000005089,1000008853,Correo Argentino,CA423497671AR,DELIVERED,2025-04-16 18:21:17,2025-04-17 14:24:45
9000005090,1000008854,Correo Argentino,CA671440539AR,DELIVERED,2025-04-16 16:57:52,2025-04-18 12:05:14
9000005091,1000008855,Correo Argentino,CA407927226AR,DELIVERED,2025-04-16 18:31:09,2025-04-18 18:36:17
9000005092,1000008857,Correo Argentino,CA586021436AR,DELIVERED,2025-04-16 17:04:36,2025-04-18 16:37:37
9000005093,1000008860,Correo Argentino,CA720798937AR,DELIVERED,2025-04-16 18:23:52,2025-04-21 16:45:22
9000005094,1000008861,Correo Argentino,CA154284367AR,DELIVERED,2025-04-16 17:40:22,2025-04-22 13:59:49
9000005095,1000008862,Correo Argentino,CA246906942AR,DELIVERED,2025-04-16 18:56:14,2025-04-18 13:15:35
9000005096,1000008863,Correo Argentino,CA346479553AR,DELIVERED,2025-04-16 17:44:51,2025-04-21 15:36:25
9000005097,1000008864,Correo Argentino,CA899740986AR,DELIVERED,2025-04-16 17:48:36,2025-04-17 09:06:02
9000005098,1000008865,Correo Argentino,CA345738226AR,DELIVERED,2025-04-16 16:15:00,2025-04-22 17:25:08
9000005099,1000008866,Correo Argentino,CA454359521AR,DELIVERED,2025-04-17 18:06:01,2025-04-23 09:34:20
9000005100,1000008867,Correo Argentino,CA862870935AR,DELIVERED,2025-04-16 17:10:02,2025-04-18 19:36:37
9000005101,1000008868,Correo Argentino,,CANCELLED,,
9000005102,1000008872,Correo Argentino,CA311255643AR,DELIVERED,2025-04-16 18:55:48,2025-04-21 11:59:12
9000005103,1000008874,Correo Argentino,CA508320594AR,DELIVERED,2025-04-17 16:21:58,2025-04-18 09:09:10
9000005104,1000008876,Correo Argentino,CA217290817AR,DELIVERED,2025-04-17 18:10:06,2025-04-18 14:24:30
9000005105,1000008880,Correo Argentino,CA609109917AR,DELIVERED,2025-04-17 18:38:02,2025-04-22 12:33:33
9000005106,1000008881,Correo Argentino,CA499187309AR,DELIVERED,2025-04-17 17:17:55,2025-04-21 10:50:33
9000005107,1000008883,Correo Argentino,CA361592610AR,DELIVERED,2025-04-17 16:16:35,2025-04-21 14:02:40
9000005108,1000008884,Correo Argentino,CA558541154AR,DELIVERED,2025-04-17 17:47:50,2025-04-22 10:58:03
9000005109,1000008885,Correo Argentino,CA756804057AR,DELIVERED,2025-04-17 17:54:46,2025-04-22 10:01:18
9000005110,1000008886,Correo Argentino,CA947212276AR,DELIVERED,2025-04-17 16:18:16,2025-04-22 09:08:26
9000005111,1000008887,Correo Argentino,CA859004256AR,DELIVERED,2025-04-17 17:29:56,2025-04-22 18:15:10
9000005112,1000008888,Correo Argentino,CA309511997AR,DELIVERED,2025-04-17 16:00:54,2025-04-22 13:35:21
9000005113,1000008889,Correo Argentino,CA913993194AR,DELIVERED,2025-04-17 18:12:14,2025-04-22 09:00:29
9000005114,1000008890,Correo Argentino,CA620886637AR,DELIVERED,2025-04-18 16:29:49,2025-04-22 09:23:33
9000005115,1000008892,Correo Argentino,CA375432893AR,DELIVERED,2025-04-18 18:32:21,2025-04-21 18:30:47
9000005116,1000008893,Correo Argentino,CA447727233AR,DELIVERED,2025-04-18 17:13:01,2025-04-24 18:21:47
9000005117,1000008895,Correo Argentino,CA687670084AR,DELIVERED,2025-04-18 17:28:38,2025-04-25 12:01:27
9000005118,1000008897,Correo Argentino,CA601955651AR,DELIVERED,2025-04-18 16:03:57,2025-04-23 15:33:14
9000005119,1000008898,Correo Argentino,CA471999612AR,DELIVERED,2025-04-18 17:42:00,2025-04-23 17:55:42
9000005120,1000008899,Correo Argentino,CA558018038AR,DELIVERED,2025-04-18 16:21:07,2025-04-24 14:32:52
9000005121,1000008900,Correo Argentino,CA770937966AR,DELIVERED,2025-04-18 18:32:29,2025-04-24 14:58:01
9000005122,1000008901,Correo Argentino,CA345506226AR,DELIVERED,2025-04-18 16:27:39,2025-04-23 09:29:55
9000005123,1000008902,Correo Argentino,CA269809943AR,DELIVERED,2025-04-18 17:08:37,2025-04-22 09:27:48
9000005124,1000008903,Correo Argentino,CA122620669AR,DELIVERED,2025-04-18 17:22:27,2025-04-24 16:04:11
9000005125,1000008904,Correo Argentino,CA413264837AR,DELIVERED,2025-04-21 16:34:03,2025-04-23 14:02:00
9000005126,1000008909,Correo Argentino,CA983678443AR,DELIVERED,2025-04-21 16:33:16,2025-04-23 14:17:37
9000005127,1000008910,Correo Argentino,CA046416208AR,DELIVERED,2025-04-21 17:40:39,2025-04-23 14:25:55
9000005128,1000008911,Correo Argentino,CA507819712AR,DELIVERED,2025-04-21 16:49:01,2025-04-23 16:50:10
9000005129,1000008912,Correo Argentino,CA823541760AR,DELIVERED,2025-04-21 17:41:28,2025-04-23 14:25:56
9000005130,1000008913,Correo Argentino,CA456143173AR,DELIVERED,2025-04-21 16:46:56,2025-04-24 11:55:27
9000005131,1000008914,Correo Argentino,CA376771644AR,DELIVERED,2025-04-21 16:31:30,2025-04-25 10:56:42
9000005132,1000008918,Correo Argentino,CA794537864AR,DELIVERED,2025-04-21 16:21:02,2025-04-22 11:42:16
9000005133,1000008919,Correo Argentino,CA428269241AR,DELIVERED,2025-04-21 16:44:08,2025-04-23 11:42:05
9000005134,1000008922,Correo Argentino,CA003161337AR,DELIVERED,2025-04-21 18:53:46,2025-04-25 14:07:40
9000005135,1000008926,Correo Argentino,CA721845353AR,DELIVERED,2025-04-21 18:46:54,2025-04-22 17:43:57
9000005136,1000008928,Correo Argentino,CA493376073AR,DELIVERED,2025-04-21 17:37:30,2025-04-23 16:02:32
9000005137,1000008933,Correo Argentino,CA786970598AR,DELIVERED,2025-04-21 18:43:24,2025-04-25 16:25:09
9000005138,1000008936,Correo Argentino,CA565396625AR,DELIVERED,2025-04-21 18:14:43,2025-04-24 18:41:04
9000005139,1000008937,Correo Argentino,CA038581178AR,DELIVERED,2025-04-21 16:03:34,2025-04-25 11:48:57
9000005140,1000008938,Correo Argentino,CA013517958AR,DELIVERED,2025-04-21 16:08:00,2025-04-23 17:17:05
9000005141,1000008939,Correo Argentino,CA249593218AR,DELIVERED,2025-04-21 17:02:38,2025-04-24 19:50:34
9000005142,1000008940,Correo Argentino,CA909553170AR,DELIVERED,2025-04-21 17:07:17,2025-04-23 19:19:54
9000005143,1000008941,Correo Argentino,CA241434331AR,DELIVERED,2025-04-21 17:33:37,2025-04-25 14:30:02
9000005144,1000008943,Correo Argentino,CA450125410AR,DELIVERED,2025-04-21 16:16:47,2025-04-23 14:42:30
9000005145,1000008944,Correo Argentino,CA048504401AR,DELIVERED,2025-04-21 18:17:51,2025-04-24 16:52:39
9000005146,1000008945,Correo Argentino,CA063223713AR,DELIVERED,2025-04-21 17:39:54,2025-04-24 11:46:12
9000005147,1000008946,Correo Argentino,CA751139407AR,DELIVERED,2025-04-21 18:56:12,2025-04-25 17:49:05
9000005148,1000008947,Correo Argentino,CA419000363AR,DELIVERED,2025-04-21 16:22:08,2025-04-25 15:53:07
9000005149,1000008948,Correo Argentino,CA594656652AR,DELIVERED,2025-04-21 16:55:28,2025-04-23 18:06:03
9000005150,1000008949,Correo Argentino,CA547967521AR,DELIVERED,2025-04-21 17:26:34,2025-04-25 19:10:40
9000005151,1000008957,Correo Argentino,CA281024140AR,DELIVERED,2025-04-22 17:48:11,2025-04-25 10:23:38
9000005152,1000008958,Correo Argentino,CA479837858AR,DELIVERED,2025-04-22 18:58:53,2025-04-25 13:06:01
9000005153,1000008960,Correo Argentino,CA001156050AR,DELIVERED,2025-04-23 17:22:37,2025-04-30 16:14:41
9000005154,1000008962,Correo Argentino,CA121281756AR,DELIVERED,2025-04-22 16:44:43,2025-04-25 16:15:07
9000005155,1000008964,Correo Argentino,CA797876854AR,DELIVERED,2025-04-22 18:18:17,2025-04-23 17:52:35
9000005156,1000008966,Correo Argentino,CA426154923AR,DELIVERED,2025-04-22 16:23:47,2025-04-28 09:44:37
9000005157,1000008968,Correo Argentino,CA517514907AR,DELIVERED,2025-04-22 18:18:15,2025-04-25 16:23:29
9000005158,1000008969,Correo Argentino,CA244449895AR,DELIVERED,2025-04-22 17:51:42,2025-04-23 13:49:05
9000005159,1000008970,Correo Argentino,CA869429123AR,DELIVERED,2025-04-22 16:04:55,2025-04-28 12:43:34
9000005160,1000008972,Correo Argentino,CA848688614AR,DELIVERED,2025-04-22 17:34:36,2025-04-25 15:34:53
9000005161,1000008973,Correo Argentino,CA975170341AR,DELIVERED,2025-04-22 16:22:06,2025-04-29 14:41:18
9000005162,1000008975,Correo Argentino,CA188582443AR,DELIVERED,2025-04-22 16:08:09,2025-04-23 14:34:01
9000005163,1000008977,Correo Argentino,CA352810553AR,DELIVERED,2025-04-23 18:50:32,2025-04-25 10:14:43
9000005164,1000008978,Correo Argentino,CA669404055AR,DELIVERED,2025-04-23 17:06:17,2025-04-25 12:30:00
9000005165,1000008979,Correo Argentino,CA316894853AR,DELIVERED,2025-04-23 18:56:45,2025-04-28 11:05:53
9000005166,1000008980,Correo Argentino,CA477052976AR,DELIVERED,2025-04-23 18:39:46,2025-04-29 17:03:12
9000005167,1000008981,Correo Argentino,CA188779339AR,DELIVERED,2025-04-23 16:39:24,2025-04-25 10:06:18
9000005168,1000008982,Correo Argentino,CA851823527AR,DELIVERED,2025-04-24 17:19:33,2025-04-25 13:25:55
9000005169,1000008985,Correo Argentino,CA697095731AR,DELIVERED,2025-04-23 17:36:49,2025-04-28 14:50:47
9000005170,1000008986,Correo Argentino,CA452150405AR,DELIVERED,2025-04-23 17:53:33,2025-04-29 12:49:24
9000005171,1000008987,Correo Argentino,CA674067120AR,DELIVERED,2025-04-23 17:55:48,2025-04-24 10:39:30
9000005172,1000008988,Correo Argentino,CA717214460AR,DELIVERED,2025-04-25 16:34:53,2025-04-29 12:46:59
9000005173,1000008989,Correo Argentino,CA338183671AR,DELIVERED,2025-04-23 16:26:09,2025-04-28 17:53:53
9000005174,1000008990,Correo Argentino,CA194280257AR,DELIVERED,2025-04-24 18:24:21,2025-04-25 16:13:46
9000005175,1000008991,Correo Argentino,CA842230908AR,DELIVERED,2025-04-23 16:31:16,2025-04-24 13:11:28
9000005176,1000008992,Correo Argentino,CA773972172AR,DELIVERED,2025-04-23 17:51:12,2025-04-25 19:14:46
9000005177,1000008994,Correo Argentino,CA383252758AR,DELIVERED,2025-04-23 17:24:33,2025-04-25 13:07:45
9000005178,1000008996,Correo Argentino,CA484807543AR,DELIVERED,2025-04-24 16:09:40,2025-04-29 11:40:10
9000005179,1000008997,Correo Argentino,CA702655440AR,DELIVERED,2025-04-24 18:32:33,2025-04-25 10:08:36
9000005180,1000009001,Correo Argentino,CA058594443AR,DELIVERED,2025-04-24 17:33:49,2025-04-28 12:14:07
9000005181,1000009003,Correo Argentino,CA363342084AR,DELIVERED,2025-04-24 18:46:03,2025-04-29 16:33:47
9000005182,1000009005,Correo Argentino,CA658764542AR,DELIVERED,2025-04-24 16:31:11,2025-04-28 09:16:03
9000005183,1000009006,Correo Argentino,CA294821813AR,DELIVERED,2025-04-24 18:53:47,2025-04-25 16:02:21
9000005184,1000009007,Correo Argentino,CA406826004AR,DELIVERED,2025-04-24 16:08:50,2025-04-30 17:56:59
9000005185,1000009010,Correo Argentino,CA095464974AR,DELIVERED,2025-04-25 16:48:59,2025-04-28 09:21:14
9000005186,1000009011,Correo Argentino,CA153939649AR,DELIVERED,2025-04-25 18:17:31,2025-04-29 10:07:08
9000005187,1000009014,Correo Argentino,,CANCELLED,,
9000005188,1000009016,Correo Argentino,CA613515113AR,DELIVERED,2025-04-25 17:57:39,2025-05-02 16:50:28
9000005189,1000009017,Correo Argentino,CA607213029AR,DELIVERED,2025-04-25 17:15:55,2025-04-30 13:28:54
9000005190,1000009018,Correo Argentino,CA712435747AR,DELIVERED,2025-04-25 17:12:38,2025-04-29 18:47:18
9000005191,1000009020,Correo Argentino,CA539834204AR,DELIVERED,2025-04-25 16:16:55,2025-04-30 18:07:26
9000005192,1000009021,Correo Argentino,CA753060457AR,DELIVERED,2025-04-25 16:07:25,2025-05-02 18:56:04
9000005193,1000009022,Correo Argentino,CA550349013AR,DELIVERED,2025-04-25 17:42:14,2025-04-29 09:15:34
9000005194,1000009024,Correo Argentino,CA243211411AR,DELIVERED,2025-04-28 18:56:29,2025-05-05 14:34:40
9000005195,1000009025,Correo Argentino,CA527287356AR,DELIVERED,2025-04-28 18:51:28,2025-05-05 14:17:42
9000005196,1000009026,Correo Argentino,CA784015505AR,DELIVERED,2025-04-28 18:49:28,2025-04-30 12:10:00
9000005197,1000009027,Correo Argentino,CA419866976AR,DELIVERED,2025-04-28 17:38:59,2025-05-05 11:00:29
9000005198,1000009028,Correo Argentino,CA917187473AR,DELIVERED,2025-04-28 18:55:07,2025-04-29 10:38:03
9000005199,1000009031,Correo Argentino,CA979717563AR,DELIVERED,2025-04-28 17:52:32,2025-05-06 17:37:34
9000005200,1000009032,Correo Argentino,CA236873029AR,DELIVERED,2025-04-28 17:24:46,2025-05-05 11:09:11
9000005201,1000009033,Correo Argentino,CA621186269AR,DELIVERED,2025-04-28 17:46:50,2025-04-30 16:49:30
9000005202,1000009035,Correo Argentino,CA744566304AR,DELIVERED,2025-04-28 16:44:08,2025-05-02 16:29:22
9000005203,1000009036,Correo Argentino,CA201518266AR,DELIVERED,2025-04-28 17:41:38,2025-05-06 10:53:55
9000005204,1000009037,Correo Argentino,CA084910533AR,DELIVERED,2025-04-28 18:33:37,2025-04-30 16:23:42
9000005205,1000009039,Correo Argentino,CA921040158AR,DELIVERED,2025-04-28 18:06:23,2025-05-05 19:13:30
9000005206,1000009044,Correo Argentino,CA618515480AR,DELIVERED,2025-04-28 18:55:44,2025-04-29 09:00:53
9000005207,1000009050,Correo Argentino,CA316493556AR,DELIVERED,2025-04-28 16:32:08,2025-05-05 11:44:33
9000005208,1000009051,Correo Argentino,CA832254806AR,DELIVERED,2025-04-28 18:01:45,2025-05-05 09:35:43
9000005209,1000009056,Correo Argentino,CA991204312AR,DELIVERED,2025-04-28 17:20:38,2025-04-30 11:32:14
9000005210,1000009057,Correo Argentino,CA097428823AR,DELIVERED,2025-04-28 16:09:16,2025-04-30 14:50:56
9000005211,1000009059,Correo Argentino,CA500462050AR,DELIVERED,2025-04-28 18:33:39,2025-05-06 11:39:33
9000005212,1000009060,Correo Argentino,CA095168901AR,DELIVERED,2025-04-28 16:47:17,2025-04-30 14:33:05
9000005213,1000009063,Correo Argentino,CA662872207AR,DELIVERED,2025-04-29 16:55:34,2025-05-05 11:22:45
9000005214,1000009064,Correo Argentino,CA683839037AR,DELIVERED,2025-04-28 16:50:18,2025-05-05 17:06:27
9000005215,1000009065,Correo Argentino,CA294344444AR,DELIVERED,2025-04-28 16:59:57,2025-04-29 12:19:25
9000005216,1000009066,Correo Argentino,CA047872802AR,DELIVERED,2025-04-28 17:04:43,2025-04-30 18:39:15
9000005217,1000009067,Correo Argentino,CA228542824AR,DELIVERED,2025-04-28 17:43:35,2025-04-30 16:20:51
9000005218,1000009068,Correo Argentino,CA896042181AR,DELIVERED,2025-04-28 17:45:15,2025-04-30 16:34:21
9000005219,1000009069,Correo Argentino,CA257992081AR,DELIVERED,2025-04-28 18:02:44,2025-04-30 16:51:36
9000005220,1000009070,Correo Argentino,CA219633842AR,DELIVERED,2025-04-28 18:34:22,2025-05-02 09:07:39
9000005221,1000009071,Correo Argentino,CA061267356AR,DELIVERED,2025-04-28 16:01:04,2025-05-06 13:06:53
9000005222,1000009072,Correo Argentino,CA896938064AR,DELIVERED,2025-04-28 16:08:17,2025-05-05 15:41:22
9000005223,1000009073,Correo Argentino,CA623983553AR,DELIVERED,2025-04-28 18:24:22,2025-04-30 16:19:03
9000005224,1000009079,Correo Argentino,CA238246397AR,DELIVERED,2025-04-29 17:26:58,2025-05-02 11:41:14
9000005225,1000009080,Correo Argentino,CA226824199AR,DELIVERED,2025-04-29 17:35:00,2025-05-02 16:20:44
9000005226,1000009081,Correo Argentino,CA067105057AR,DELIVERED,2025-04-29 17:23:56,2025-04-30 11:22:17
9000005227,1000009083,Correo Argentino,CA468469490AR,DELIVERED,2025-04-29 17:16:04,2025-05-06 10:47:19
9000005228,1000009084,Correo Argentino,CA636387804AR,DELIVERED,2025-04-29 17:27:57,2025-05-05 16:46:10
9000005229,1000009085,Correo Argentino,CA664093942AR,DELIVERED,2025-04-29 16:41:21,2025-05-06 17:44:35
9000005230,1000009089,Correo Argentino,CA643370849AR,DELIVERED,2025-04-30 17:19:33,2025-05-06 17:15:26
9000005231,1000009090,Correo Argentino,CA391822162AR,DELIVERED,2025-04-30 18:44:59,2025-05-06 14:05:26
9000005232,1000009093,Correo Argentino,CA055139448AR,DELIVERED,2025-04-30 18:56:31,2025-05-05 09:11:56
9000005233,1000009095,Correo Argentino,CA706495212AR,DELIVERED,2025-04-30 17:03:05,2025-05-02 12:47:39
9000005234,1000009096,Correo Argentino,CA024928770AR,DELIVERED,2025-04-30 17:11:09,2025-05-07 10:27:42
9000005235,1000009104,Correo Argentino,CA945400046AR,DELIVERED,2025-04-30 16:00:03,2025-05-06 16:53:26
9000005236,1000009105,Correo Argentino,CA412750774AR,DELIVERED,2025-04-30 16:11:55,2025-05-06 10:21:15
9000005237,1000009106,Correo Argentino,CA720746540AR,DELIVERED,2025-04-30 16:59:03,2025-05-05 14:51:41
9000005238,1000009107,Correo Argentino,CA282254342AR,DELIVERED,2025-04-30 18:31:30,2025-05-05 11:48:25
9000005239,1000009117,Correo Argentino,CA846208320AR,DELIVERED,2025-05-02 16:52:56,2025-05-08 16:50:58
9000005240,1000009119,Correo Argentino,CA152937820AR,DELIVERED,2025-05-02 17:12:58,2025-05-08 15:48:40
9000005241,1000009120,Correo Argentino,CA092371050AR,DELIVERED,2025-05-02 17:13:59,2025-05-09 10:39:43
9000005242,1000009121,Correo Argentino,CA217548374AR,DELIVERED,2025-05-02 16:48:10,2025-05-07 19:46:00
9000005243,1000009123,Correo Argentino,CA879694780AR,DELIVERED,2025-05-02 18:59:59,2025-05-07 12:00:53
9000005244,1000009124,Correo Argentino,CA261754153AR,DELIVERED,2025-05-02 17:15:44,2025-05-06 16:54:49
9000005245,1000009125,Correo Argentino,CA120638678AR,DELIVERED,2025-05-02 17:32:29,2025-05-07 14:37:36
9000005246,1000009126,Correo Argentino,,CANCELLED,,
9000005247,1000009128,Correo Argentino,CA015447068AR,DELIVERED,2025-05-02 18:07:31,2025-05-06 14:32:03
9000005248,1000009129,Correo Argentino,CA066093693AR,DELIVERED,2025-05-02 18:06:53,2025-05-07 15:27:21
9000005249,1000009130,Correo Argentino,CA129624970AR,DELIVERED,2025-05-02 17:34:36,2025-05-08 12:42:43
9000005250,1000009131,Correo Argentino,CA320222273AR,DELIVERED,2025-05-02 16:19:49,2025-05-07 19:14:04
9000005251,1000009132,Correo Argentino,CA399787361AR,DELIVERED,2025-05-02 18:00:57,2025-05-07 17:25:39
9000005252,1000009133,Correo Argentino,CA032548508AR,DELIVERED,2025-05-02 18:19:11,2025-05-07 11:01:00
9000005253,1000009134,Correo Argentino,CA714656962AR,DELIVERED,2025-05-05 16:39:29,2025-05-07 14:34:36
9000005254,1000009135,Correo Argentino,CA253691136AR,DELIVERED,2025-05-02 16:05:51,2025-05-07 16:41:22
9000005255,1000009136,Correo Argentino,CA076754576AR,DELIVERED,2025-05-02 16:56:49,2025-05-08 09:15:18
9000005256,1000009137,Correo Argentino,,CANCELLED,,
9000005257,1000009138,Correo Argentino,CA346844056AR,DELIVERED,2025-05-02 17:46:41,2025-05-06 09:49:22
9000005258,1000009140,Correo Argentino,CA541014498AR,DELIVERED,2025-05-02 18:48:34,2025-05-06 12:14:07
9000005259,1000009141,Correo Argentino,CA552167839AR,DELIVERED,2025-05-02 17:55:07,2025-05-09 19:01:43
9000005260,1000009144,Correo Argentino,CA056363516AR,DELIVERED,2025-05-05 17:18:02,2025-05-08 19:03:12
9000005261,1000009145,Correo Argentino,CA329281403AR,DELIVERED,2025-05-05 16:41:22,2025-05-09 16:20:38
9000005262,1000009146,Correo Argentino,CA329840388AR,DELIVERED,2025-05-05 17:33:29,2025-05-09 11:28:27
9000005263,1000009149,Correo Argentino,CA641995271AR,DELIVERED,2025-05-05 16:06:26,2025-05-09 10:46:10
9000005264,1000009152,Correo Argentino,CA153315578AR,DELIVERED,2025-05-05 17:45:44,2025-05-08 13:42:01
9000005265,1000009155,Correo Argentino,CA979505740AR,DELIVERED,2025-05-05 18:26:25,2025-05-07 09:22:01
9000005266,1000009159,Correo Argentino,CA395517702AR,DELIVERED,2025-05-05 17:30:47,2025-05-07 12:16:59
9000005267,1000009163,Correo Argentino,CA726893530AR,DELIVERED,2025-05-05 17:43:12,2025-05-07 18:22:22
9000005268,1000009170,Correo Argentino,CA558303768AR,DELIVERED,2025-05-05 17:26:27,2025-05-09 17:57:36
9000005269,1000009171,Correo Argentino,CA000708006AR,DELIVERED,2025-05-05 16:14:45,2025-05-08 11:44:59
9000005270,1000009172,Correo Argentino,CA539615937AR,DELIVERED,2025-05-05 16:22:11,2025-05-09 12:26:30
9000005271,1000009173,Correo Argentino,CA659426240AR,DELIVERED,2025-05-05 17:57:14,2025-05-08 09:18:19
9000005272,1000009174,Correo Argentino,CA164980240AR,DELIVERED,2025-05-05 16:19:32,2025-05-08 18:40:07
9000005273,1000009175,Correo Argentino,CA646985500AR,DELIVERED,2025-05-05 17:43:24,2025-05-07 09:09:56
9000005274,1000009176,Correo Argentino,CA303988132AR,DELIVERED,2025-05-05 18:16:11,2025-05-07 09:28:41
9000005275,1000009177,Correo Argentino,CA487152236AR,DELIVERED,2025-05-05 18:52:57,2025-05-08 18:42:08
9000005276,1000009178,Correo Argentino,CA423643723AR,DELIVERED,2025-05-05 18:43:01,2025-05-07 19:03:29
9000005277,1000009179,Correo Argentino,CA061267073AR,DELIVERED,2025-05-05 18:56:23,2025-05-07 15:32:54
9000005278,1000009180,Correo Argentino,CA728137197AR,DELIVERED,2025-05-05 16:24:51,2025-05-07 11:02:24
9000005279,1000009181,Correo Argentino,CA831493218AR,DELIVERED,2025-05-06 16:37:10,2025-05-12 10:54:34
9000005280,1000009182,Correo Argentino,CA474670617AR,DELIVERED,2025-05-05 16:15:45,2025-05-12 12:57:59
9000005281,1000009183,Correo Argentino,CA905902860AR,DELIVERED,2025-05-05 18:01:20,2025-05-08 10:26:55
9000005282,1000009184,Correo Argentino,CA153942056AR,DELIVERED,2025-05-05 17:59:13,2025-05-09 09:27:00
9000005283,1000009185,Correo Argentino,CA992013304AR,DELIVERED,2025-05-05 17:28:43,2025-05-07 18:38:58
9000005284,1000009186,Correo Argentino,CA611880316AR,DELIVERED,2025-05-05 17:50:06,2025-05-07 16:40:38
9000005285,1000009187,Correo Argentino,CA880238181AR,DELIVERED,2025-05-05 17:48:41,2025-05-07 10:31:46
9000005286,1000009188,Correo Argentino,CA605934475AR,DELIVERED,2025-05-05 16:12:59,2025-05-07 10:16:25
9000005287,1000009189,Correo Argentino,CA618343292AR,DELIVERED,2025-05-05 17:05:18,2025-05-08 09:51:16
9000005288,1000009190,Correo Argentino,CA887380350AR,DELIVERED,2025-05-05 16:21:48,2025-05-09 14:29:04
9000005289,1000009191,Correo Argentino,CA684901479AR,DELIVERED,2025-05-05 18:27:12,2025-05-09 11:36:54
9000005290,1000009193,Correo Argentino,CA069553811AR,DELIVERED,2025-05-06 18:05:39,2025-05-08 13:53:37
9000005291,1000009196,Correo Argentino,CA353692875AR,DELIVERED,2025-05-06 18:21:27,2025-05-08 11:02:55
9000005292,1000009198,Correo Argentino,CA804063809AR,DELIVERED,2025-05-06 17:49:45,2025-05-07 19:16:33
9000005293,1000009199,Correo Argentino,CA573154993AR,DELIVERED,2025-05-06 16:38:15,2025-05-12 16:53:38
9000005294,1000009202,Correo Argentino,CA538276905AR,DELIVERED,2025-05-06 16:56:22,2025-05-09 13:36:49
9000005295,1000009204,Correo Argentino,CA946472028AR,DELIVERED,2025-05-06 16:34:16,2025-05-07 14:01:15
9000005296,1000009205,Correo Argentino,CA384354668AR,DELIVERED,2025-05-06 17:45:40,2025-05-09 13:52:28
9000005297,1000009206,Correo Argentino,CA571154737AR,DELIVERED,2025-05-06 16:59:51,2025-05-09 18:12:08
9000005298,1000009207,Correo Argentino,CA133819778AR,DELIVERED,2025-05-06 17:45:59,2025-05-09 19:19:39
9000005299,1000009208,Correo Argentino,CA884125919AR,DELIVERED,2025-05-06 17:33:46,2025-05-12 11:38:57
9000005300,1000009209,Correo Argentino,CA441210710AR,DELIVERED,2025-05-06 16:35:31,2025-05-08 09:30:41
9000005301,1000009210,Correo Argentino,CA941790042AR,DELIVERED,2025-05-06 16:18:16,2025-05-08 11:43:05
9000005302,1000009212,Correo Argentino,CA790072124AR,DELIVERED,2025-05-06 17:33:10,2025-05-08 18:25:01
9000005303,1000009214,Correo Argentino,CA634408400AR,DELIVERED,2025-05-07 18:11:39,2025-05-14 11:21:42
9000005304,1000009217,Correo Argentino,CA012767459AR,DELIVERED,2025-05-07 18:46:07,2025-05-12 17:34:02
9000005305,1000009218,Correo Argentino,CA829924620AR,DELIVERED,2025-05-07 17:25:23,2025-05-12 18:31:14
9000005306,1000009219,Correo Argentino,CA329624396AR,DELIVERED,2025-05-07 16:33:27,2025-05-08 19:37:20
9000005307,1000009222,Correo Argentino,,CANCELLED,,
9000005308,1000009223,Correo Argentino,CA296530386AR,DELIVERED,2025-05-07 17:24:23,2025-05-12 16:50:15
9000005309,1000009225,Correo Argentino,CA227261847AR,DELIVERED,2025-05-07 16:54:22,2025-05-12 16:16:53
9000005310,1000009226,Correo Argentino,CA023147320AR,DELIVERED,2025-05-07 18:07:35,2025-05-09 09:35:02
9000005311,1000009229,Correo Argentino,CA452436980AR,DELIVERED,2025-05-07 18:20:20,2025-05-08 10:56:48
9000005312,1000009231,Correo Argentino,CA681138106AR,DELIVERED,2025-05-07 17:07:25,2025-05-13 12:24:32
9000005313,1000009232,Correo Argentino,CA511154906AR,DELIVERED,2025-05-07 16:47:25,2025-05-13 15:10:44
9000005314,1000009233,Correo Argentino,CA238991647AR,DELIVERED,2025-05-07 18:23:35,2025-05-12 17:38:47
9000005315,1000009234,Correo Argentino,CA686638229AR,DELIVERED,2025-05-07 17:11:01,2025-05-08 11:33:45
9000005316,1000009235,Correo Argentino,CA771258313AR,DELIVERED,2025-05-07 18:17:06,2025-05-12 09:37:34
9000005317,1000009236,Correo Argentino,CA856624480AR,DELIVERED,2025-05-07 17:45:08,2025-05-12 16:31:03
9000005318,1000009237,Correo Argentino,CA400466922AR,DELIVERED,2025-05-07 17:44:16,2025-05-08 15:19:22
9000005319,1000009238,Correo Argentino,CA577015528AR,DELIVERED,2025-05-07 17:42:16,2025-05-09 11:38:56
9000005320,1000009239,Correo Argentino,CA888456871AR,DELIVERED,2025-05-07 17:57:58,2025-05-09 17:56:15
9000005321,1000009242,Correo Argentino,CA195647652AR,DELIVERED,2025-05-08 16:17:00,2025-05-13 12:55:25
9000005322,1000009243,Correo Argentino,CA401327460AR,DELIVERED,2025-05-08 16:46:52,2025-05-12 09:37:49
9000005323,1000009245,Correo Argentino,CA908044316AR,DELIVERED,2025-05-08 17:34:31,2025-05-12 13:42:59
9000005324,1000009246,Correo Argentino,CA261269191AR,DELIVERED,2025-05-08 18:06:37,2025-05-12 15:25:46
9000005325,1000009247,Correo Argentino,CA127843143AR,DELIVERED,2025-05-08 17:20:27,2025-05-13 13:29:17
9000005326,1000009248,Correo Argentino,CA051073478AR,DELIVERED,2025-05-08 17:13:00,2025-05-14 19:37:15
9000005327,1000009249,Correo Argentino,CA801901344AR,DELIVERED,2025-05-08 16:20:09,2025-05-12 14:28:16
9000005328,1000009250,Correo Argentino,CA982400219AR,DELIVERED,2025-05-08 17:36:13,2025-05-12 13:59:59
9000005329,1000009251,Correo Argentino,CA969453368AR,DELIVERED,2025-05-08 16:45:20,2025-05-12 17:17:11
9000005330,1000009255,Correo Argentino,CA716947817AR,DELIVERED,2025-05-08 18:48:19,2025-05-12 13:24:20
9000005331,1000009256,Correo Argentino,CA990088565AR,DELIVERED,2025-05-09 18:00:09,2025-05-13 18:21:09
9000005332,1000009258,Correo Argentino,CA110798693AR,DELIVERED,2025-05-09 16:49:26,2025-05-14 19:37:08
9000005333,1000009259,Correo Argentino,CA944645432AR,DELIVERED,2025-05-09 18:54:50,2025-05-15 11:27:29
9000005334,1000009261,Correo Argentino,CA919236357AR,DELIVERED,2025-05-09 18:32:15,2025-05-14 15:57:50
9000005335,1000009265,Correo Argentino,CA339715089AR,DELIVERED,2025-05-09 17:14:57,2025-05-12 16:23:50
9000005336,1000009266,Correo Argentino,CA333387220AR,DELIVERED,2025-05-09 16:50:26,2025-05-15 09:40:34
9000005337,1000009267,Correo Argentino,CA959596269AR,DELIVERED,2025-05-09 17:43:51,2025-05-13 19:19:07
9000005338,1000009268,Correo Argentino,CA055425892AR,DELIVERED,2025-05-09 18:19:42,2025-05-12 10:19:30
9000005339,1000009269,Correo Argentino,CA550387192AR,DELIVERED,2025-05-09 16:30:25,2025-05-14 15:30:55
9000005340,1000009271,Correo Argentino,CA694952382AR,DELIVERED,2025-05-09 16:20:26,2025-05-13 19:18:02
9000005341,1000009274,Correo Argentino,CA140549085AR,DELIVERED,2025-05-12 18:24:18,2025-05-20 17:12:03
9000005342,1000009278,Correo Argentino,CA320724583AR,DELIVERED,2025-05-12 16:37:50,2025-05-19 13:55:46
9000005343,1000009280,Correo Argentino,CA862068410AR,DELIVERED,2025-05-12 18:20:09,2025-05-20 12:10:18
9000005344,1000009281,Correo Argentino,CA082327842AR,DELIVERED,2025-05-12 16:30:51,2025-05-14 15:04:53
9000005345,1000009284,Correo Argentino,CA753167078AR,DELIVERED,2025-05-12 17:22:27,2025-05-15 18:37:03
9000005346,1000009285,Correo Argentino,CA145710477AR,DELIVERED,2025-05-12 17:50:54,2025-05-15 12:01:14
9000005347,1000009288,Correo Argentino,CA327762109AR,DELIVERED,2025-05-12 16:20:23,2025-05-16 18:11:02
9000005348,1000009289,Correo Argentino,CA228183387AR,DELIVERED,2025-05-12 17:02:39,2025-05-14 11:30:17
9000005349,1000009290,Correo Argentino,CA862648673AR,DELIVERED,2025-05-12 18:42:59,2025-05-19 12:16:26
9000005350,1000009291,Correo Argentino,CA468517780AR,DELIVERED,2025-05-12 17:57:33,2025-05-15 09:23:31
9000005351,1000009297,Correo Argentino,CA874509188AR,DELIVERED,2025-05-12 16:00:51,2025-05-15 16:16:09
9000005352,1000009302,Correo Argentino,CA379826535AR,DELIVERED,2025-05-12 17:45:54,2025-05-20 16:46:36
9000005353,1000009303,Correo Argentino,CA873455472AR,DELIVERED,2025-05-12 16:18:23,2025-05-19 13:29:29
9000005354,1000009304,Correo Argentino,CA741346406AR,DELIVERED,2025-05-12 18:31:02,2025-05-19 10:24:05
9000005355,1000009314,Correo Argentino,CA121090647AR,DELIVERED,2025-05-12 16:29:02,2025-05-14 17:44:59
9000005356,1000009315,Correo Argentino,CA556317246AR,DELIVERED,2025-05-12 17:38:46,2025-05-16 17:32:12
9000005357,1000009316,Correo Argentino,CA694673353AR,DELIVERED,2025-05-12 18:03:04,2025-05-15 18:21:12
9000005358,1000009317,Correo Argentino,CA743685321AR,DELIVERED,2025-05-12 18:51:39,2025-05-16 18:42:07
9000005359,1000009318,Correo Argentino,CA674644540AR,DELIVERED,2025-05-12 17:24:19,2025-05-16 19:28:00
9000005360,1000009319,Correo Argentino,CA797155351AR,DELIVERED,2025-05-12 16:25:09,2025-05-16 10:25:35
9000005361,1000009320,Correo Argentino,CA063844522AR,DELIVERED,2025-05-12 16:01:23,2025-05-19 14:18:00
9000005362,1000009321,Correo Argentino,CA136642941AR,DELIVERED,2025-05-12 17:54:19,2025-05-19 17:36:25
9000005363,1000009322,Correo Argentino,CA242685727AR,DELIVERED,2025-05-12 16:33:04,2025-05-19 14:18:23
9000005364,1000009323,Correo Argentino,CA311402229AR,DELIVERED,2025-05-12 17:25:27,2025-05-19 16:24:35
9000005365,1000009324,Correo Argentino,CA505073411AR,DELIVERED,2025-05-12 17:05:08,2025-05-16 10:17:58
9000005366,1000009325,Correo Argentino,CA575784977AR,DELIVERED,2025-05-12 18:28:39,2025-05-16 10:55:12
9000005367,1000009327,Correo Argentino,CA477795007AR,DELIVERED,2025-05-12 17:18:34,2025-05-19 17:56:59
9000005368,1000009328,Correo Argentino,CA920914367AR,DELIVERED,2025-05-12 16:50:29,2025-05-15 17:15:36
9000005369,1000009329,Correo Argentino,CA133888020AR,DELIVERED,2025-05-12 16:56:54,2025-05-19 17:41:42
9000005370,1000009331,Correo Argentino,CA590813465AR,DELIVERED,2025-05-12 18:42:47,2025-05-15 19:20:58
9000005371,1000009332,Correo Argentino,CA120908276AR,DELIVERED,2025-05-12 18:09:35,2025-05-20 15:59:47
9000005372,1000009333,Correo Argentino,CA079680248AR,DELIVERED,2025-05-12 16:49:33,2025-05-15 12:51:22
9000005373,1000009334,Correo Argentino,CA976711361AR,DELIVERED,2025-05-12 18:32:17,2025-05-16 18:48:00
9000005374,1000009336,Correo Argentino,CA695422469AR,DELIVERED,2025-05-12 17:32:59,2025-05-15 10:08:36
9000005375,1000009338,Correo Argentino,CA788123818AR,DELIVERED,2025-05-12 16:25:09,2025-05-15 10:39:20
9000005376,1000009339,Correo Argentino,CA628160609AR,DELIVERED,2025-05-12 18:45:12,2025-05-16 15:58:53
9000005377,1000009341,Correo Argentino,CA183212700AR,DELIVERED,2025-05-12 16:08:14,2025-05-15 19:16:26
9000005378,1000009342,Correo Argentino,CA066123712AR,DELIVERED,2025-05-12 17:24:51,2025-05-14 15:52:09
9000005379,1000009343,Correo Argentino,CA628742176AR,DELIVERED,2025-05-12 17:59:27,2025-05-15 14:17:06
9000005380,1000009344,Correo Argentino,CA012812545AR,DELIVERED,2025-05-13 16:35:29,2025-05-21 14:27:41
9000005381,1000009345,Correo Argentino,CA802009278AR,DELIVERED,2025-05-13 16:20:44,2025-05-16 14:50:25
9000005382,1000009347,Correo Argentino,CA349123240AR,DELIVERED,2025-05-13 18:00:35,2025-05-20 14:16:13
9000005383,1000009348,Correo Argentino,CA479360558AR,DELIVERED,2025-05-13 17:55:07,2025-05-19 11:10:36
9000005384,1000009349,Correo Argentino,CA938100230AR,DELIVERED,2025-05-13 18:36:55,2025-05-22 16:04:44
9000005385,1000009350,Correo Argentino,CA516770115AR,DELIVERED,2025-05-13 16:22:00,2025-05-20 14:19:36
9000005386,1000009351,Correo Argentino,CA566946373AR,DELIVERED,2025-05-13 18:01:43,2025-05-20 11:25:28
9000005387,1000009353,Correo Argentino,CA785074113AR,DELIVERED,2025-05-16 18:58:15,2025-05-19 10:34:21
9000005388,1000009354,Correo Argentino,CA090810482AR,DELIVERED,2025-05-13 18:33:30,2025-05-20 15:31:37
9000005389,1000009355,Correo Argentino,CA784913277AR,DELIVERED,2025-05-13 16:18:59,2025-05-15 09:04:36
9000005390,1000009356,Correo Argentino,CA090057246AR,DELIVERED,2025-05-13 17:40:57,2025-05-15 13:37:44
9000005391,1000009357,Correo Argentino,CA405524379AR,DELIVERED,2025-05-13 17:51:07,2025-05-20 13:13:47
9000005392,1000009358,Correo Argentino,CA916234413AR,DELIVERED,2025-05-13 18:44:59,2025-05-20 16:15:46
9000005393,1000009360,Correo Argentino,CA445444524AR,DELIVERED,2025-05-13 18:45:50,2025-05-21 19:05:16
9000005394,1000009363,Correo Argentino,CA151825409AR,DELIVERED,2025-05-13 17:16:45,2025-05-16 18:41:38
9000005395,1000009364,Correo Argentino,CA634367567AR,DELIVERED,2025-05-13 16:18:40,2025-05-21 13:15:00
9000005396,1000009365,Correo Argentino,CA143851169AR,DELIVERED,2025-05-13 18:35:08,2025-05-19 19:44:17
9000005397,1000009366,Correo Argentino,CA596583165AR,DELIVERED,2025-05-13 16:38:26,2025-05-15 09:49:33
9000005398,1000009367,Correo Argentino,CA105269918AR,DELIVERED,2025-05-13 17:01:26,2025-05-16 16:43:08
9000005399,1000009368,Correo Argentino,CA499221043AR,DELIVERED,2025-05-13 17:33:44,2025-05-21 19:57:24
9000005400,1000009369,Correo Argentino,CA464195732AR,DELIVERED,2025-05-13 17:22:31,2025-05-16 14:54:09
9000005401,1000009372,Correo Argentino,CA901393148AR,DELIVERED,2025-05-13 18:42:25,2025-05-19 18:23:56
9000005402,1000009374,Correo Argentino,CA305512784AR,DELIVERED,2025-05-13 17:52:24,2025-05-20 11:33:01
9000005403,1000009375,Correo Argentino,CA765918474AR,DELIVERED,2025-05-13 18:43:09,2025-05-19 19:46:16
9000005404,1000009376,Correo Argentino,CA207524420AR,DELIVERED,2025-05-13 17:38:06,2025-05-21 15:56:21
9000005405,1000009377,Correo Argentino,CA635215199AR,DELIVERED,2025-05-13 18:33:29,2025-05-16 17:47:25
9000005406,1000009378,Correo Argentino,CA444012936AR,DELIVERED,2025-05-13 17:17:09,2025-05-19 12:26:30
9000005407,1000009379,Correo Argentino,CA456376442AR,DELIVERED,2025-05-13 17:06:56,2025-05-19 12:50:24
9000005408,1000009380,Correo Argentino,CA820591405AR,DELIVERED,2025-05-13 18:16:43,2025-05-20 17:51:19
9000005409,1000009381,Correo Argentino,CA691337807AR,DELIVERED,2025-05-13 18:21:27,2025-05-16 18:23:43
9000005410,1000009383,Correo Argentino,CA078732882AR,DELIVERED,2025-05-13 16:07:01,2025-05-19 18:54:20
9000005411,1000009384,Correo Argentino,CA427411764AR,DELIVERED,2025-05-13 17:31:10,2025-05-16 10:45:08
9000005412,1000009385,Correo Argentino,CA561314594AR,DELIVERED,2025-05-13 17:45:55,2025-05-16 09:51:02
9000005413,1000009386,Correo Argentino,CA263931000AR,DELIVERED,2025-05-13 16:35:15,2025-05-21 18:51:59
9000005414,1000009387,Correo Argentino,CA422405618AR,DELIVERED,2025-05-13 16:27:12,2025-05-16 12:25:11
9000005415,1000009388,Correo Argentino,CA277403338AR,DELIVERED,2025-05-13 17:01:24,2025-05-19 19:05:51
9000005416,1000009389,Correo Argentino,CA899528930AR,DELIVERED,2025-05-13 17:31:33,2025-05-16 14:50:29
9000005417,1000009390,Correo Argentino,CA872611612AR,DELIVERED,2025-05-13 18:09:07,2025-05-16 13:06:08
9000005418,1000009391,Correo Argentino,CA242996477AR,DELIVERED,2025-05-14 18:45:17,2025-05-23 12:25:52
9000005419,1000009392,Correo Argentino,CA371901506AR,DELIVERED,2025-05-14 17:14:32,2025-05-22 12:04:51
9000005420,1000009394,Correo Argentino,CA106669243AR,DELIVERED,2025-05-14 16:18:35,2025-05-20 16:31:54
9000005421,1000009395,Correo Argentino,CA659643291AR,DELIVERED,2025-05-14 18:05:22,2025-05-21 15:16:25
9000005422,1000009397,Correo Argentino,CA074256464AR,DELIVERED,2025-05-14 18:30:53,2025-05-20 09:13:48
9000005423,1000009402,Correo Argentino,,CANCELLED,,
9000005424,1000009403,Correo Argentino,CA071528715AR,DELIVERED,2025-05-14 16:54:06,2025-05-20 17:45:44
9000005425,1000009404,Correo Argentino,CA993757929AR,DELIVERED,2025-05-14 16:40:56,2025-05-20 16:06:35
9000005426,1000009405,Correo Argentino,CA070568532AR,DELIVERED,2025-05-14 18:15:54,2025-05-20 18:20:06
9000005427,1000009406,Correo Argentino,CA112419090AR,DELIVERED,2025-05-14 16:50:05,2025-05-20 14:59:05
9000005428,1000009407,Correo Argentino,CA116556220AR,DELIVERED,2025-05-14 18:12:41,2025-05-20 16:21:47
9000005429,1000009408,Correo Argentino,CA733117373AR,DELIVERED,2025-05-14 16:56:53,2025-05-22 17:09:16
9000005430,1000009409,Correo Argentino,CA749757305AR,DELIVERED,2025-05-14 17:21:27,2025-05-19 16:26:26
9000005431,1000009410,Correo Argentino,CA557019701AR,DELIVERED,2025-05-14 18:51:09,2025-05-19 17:20:48
9000005432,1000009411,Correo Argentino,CA044893227AR,DELIVERED,2025-05-14 18:18:16,2025-05-21 17:29:13
9000005433,1000009412,Correo Argentino,CA426354338AR,DELIVERED,2025-05-14 16:42:45,2025-05-19 15:36:27
9000005434,1000009413,Correo Argentino,CA376808903AR,DELIVERED,2025-05-14 18:17:19,2025-05-20 18:27:43
9000005435,1000009414,Correo Argentino,CA981282521AR,DELIVERED,2025-05-14 16:41:12,2025-05-19 10:30:29
9000005436,1000009415,Correo Argentino,CA985993781AR,DELIVERED,2025-05-14 18:32:48,2025-05-21 12:00:45
9000005437,1000009416,Correo Argentino,CA666688613AR,DELIVERED,2025-05-14 17:59:21,2025-05-16 09:49:09
9000005438,1000009417,Correo Argentino,CA725532219AR,DELIVERED,2025-05-14 16:58:10,2025-05-20 17:54:29
9000005439,1000009418,Correo Argentino,CA384590312AR,DELIVERED,2025-05-14 17:51:40,2025-05-16 16:01:56
9000005440,1000009419,Correo Argentino,CA917873448AR,DELIVERED,2025-05-14 17:17:12,2025-05-16 09:05:02
9000005441,1000009420,Correo Argentino,CA998555007AR,DELIVERED,2025-05-14 18:04:34,2025-05-19 18:33:22
9000005442,1000009421,Correo Argentino,CA109177461AR,DELIVERED,2025-05-14 16:28:56,2025-05-19 16:53:27
9000005443,1000009422,Correo Argentino,CA630070782AR,DELIVERED,2025-05-14 18:07:03,2025-05-19 16:20:06
9000005444,1000009423,Correo Argentino,CA002470165AR,DELIVERED,2025-05-14 17:26:54,2025-05-19 15:49:01
9000005445,1000009424,Correo Argentino,CA152201209AR,DELIVERED,2025-05-14 16:46:10,2025-05-19 15:54:33
9000005446,1000009425,Correo Argentino,CA944855316AR,DELIVERED,2025-05-15 17:58:54,2025-05-20 15:17:16
9000005447,1000009426,Correo Argentino,CA194905278AR,DELIVERED,2025-05-14 16:21:00,2025-05-19 16:35:30
9000005448,1000009427,Correo Argentino,CA895985831AR,DELIVERED,2025-05-14 16:58:15,2025-05-20 16:52:52
9000005449,1000009428,Correo Argentino,CA950281161AR,DELIVERED,2025-05-14 18:28:25,2025-05-21 15:48:04
9000005450,1000009429,Correo Argentino,CA435685962AR,DELIVERED,2025-05-14 16:15:08,2025-05-16 12:28:55
9000005451,1000009430,Correo Argentino,CA835175305AR,DELIVERED,2025-05-14 18:34:57,2025-05-20 16:24:16
9000005452,1000009431,Correo Argentino,CA350118010AR,DELIVERED,2025-05-14 17:56:09,2025-05-22 12:40:30
9000005453,1000009432,Correo Argentino,CA396548281AR,DELIVERED,2025-05-14 17:47:59,2025-05-21 11:49:54
9000005454,1000009433,Correo Argentino,CA462037997AR,DELIVERED,2025-05-14 18:26:17,2025-05-20 13:29:30
9000005455,1000009434,Correo Argentino,CA783176703AR,DELIVERED,2025-05-14 17:33:07,2025-05-23 09:18:35
9000005456,1000009435,Correo Argentino,CA402862433AR,DELIVERED,2025-05-14 16:21:32,2025-05-20 16:01:25
9000005457,1000009436,Correo Argentino,CA356191646AR,DELIVERED,2025-05-14 18:23:35,2025-05-21 13:54:53
9000005458,1000009437,Correo Argentino,CA662031835AR,DELIVERED,2025-05-14 16:11:09,2025-05-20 12:40:01
9000005459,1000009438,Correo Argentino,CA393395562AR,DELIVERED,2025-05-14 17:50:29,2025-05-19 15:41:29
9000005460,1000009439,Correo Argentino,CA798283175AR,DELIVERED,2025-05-14 16:28:47,2025-05-21 11:29:24
9000005461,1000009441,Correo Argentino,CA913401936AR,DELIVERED,2025-05-14 18:03:44,2025-05-21 14:21:05
9000005462,1000009443,Correo Argentino,CA430855862AR,DELIVERED,2025-05-14 18:32:01,2025-05-19 12:43:52
9000005463,1000009444,Correo Argentino,CA065028596AR,DELIVERED,2025-05-14 17:15:39,2025-05-20 13:09:29
9000005464,1000009445,Correo Argentino,CA704183106AR,DELIVERED,2025-05-14 16:46:35,2025-05-20 18:33:49
9000005465,1000009446,Correo Argentino,CA624320882AR,DELIVERED,2025-05-15 17:58:41,2025-05-20 14:21:26
9000005466,1000009447,Correo Argentino,CA053152275AR,DELIVERED,2025-05-15 16:58:37,2025-05-20 17:15:12
9000005467,1000009450,Correo Argentino,CA274970673AR,DELIVERED,2025-05-15 16:13:43,2025-05-19 13:35:26
9000005468,1000009452,Correo Argentino,CA085803703AR,DELIVERED,2025-05-15 17:48:03,2025-05-21 14:44:01
9000005469,1000009453,Correo Argentino,CA036420137AR,DELIVERED,2025-05-16 18:42:19,2025-05-22 14:02:28
9000005470,1000009454,Correo Argentino,CA521969899AR,DELIVERED,2025-05-15 18:24:49,2025-05-20 17:47:03
9000005471,1000009455,Correo Argentino,CA982891184AR,DELIVERED,2025-05-15 18:04:23,2025-05-20 10:09:48
9000005472,1000009456,Correo Argentino,CA307857856AR,DELIVERED,2025-05-15 18:17:48,2025-05-16 17:29:52
9000005473,1000009457,Correo Argentino,CA091391630AR,DELIVERED,2025-05-15 17:58:23,2025-05-20 13:18:08
9000005474,1000009458,Correo Argentino,CA591612085AR,DELIVERED,2025-05-15 16:55:03,2025-05-19 17:48:01
9000005475,1000009460,Correo Argentino,CA619642061AR,DELIVERED,2025-05-15 16:41:25,2025-05-16 14:10:03
9000005476,1000009461,Correo Argentino,CA118314740AR,DELIVERED,2025-05-15 18:52:34,2025-05-20 13:24:18
9000005477,1000009462,Correo Argentino,CA542478282AR,DELIVERED,2025-05-15 18:20:19,2025-05-20 15:29:40
9000005478,1000009463,Correo Argentino,CA316761567AR,DELIVERED,2025-05-15 16:28:31,2025-05-19 18:18:38
9000005479,1000009464,Correo Argentino,CA321620018AR,DELIVERED,2025-05-15 16:50:34,2025-05-16 15:40:21
9000005480,1000009465,Correo Argentino,,CANCELLED,,
9000005481,1000009466,Correo Argentino,CA144122994AR,DELIVERED,2025-05-15 16:38:51,2025-05-16 15:44:29
9000005482,1000009467,Correo Argentino,CA904210377AR,DELIVERED,2025-05-15 18:38:11,2025-05-16 17:25:13
9000005483,1000009470,Correo Argentino,CA885477637AR,DELIVERED,2025-05-15 16:56:55,2025-05-16 11:48:16
9000005484,1000009471,Correo Argentino,CA214535275AR,DELIVERED,2025-05-15 16:21:26,2025-05-19 18:25:48
9000005485,1000009472,Correo Argentino,CA607479087AR,DELIVERED,2025-05-15 17:08:14,2025-05-20 11:17:12
9000005486,1000009473,Correo Argentino,CA896541875AR,DELIVERED,2025-05-15 17:27:47,2025-05-16 14:33:22
9000005487,1000009474,Correo Argentino,CA791737187AR,DELIVERED,2025-05-15 17:50:07,2025-05-16 10:10:26
9000005488,1000009475,Correo Argentino,CA640302136AR,DELIVERED,2025-05-15 16:22:45,2025-05-19 12:57:26
9000005489,1000009476,Correo Argentino,CA376188755AR,DELIVERED,2025-05-15 16:17:39,2025-05-21 17:48:01
9000005490,1000009477,Correo Argentino,CA878896084AR,DELIVERED,2025-05-15 16:53:46,2025-05-19 18:25:22
9000005491,1000009479,Correo Argentino,CA432165736AR,DELIVERED,2025-05-15 17:41:39,2025-05-16 13:37:13
9000005492,1000009480,Correo Argentino,CA416240158AR,DELIVERED,2025-05-15 16:22:25,2025-05-20 16:56:40
9000005493,1000009481,Correo Argentino,CA642281223AR,DELIVERED,2025-05-15 16:49:50,2025-05-16 19:13:40
9000005494,1000009482,Correo Argentino,CA088699179AR,DELIVERED,2025-05-15 17:01:34,2025-05-20 15:49:20
9000005495,1000009483,Correo Argentino,CA663900642AR,DELIVERED,2025-05-15 18:17:41,2025-05-19 13:42:31
9000005496,1000009484,Correo Argentino,CA920222772AR,DELIVERED,2025-05-15 17:09:21,2025-05-19 16:54:27
9000005497,1000009486,Correo Argentino,CA370529703AR,DELIVERED,2025-05-15 18:28:29,2025-05-19 10:18:30
9000005498,1000009487,Correo Argentino,CA589474020AR,DELIVERED,2025-05-15 16:07:12,2025-05-19 18:35:45
9000005499,1000009488,Correo Argentino,CA298072834AR,DELIVERED,2025-05-15 17:04:40,2025-05-19 18:54:20
9000005500,1000009490,Correo Argentino,CA555426840AR,DELIVERED,2025-05-15 16:54:46,2025-05-20 13:33:10
9000005501,1000009495,Correo Argentino,CA440675955AR,DELIVERED,2025-05-16 16:10:32,2025-05-21 09:26:45
9000005502,1000009496,Correo Argentino,CA558378275AR,DELIVERED,2025-05-16 16:15:43,2025-05-20 17:23:18
9000005503,1000009499,Correo Argentino,CA170123031AR,DELIVERED,2025-05-16 16:40:46,2025-05-20 19:06:31
9000005504,1000009500,Correo Argentino,CA066403479AR,DELIVERED,2025-05-16 18:28:56,2025-05-21 11:23:59
9000005505,1000009503,Correo Argentino,CA129548354AR,DELIVERED,2025-05-16 17:59:59,2025-05-20 13:45:04
9000005506,1000009505,Correo Argentino,CA710442769AR,DELIVERED,2025-05-16 18:48:34,2025-05-20 10:32:01
9000005507,1000009507,Correo Argentino,CA048695073AR,DELIVERED,2025-05-16 17:36:26,2025-05-21 13:45:07
9000005508,1000009508,Correo Argentino,CA903968370AR,DELIVERED,2025-05-16 17:09:29,2025-05-19 13:14:18
9000005509,1000009510,Correo Argentino,CA304027702AR,DELIVERED,2025-05-16 17:57:16,2025-05-20 19:06:41
9000005510,1000009520,Correo Argentino,CA239761290AR,DELIVERED,2025-05-19 17:59:51,2025-05-20 11:44:41
9000005511,1000009521,Correo Argentino,CA513106467AR,DELIVERED,2025-05-19 16:16:09,2025-05-21 11:48:24
9000005512,1000009523,Correo Argentino,CA908880195AR,DELIVERED,2025-05-19 17:36:40,2025-05-22 18:15:28
9000005513,1000009524,Correo Argentino,CA097908082AR,DELIVERED,2025-05-19 17:59:55,2025-05-23 11:39:58
9000005514,1000009525,Correo Argentino,CA723881348AR,DELIVERED,2025-05-19 18:30:46,2025-05-21 13:44:55
9000005515,1000009526,Correo Argentino,CA240192954AR,DELIVERED,2025-05-19 17:33:25,2025-05-23 12:13:11
9000005516,1000009527,Correo Argentino,CA480651616AR,DELIVERED,2025-05-19 17:17:49,2025-05-21 10:38:30
9000005517,1000009529,Correo Argentino,CA692940919AR,DELIVERED,2025-05-19 18:33:53,2025-05-22 11:14:00
9000005518,1000009530,Correo Argentino,CA693225391AR,DELIVERED,2025-05-19 16:12:00,2025-05-26 12:37:20
9000005519,1000009534,Correo Argentino,CA893057413AR,DELIVERED,2025-05-19 16:49:46,2025-05-21 09:01:41
9000005520,1000009543,Correo Argentino,CA797010307AR,DELIVERED,2025-05-19 18:36:59,2025-05-20 18:58:01
9000005521,1000009544,Correo Argentino,CA922626853AR,DELIVERED,2025-05-19 16:16:04,2025-05-21 11:54:36
9000005522,1000009545,Correo Argentino,CA526440836AR,DELIVERED,2025-05-19 16:23:34,2025-05-20 11:16:52
9000005523,1000009548,Correo Argentino,CA887674757AR,DELIVERED,2025-05-19 17:53:42,2025-05-26 11:05:06
9000005524,1000009550,Correo Argentino,CA146804750AR,DELIVERED,2025-05-19 18:08:46,2025-05-21 14:08:45
9000005525,1000009551,Correo Argentino,CA630976994AR,DELIVERED,2025-05-19 17:38:03,2025-05-23 17:21:57
9000005526,1000009552,Correo Argentino,CA301978509AR,DELIVERED,2025-05-19 17:11:45,2025-05-22 11:32:46
9000005527,1000009553,Correo Argentino,CA754657583AR,DELIVERED,2025-05-19 17:35:03,2025-05-21 18:29:55
9000005528,1000009554,Correo Argentino,CA640247911AR,DELIVERED,2025-05-19 16:40:06,2025-05-21 17:05:42
9000005529,1000009555,Correo Argentino,CA077546591AR,DELIVERED,2025-05-19 16:37:51,2025-05-21 13:08:40
9000005530,1000009556,Correo Argentino,CA690981706AR,DELIVERED,2025-05-19 18:20:34,2025-05-20 18:19:53
9000005531,1000009557,Correo Argentino,CA483317412AR,DELIVERED,2025-05-19 18:01:26,2025-05-21 15:17:59
9000005532,1000009558,Correo Argentino,CA117014858AR,DELIVERED,2025-05-19 17:12:46,2025-05-21 12:38:35
9000005533,1000009559,Correo Argentino,CA093753298AR,DELIVERED,2025-05-19 17:02:43,2025-05-20 14:56:11
9000005534,1000009560,Correo Argentino,CA262825502AR,DELIVERED,2025-05-19 18:26:56,2025-05-22 11:28:43
9000005535,1000009561,Correo Argentino,CA607754384AR,DELIVERED,2025-05-19 16:08:10,2025-05-26 11:51:04
9000005536,1000009562,Correo Argentino,CA564736007AR,DELIVERED,2025-05-19 18:15:49,2025-05-22 14:31:38
9000005537,1000009563,Correo Argentino,CA662050715AR,DELIVERED,2025-05-20 18:32:52,2025-05-21 13:45:40
9000005538,1000009564,Correo Argentino,CA190725356AR,DELIVERED,2025-05-20 17:08:07,2025-05-26 15:56:45
9000005539,1000009565,Correo Argentino,CA846378184AR,DELIVERED,2025-05-22 18:31:03,2025-05-26 09:40:03
9000005540,1000009566,Correo Argentino,CA080782891AR,DELIVERED,2025-05-20 18:23:27,2025-05-22 16:52:15
9000005541,1000009567,Correo Argentino,CA768189443AR,DELIVERED,2025-05-20 18:14:52,2025-05-22 14:56:18
9000005542,1000009568,Correo Argentino,CA904587902AR,DELIVERED,2025-05-20 17:22:43,2025-05-21 12:19:01
9000005543,1000009569,Correo Argentino,CA872959793AR,DELIVERED,2025-05-20 17:12:42,2025-05-22 12:22:00
9000005544,1000009571,Correo Argentino,CA402633214AR,DELIVERED,2025-05-20 17:51:59,2025-05-21 18:15:24
9000005545,1000009573,Correo Argentino,CA655668177AR,DELIVERED,2025-05-20 18:27:42,2025-05-21 11:38:23
9000005546,1000009574,Correo Argentino,CA347844209AR,DELIVERED,2025-05-20 16:24:11,2025-05-23 12:57:43
9000005547,1000009575,Correo Argentino,CA206178142AR,DELIVERED,2025-05-20 16:20:43,2025-05-26 10:09:20
9000005548,1000009576,Correo Argentino,CA374612546AR,DELIVERED,2025-05-20 17:58:49,2025-05-26 17:39:23
9000005549,1000009577,Correo Argentino,CA909364238AR,DELIVERED,2025-05-21 17:40:20,2025-05-23 11:59:08
9000005550,1000009578,Correo Argentino,CA093846084AR,DELIVERED,2025-05-21 18:54:29,2025-05-23 13:28:04
9000005551,1000009579,Correo Argentino,CA228488172AR,DELIVERED,2025-05-21 17:07:19,2025-05-23 12:56:19
9000005552,1000009581,Correo Argentino,CA107088393AR,DELIVERED,2025-05-21 16:10:14,2025-05-27 14:05:17
9000005553,1000009582,Correo Argentino,CA570003928AR,DELIVERED,2025-05-21 18:10:39,2025-05-23 14:20:36
9000005554,1000009585,Correo Argentino,CA141421604AR,DELIVERED,2025-05-21 18:19:24,2025-05-22 09:18:14
9000005555,1000009587,Correo Argentino,CA698811249AR,DELIVERED,2025-05-21 16:44:41,2025-05-23 17:42:40
9000005556,1000009588,Correo Argentino,CA189608811AR,DELIVERED,2025-05-21 18:20:21,2025-05-28 15:33:06
9000005557,1000009589,Correo Argentino,CA306301378AR,DELIVERED,2025-05-21 18:58:24,2025-05-27 12:22:05
9000005558,1000009591,Correo Argentino,CA488434682AR,DELIVERED,2025-05-21 18:41:26,2025-05-26 18:14:03
9000005559,1000009592,Correo Argentino,CA742880904AR,DELIVERED,2025-05-21 17:19:56,2025-05-23 13:45:27
9000005560,1000009593,Correo Argentino,CA273907951AR,DELIVERED,2025-05-21 18:23:36,2025-05-26 17:33:25
9000005561,1000009595,Correo Argentino,CA897103907AR,DELIVERED,2025-05-21 18:31:32,2025-05-27 16:17:49
9000005562,1000009600,Correo Argentino,CA787714612AR,DELIVERED,2025-05-22 16:58:45,2025-05-27 12:50:31
9000005563,1000009601,Correo Argentino,CA749693269AR,DELIVERED,2025-05-22 17:34:30,2025-05-26 15:02:04
9000005564,1000009602,Correo Argentino,CA508398170AR,DELIVERED,2025-05-22 18:23:41,2025-05-23 17:06:14
9000005565,1000009604,Correo Argentino,CA775598075AR,DELIVERED,2025-05-22 17:11:25,2025-05-27 15:11:45
9000005566,1000009606,Correo Argentino,CA738711956AR,DELIVERED,2025-05-22 16:26:23,2025-05-28 15:49:57
9000005567,1000009607,Correo Argentino,CA399254086AR,DELIVERED,2025-05-22 18:30:01,2025-05-26 15:58:10
9000005568,1000009608,Correo Argentino,CA089536926AR,DELIVERED,2025-05-22 16:35:17,2025-05-27 11:55:53
9000005569,1000009609,Correo Argentino,CA845136999AR,DELIVERED,2025-05-22 17:24:15,2025-05-23 19:01:04
9000005570,1000009610,Correo Argentino,CA337956565AR,DELIVERED,2025-05-22 18:44:41,2025-05-26 18:09:02
9000005571,1000009611,Correo Argentino,CA709124741AR,DELIVERED,2025-05-26 16:48:41,2025-05-30 09:10:35
9000005572,1000009612,Correo Argentino,CA271009268AR,DELIVERED,2025-05-22 16:48:20,2025-05-28 19:16:51
9000005573,1000009617,Correo Argentino,CA837344545AR,DELIVERED,2025-05-23 18:50:54,2025-05-26 18:39:19
9000005574,1000009618,Correo Argentino,CA961758040AR,DELIVERED,2025-05-23 18:58:10,2025-05-28 13:29:15
9000005575,1000009619,Correo Argentino,CA457911066AR,DELIVERED,2025-05-23 16:08:25,2025-05-30 11:11:32
9000005576,1000009620,Correo Argentino,CA629951721AR,DELIVERED,2025-05-23 16:08:04,2025-05-26 14:45:57
9000005577,1000009621,Correo Argentino,CA480175549AR,DELIVERED,2025-05-23 17:55:30,2025-05-27 18:46:27
9000005578,1000009622,Correo Argentino,CA877449772AR,DELIVERED,2025-05-23 16:49:31,2025-05-27 17:24:41
9000005579,1000009623,Correo Argentino,CA974769418AR,DELIVERED,2025-05-23 16:19:43,2025-05-27 19:37:29
9000005580,1000009627,Correo Argentino,CA573308117AR,DELIVERED,2025-05-23 18:47:06,2025-05-27 10:52:46
9000005581,1000009628,Correo Argentino,CA393154332AR,DELIVERED,2025-05-23 17:44:44,2025-05-28 14:12:36
9000005582,1000009629,Correo Argentino,CA664323248AR,DELIVERED,2025-05-23 17:43:42,2025-05-27 14:21:47
9000005583,1000009630,Correo Argentino,CA126288434AR,DELIVERED,2025-05-23 18:51:13,2025-05-27 11:04:31
9000005584,1000009631,Correo Argentino,CA326262276AR,DELIVERED,2025-05-23 17:43:52,2025-05-29 16:14:07
9000005585,1000009633,Correo Argentino,CA972694013AR,DELIVERED,2025-05-23 17:42:11,2025-05-27 14:29:13
9000005586,1000009636,Correo Argentino,CA114875170AR,DELIVERED,2025-05-26 16:49:39,2025-05-28 16:04:58
9000005587,1000009637,Correo Argentino,CA695674215AR,DELIVERED,2025-05-26 18:09:51,2025-05-30 12:27:13
9000005588,1000009638,Correo Argentino,CA399697888AR,DELIVERED,2025-05-26 18:02:46,2025-05-30 14:16:43
9000005589,1000009639,Correo Argentino,CA699976224AR,DELIVERED,2025-05-26 18:41:52,2025-05-27 12:49:43
9000005590,1000009640,Correo Argentino,CA162799964AR,DELIVERED,2025-05-26 16:35:26,2025-05-28 19:25:43
9000005591,1000009641,Correo Argentino,CA351432792AR,DELIVERED,2025-05-26 17:29:02,2025-05-28 12:18:54
9000005592,1000009642,Correo Argentino,CA158957204AR,DELIVERED,2025-05-26 16:12:48,2025-05-29 13:05:20
9000005593,1000009643,Correo Argentino,CA106883152AR,DELIVERED,2025-05-26 18:57:18,2025-05-29 16:36:15
9000005594,1000009647,Correo Argentino,CA423517964AR,DELIVERED,2025-05-26 17:06:24,2025-05-28 12:04:19
9000005595,1000009653,Correo Argentino,CA047051676AR,DELIVERED,2025-05-26 16:31:50,2025-05-30 15:31:21
9000005596,1000009658,Correo Argentino,CA043121036AR,DELIVERED,2025-05-26 17:15:22,2025-05-27 15:58:48
9000005597,1000009659,Correo Argentino,CA723000953AR,DELIVERED,2025-05-26 17:03:35,2025-05-30 14:50:57
9000005598,1000009660,Correo Argentino,CA690372904AR,DELIVERED,2025-05-26 16:34:49,2025-05-29 17:24:47
9000005599,1000009661,Correo Argentino,CA342991911AR,DELIVERED,2025-05-26 16:05:08,2025-05-28 15:39:36
9000005600,1000009662,Correo Argentino,CA106857198AR,DELIVERED,2025-05-26 16:26:18,2025-05-29 10:00:45
9000005601,1000009663,Correo Argentino,CA142161232AR,DELIVERED,2025-05-26 16:33:11,2025-05-27 15:18:19
9000005602,1000009664,Correo Argentino,CA054974058AR,DELIVERED,2025-05-26 17:49:39,2025-05-29 14:15:36
9000005603,1000009665,Correo Argentino,CA188270183AR,DELIVERED,2025-05-26 16:16:14,2025-05-30 16:43:00
9000005604,1000009666,Correo Argentino,CA554134647AR,DELIVERED,2025-05-28 16:42:35,2025-05-30 09:47:49
9000005605,1000009667,Correo Argentino,CA794362867AR,DELIVERED,2025-05-26 16:15:46,2025-05-30 09:58:28
9000005606,1000009668,Correo Argentino,CA254927063AR,DELIVERED,2025-05-26 18:00:39,2025-05-28 15:57:36
9000005607,1000009670,Correo Argentino,CA127309873AR,DELIVERED,2025-05-26 16:36:53,2025-05-30 15:05:46
9000005608,1000009671,Correo Argentino,CA091551897AR,DELIVERED,2025-05-26 16:13:43,2025-05-28 12:16:10
9000005609,1000009672,Correo Argentino,CA055461025AR,DELIVERED,2025-05-26 16:28:26,2025-05-28 09:27:32
9000005610,1000009673,Correo Argentino,CA231894304AR,DELIVERED,2025-05-26 18:31:37,2025-05-30 09:39:45
9000005611,1000009676,Correo Argentino,CA646352627AR,DELIVERED,2025-05-27 17:16:01,2025-05-29 10:29:28
9000005612,1000009677,Correo Argentino,CA824516050AR,DELIVERED,2025-05-27 16:57:55,2025-05-29 11:29:41
9000005613,1000009681,Correo Argentino,CA315350647AR,DELIVERED,2025-05-27 18:12:29,2025-05-28 15:19:21
9000005614,1000009683,Correo Argentino,CA314663851AR,DELIVERED,2025-05-27 17:34:31,2025-06-02 15:13:57
9000005615,1000009685,Correo Argentino,CA688729914AR,DELIVERED,2025-05-27 17:14:10,2025-05-28 14:48:37
9000005616,1000009686,Correo Argentino,CA113396977AR,DELIVERED,2025-05-27 18:46:44,2025-05-30 19:56:00
9000005617,1000009687,Correo Argentino,CA068923559AR,DELIVERED,2025-05-27 16:26:20,2025-05-30 12:45:30
9000005618,1000009688,Correo Argentino,CA687904264AR,DELIVERED,2025-05-27 17:16:24,2025-06-03 15:25:13
9000005619,1000009689,Correo Argentino,CA558534682AR,DELIVERED,2025-05-27 16:17:25,2025-05-28 09:28:46
9000005620,1000009690,Correo Argentino,CA044700019AR,DELIVERED,2025-05-27 18:49:35,2025-05-28 19:10:44
9000005621,1000009693,Correo Argentino,CA891330837AR,DELIVERED,2025-05-28 18:28:45,2025-05-30 15:12:47
9000005622,1000009696,Correo Argentino,CA047459458AR,DELIVERED,2025-05-28 17:41:33,2025-06-04 10:50:30
9000005623,1000009698,Correo Argentino,CA794693741AR,DELIVERED,2025-05-28 16:39:50,2025-05-29 19:05:15
9000005624,1000009699,Correo Argentino,CA037134821AR,DELIVERED,2025-05-28 16:35:01,2025-06-02 15:11:56
9000005625,1000009700,Correo Argentino,CA672072946AR,DELIVERED,2025-05-28 16:12:09,2025-06-03 14:30:14
9000005626,1000009701,Correo Argentino,CA148360612AR,DELIVERED,2025-05-28 17:57:14,2025-05-30 14:44:23
9000005627,1000009702,Correo Argentino,CA970742741AR,DELIVERED,2025-05-28 17:16:15,2025-05-30 19:38:34
9000005628,1000009703,Correo Argentino,CA498702198AR,DELIVERED,2025-05-28 16:34:55,2025-06-03 15:33:45
9000005629,1000009704,Correo Argentino,CA687284533AR,DELIVERED,2025-05-28 17:18:36,2025-05-30 14:53:57
9000005630,1000009706,Correo Argentino,CA182543277AR,DELIVERED,2025-05-29 16:20:12,2025-06-03 18:04:32
9000005631,1000009709,Correo Argentino,CA102342776AR,DELIVERED,2025-05-29 16:51:50,2025-06-03 09:51:30
9000005632,1000009711,Correo Argentino,CA768754012AR,DELIVERED,2025-05-29 18:18:03,2025-06-02 09:59:17
9000005633,1000009713,Correo Argentino,CA467370026AR,DELIVERED,2025-05-29 18:42:37,2025-06-02 19:24:52
9000005634,1000009714,Correo Argentino,CA200238855AR,DELIVERED,2025-05-29 17:31:17,2025-06-02 11:49:21
9000005635,1000009716,Correo Argentino,CA888950960AR,DELIVERED,2025-05-29 17:04:30,2025-06-02 16:02:29
9000005636,1000009717,Correo Argentino,CA821995890AR,DELIVERED,2025-05-29 17:53:34,2025-05-30 12:10:08
9000005637,1000009720,Correo Argentino,CA595967647AR,DELIVERED,2025-05-29 16:15:44,2025-06-02 18:02:15
9000005638,1000009723,Correo Argentino,CA651575647AR,DELIVERED,2025-05-30 17:10:34,2025-06-03 10:44:42
9000005639,1000009724,Correo Argentino,CA029420942AR,DELIVERED,2025-05-30 17:33:29,2025-06-02 09:10:09
9000005640,1000009725,Correo Argentino,CA669175064AR,DELIVERED,2025-05-30 18:21:56,2025-06-03 13:46:21
9000005641,1000009726,Correo Argentino,CA330913265AR,DELIVERED,2025-05-30 16:46:01,2025-06-04 19:23:15
9000005642,1000009727,Correo Argentino,CA615800745AR,DELIVERED,2025-05-30 16:21:54,2025-06-05 12:33:48
9000005643,1000009729,Correo Argentino,CA525636919AR,DELIVERED,2025-05-30 17:48:55,2025-06-05 09:47:59
9000005644,1000009731,Correo Argentino,CA812248182AR,DELIVERED,2025-05-30 16:39:56,2025-06-03 11:02:22
9000005645,1000009733,Correo Argentino,CA885223868AR,DELIVERED,2025-05-30 16:45:33,2025-06-03 09:14:07
9000005646,1000009735,Correo Argentino,CA252783233AR,DELIVERED,2025-05-30 18:02:57,2025-06-05 14:26:20
9000005647,1000009736,Correo Argentino,CA142015489AR,DELIVERED,2025-05-30 17:09:01,2025-06-05 12:16:13
9000005648,1000009737,Correo Argentino,CA412818095AR,DELIVERED,2025-05-30 16:37:13,2025-06-04 16:44:01
9000005649,1000009738,Correo Argentino,CA512484567AR,DELIVERED,2025-05-30 17:52:41,2025-06-02 09:59:09
9000005650,1000009739,Correo Argentino,CA909671474AR,DELIVERED,2025-05-30 18:41:09,2025-06-03 16:02:43
9000005651,1000009740,Correo Argentino,CA361685114AR,DELIVERED,2025-05-30 18:43:08,2025-06-04 13:56:48
9000005652,1000009741,Correo Argentino,CA274575262AR,DELIVERED,2025-05-30 18:50:50,2025-06-02 19:10:31
9000005653,1000009743,Correo Argentino,CA461078258AR,DELIVERED,2025-06-02 16:26:38,2025-06-05 09:15:24
9000005654,1000009747,Correo Argentino,CA507780192AR,DELIVERED,2025-06-02 18:04:36,2025-06-05 18:46:48
9000005655,1000009748,Correo Argentino,CA228886061AR,DELIVERED,2025-06-02 17:52:26,2025-06-04 18:36:05
9000005656,1000009749,Correo Argentino,CA001684056AR,DELIVERED,2025-06-02 18:34:54,2025-06-06 11:27:11
9000005657,1000009751,Correo Argentino,CA661635565AR,DELIVERED,2025-06-02 18:08:37,2025-06-05 19:58:31
9000005658,1000009752,Correo Argentino,CA803394790AR,DELIVERED,2025-06-02 16:42:02,2025-06-04 13:50:08
9000005659,1000009754,Correo Argentino,CA004660395AR,DELIVERED,2025-06-02 18:39:20,2025-06-06 14:32:20
9000005660,1000009756,Correo Argentino,CA664771087AR,DELIVERED,2025-06-02 16:56:00,2025-06-04 17:35:17
9000005661,1000009759,Correo Argentino,CA642832094AR,DELIVERED,2025-06-02 16:31:23,2025-06-04 19:11:26
9000005662,1000009760,Correo Argentino,CA961836465AR,DELIVERED,2025-06-02 18:00:59,2025-06-05 12:31:39
9000005663,1000009761,Correo Argentino,CA438457828AR,DELIVERED,2025-06-02 18:26:51,2025-06-05 16:09:46
9000005664,1000009762,Correo Argentino,CA339295677AR,DELIVERED,2025-06-02 18:40:23,2025-06-03 09:58:32
9000005665,1000009763,Correo Argentino,CA021992610AR,DELIVERED,2025-06-02 16:51:39,2025-06-06 16:44:00
9000005666,1000009764,Correo Argentino,CA780278499AR,DELIVERED,2025-06-02 18:07:55,2025-06-04 15:04:28
9000005667,1000009765,Correo Argentino,CA502815826AR,DELIVERED,2025-06-02 18:19:45,2025-06-05 19:18:26
9000005668,1000009766,Correo Argentino,CA310276180AR,DELIVERED,2025-06-02 17:24:22,2025-06-04 13:42:33
9000005669,1000009767,Correo Argentino,CA670630911AR,DELIVERED,2025-06-02 17:14:44,2025-06-06 12:39:16
9000005670,1000009768,Correo Argentino,CA913902268AR,DELIVERED,2025-06-02 17:38:34,2025-06-03 10:23:31
9000005671,1000009769,Correo Argentino,CA648680620AR,DELIVERED,2025-06-02 16:32:50,2025-06-03 12:32:16
9000005672,1000009770,Correo Argentino,CA590116946AR,DELIVERED,2025-06-02 16:12:17,2025-06-04 16:45:43
9000005673,1000009772,Correo Argentino,CA590268533AR,DELIVERED,2025-06-02 17:32:55,2025-06-03 13:05:37
9000005674,1000009773,Correo Argentino,CA666039681AR,DELIVERED,2025-06-02 17:33:53,2025-06-04 10:29:29
9000005675,1000009774,Correo Argentino,CA655856813AR,DELIVERED,2025-06-02 16:10:42,2025-06-09 15:36:22
9000005676,1000009775,Correo Argentino,CA641174559AR,DELIVERED,2025-06-02 16:55:06,2025-06-06 16:07:42
9000005677,1000009776,Correo Argentino,CA907556734AR,DELIVERED,2025-06-02 17:26:45,2025-06-04 11:29:20
9000005678,1000009777,Correo Argentino,CA111756129AR,DELIVERED,2025-06-02 17:45:14,2025-06-03 09:29:04
9000005679,1000009779,Correo Argentino,CA293547787AR,DELIVERED,2025-06-02 18:09:56,2025-06-05 15:02:20
9000005680,1000009784,Correo Argentino,CA824465278AR,DELIVERED,2025-06-03 16:29:54,2025-06-04 12:50:30
9000005681,1000009785,Correo Argentino,CA582676448AR,DELIVERED,2025-06-03 17:02:03,2025-06-05 16:54:11
9000005682,1000009786,Correo Argentino,CA790193521AR,DELIVERED,2025-06-03 16:48:34,2025-06-06 14:08:51
9000005683,1000009789,Correo Argentino,CA602568310AR,DELIVERED,2025-06-03 18:24:13,2025-06-06 11:31:18
9000005684,1000009790,Correo Argentino,CA404985385AR,DELIVERED,2025-06-03 16:22:08,2025-06-05 17:58:22
9000005685,1000009791,Correo Argentino,CA860801224AR,DELIVERED,2025-06-03 18:15:16,2025-06-09 11:43:28
9000005686,1000009792,Correo Argentino,CA753581689AR,DELIVERED,2025-06-03 16:40:11,2025-06-05 11:40:50
9000005687,1000009793,Correo Argentino,CA509750819AR,DELIVERED,2025-06-03 18:47:06,2025-06-09 15:49:47
9000005688,1000009794,Correo Argentino,CA967254094AR,DELIVERED,2025-06-03 16:34:13,2025-06-05 17:12:33
9000005689,1000009795,Correo Argentino,CA502504922AR,DELIVERED,2025-06-03 16:10:43,2025-06-09 18:00:49
9000005690,1000009796,Correo Argentino,CA663866854AR,DELIVERED,2025-06-03 17:02:13,2025-06-05 18:30:42
9000005691,1000009798,Correo Argentino,CA666860527AR,DELIVERED,2025-06-03 18:26:55,2025-06-06 09:26:33
9000005692,1000009800,Correo Argentino,CA020513955AR,DELIVERED,2025-06-03 16:56:41,2025-06-05 19:36:17
9000005693,1000009806,Correo Argentino,CA740746306AR,DELIVERED,2025-06-04 18:55:51,2025-06-06 17:39:09
9000005694,1000009810,Correo Argentino,CA555799395AR,DELIVERED,2025-06-04 16:04:45,2025-06-06 12:29:48
9000005695,1000009811,Correo Argentino,CA776344849AR,DELIVERED,2025-06-04 16:19:23,2025-06-11 19:07:55
9000005696,1000009813,Correo Argentino,CA006298473AR,DELIVERED,2025-06-04 18:12:21,2025-06-10 13:21:11
9000005697,1000009816,Correo Argentino,CA128696884AR,DELIVERED,2025-06-04 16:44:57,2025-06-06 09:52:18
9000005698,1000009817,Correo Argentino,CA968868091AR,DELIVERED,2025-06-04 17:54:28,2025-06-05 19:47:27
9000005699,1000009818,Correo Argentino,CA231989328AR,DELIVERED,2025-06-06 17:18:13,2025-06-11 10:20:51
9000005700,1000009819,Correo Argentino,CA896640303AR,DELIVERED,2025-06-04 16:53:57,2025-06-06 18:39:50
9000005701,1000009820,Correo Argentino,CA565883012AR,DELIVERED,2025-06-04 16:30:26,2025-06-06 18:22:26
9000005702,1000009822,Correo Argentino,CA968672373AR,DELIVERED,2025-06-04 18:15:40,2025-06-05 11:51:46
9000005703,1000009823,Correo Argentino,CA615424578AR,DELIVERED,2025-06-04 18:30:24,2025-06-05 19:13:38
9000005704,1000009824,Correo Argentino,CA935300833AR,DELIVERED,2025-06-04 16:46:44,2025-06-09 16:37:38
9000005705,1000009825,Correo Argentino,CA913044979AR,DELIVERED,2025-06-05 16:51:55,2025-06-11 13:29:32
9000005706,1000009827,Correo Argentino,CA543442373AR,DELIVERED,2025-06-05 17:47:07,2025-06-10 16:24:15
9000005707,1000009828,Correo Argentino,CA768409196AR,DELIVERED,2025-06-05 16:31:43,2025-06-10 09:32:39
9000005708,1000009829,Correo Argentino,CA390278687AR,DELIVERED,2025-06-06 16:05:31,2025-06-09 13:36:37
9000005709,1000009830,Correo Argentino,CA387502544AR,DELIVERED,2025-06-05 18:47:13,2025-06-09 15:20:21
9000005710,1000009831,Correo Argentino,CA924119719AR,DELIVERED,2025-06-05 17:05:07,2025-06-10 13:47:13
9000005711,1000009832,Correo Argentino,CA822697329AR,DELIVERED,2025-06-05 16:22:14,2025-06-10 15:26:29
9000005712,1000009834,Correo Argentino,CA654810144AR,DELIVERED,2025-06-05 16:03:39,2025-06-11 12:35:24
9000005713,1000009838,Correo Argentino,CA362423971AR,DELIVERED,2025-06-06 18:54:07,2025-06-10 19:50:56
9000005714,1000009840,Correo Argentino,CA855124396AR,DELIVERED,2025-06-06 18:15:47,2025-06-10 09:08:56
9000005715,1000009841,Correo Argentino,CA253955843AR,DELIVERED,2025-06-06 18:33:35,2025-06-09 16:00:46
9000005716,1000009843,Correo Argentino,CA404101218AR,DELIVERED,2025-06-06 18:30:17,2025-06-10 14:13:07
9000005717,1000009847,Correo Argentino,CA239407324AR,DELIVERED,2025-06-06 18:45:41,2025-06-10 16:57:27
9000005718,1000009848,Correo Argentino,CA979329088AR,DELIVERED,2025-06-06 16:31:30,2025-06-09 10:04:21
9000005719,1000009849,Correo Argentino,CA157790898AR,DELIVERED,2025-06-06 17:36:02,2025-06-12 14:17:45
9000005720,1000009850,Correo Argentino,CA316541447AR,DELIVERED,2025-06-06 17:38:07,2025-06-09 10:58:21
9000005721,1000009851,Correo Argentino,CA772925051AR,DELIVERED,2025-06-06 16:48:47,2025-06-11 16:00:51
9000005722,1000009852,Correo Argentino,CA212837728AR,DELIVERED,2025-06-06 17:57:38,2025-06-09 17:24:50
9000005723,1000009853,Correo Argentino,CA396130629AR,DELIVERED,2025-06-06 18:08:55,2025-06-11 18:11:56
9000005724,1000009857,Correo Argentino,CA631182335AR,DELIVERED,2025-06-06 16:39:04,2025-06-09 10:32:59
9000005725,1000009865,Correo Argentino,CA170594008AR,DELIVERED,2025-06-09 17:12:36,2025-06-10 10:58:59
9000005726,1000009867,Correo Argentino,CA427296975AR,DELIVERED,2025-06-09 17:48:50,2025-06-13 14:23:14
9000005727,1000009869,Correo Argentino,CA516473002AR,DELIVERED,2025-06-09 17:49:46,2025-06-10 09:19:29
9000005728,1000009872,Correo Argentino,CA283940530AR,DELIVERED,2025-06-09 17:36:18,2025-06-10 09:45:00
9000005729,1000009875,Correo Argentino,CA235288326AR,DELIVERED,2025-06-09 18:26:24,2025-06-12 15:34:54
9000005730,1000009877,Correo Argentino,CA489923141AR,DELIVERED,2025-06-09 18:24:13,2025-06-10 09:30:14
9000005731,1000009878,Correo Argentino,CA290888197AR,DELIVERED,2025-06-09 18:38:38,2025-06-11 09:02:44
9000005732,1000009879,Correo Argentino,CA086482807AR,DELIVERED,2025-06-09 16:03:24,2025-06-12 17:37:24
9000005733,1000009882,Correo Argentino,CA325367548AR,DELIVERED,2025-06-09 17:57:20,2025-06-12 16:38:40
9000005734,1000009892,Correo Argentino,CA840579548AR,DELIVERED,2025-06-09 16:09:23,2025-06-12 19:23:30
9000005735,1000009898,Correo Argentino,CA561360827AR,DELIVERED,2025-06-09 17:03:02,2025-06-10 12:29:16
9000005736,1000009900,Correo Argentino,CA858392388AR,DELIVERED,2025-06-09 17:28:47,2025-06-13 14:38:53
9000005737,1000009901,Correo Argentino,CA486812352AR,DELIVERED,2025-06-09 17:15:24,2025-06-10 17:23:32
9000005738,1000009902,Correo Argentino,CA760087081AR,DELIVERED,2025-06-09 18:55:19,2025-06-12 17:20:44
9000005739,1000009904,Correo Argentino,CA061327952AR,DELIVERED,2025-06-09 18:31:18,2025-06-11 16:37:51
9000005740,1000009907,Correo Argentino,CA053909021AR,DELIVERED,2025-06-09 17:58:11,2025-06-13 11:23:27
9000005741,1000009910,Correo Argentino,CA759347661AR,DELIVERED,2025-06-09 17:02:51,2025-06-13 12:24:45
9000005742,1000009912,Correo Argentino,CA955790834AR,DELIVERED,2025-06-09 16:13:27,2025-06-12 15:29:38
9000005743,1000009917,Correo Argentino,CA646656654AR,DELIVERED,2025-06-09 17:51:23,2025-06-16 09:55:51
9000005744,1000009918,Correo Argentino,CA965594359AR,DELIVERED,2025-06-09 16:02:27,2025-06-12 11:01:11
9000005745,1000009919,Correo Argentino,CA383718658AR,DELIVERED,2025-06-09 16:33:29,2025-06-12 11:22:51
9000005746,1000009920,Correo Argentino,CA836268093AR,DELIVERED,2025-06-09 16:34:39,2025-06-11 17:29:44
9000005747,1000009921,Correo Argentino,CA651055798AR,DELIVERED,2025-06-09 16:06:26,2025-06-16 15:09:50
9000005748,1000009922,Correo Argentino,CA831700554AR,DELIVERED,2025-06-09 16:51:39,2025-06-10 15:35:16
9000005749,1000009924,Correo Argentino,CA143078271AR,DELIVERED,2025-06-09 17:24:40,2025-06-10 17:11:32
9000005750,1000009925,Correo Argentino,CA843591384AR,DELIVERED,2025-06-09 16:37:52,2025-06-13 12:21:18
9000005751,1000009926,Correo Argentino,CA754060613AR,DELIVERED,2025-06-09 17:22:00,2025-06-11 16:51:55
9000005752,1000009927,Correo Argentino,CA032047021AR,DELIVERED,2025-06-09 18:42:24,2025-06-11 12:55:39
9000005753,1000009928,Correo Argentino,CA119863104AR,DELIVERED,2025-06-09 16:55:42,2025-06-12 17:23:12
9000005754,1000009929,Correo Argentino,CA464440532AR,DELIVERED,2025-06-09 17:38:28,2025-06-12 19:05:19
9000005755,1000009930,Correo Argentino,CA523511588AR,DELIVERED,2025-06-09 16:31:08,2025-06-13 12:36:20
9000005756,1000009931,Correo Argentino,CA241412269AR,DELIVERED,2025-06-09 17:02:46,2025-06-11 15:48:55
9000005757,1000009932,Correo Argentino,CA180106927AR,DELIVERED,2025-06-09 17:46:47,2025-06-16 15:34:02
9000005758,1000009933,Correo Argentino,CA341214528AR,DELIVERED,2025-06-09 16:58:13,2025-06-13 16:15:40
9000005759,1000009934,Correo Argentino,CA613561241AR,DELIVERED,2025-06-09 18:16:07,2025-06-12 10:26:27
9000005760,1000009935,Correo Argentino,CA274054360AR,DELIVERED,2025-06-09 17:46:39,2025-06-12 16:50:15
9000005761,1000009936,Correo Argentino,CA375685378AR,DELIVERED,2025-06-09 17:30:57,2025-06-10 16:59:17
9000005762,1000009937,Correo Argentino,CA812336679AR,DELIVERED,2025-06-09 17:28:36,2025-06-11 16:07:25
9000005763,1000009938,Correo Argentino,CA270006017AR,DELIVERED,2025-06-09 18:20:31,2025-06-12 13:27:00
9000005764,1000009940,Correo Argentino,CA043218831AR,DELIVERED,2025-06-09 17:37:24,2025-06-16 11:37:13
9000005765,1000009941,Correo Argentino,CA873556681AR,DELIVERED,2025-06-09 18:10:26,2025-06-10 17:37:43
9000005766,1000009942,Correo Argentino,CA374716813AR,DELIVERED,2025-06-09 17:17:32,2025-06-16 14:37:10
9000005767,1000009944,Correo Argentino,CA862707731AR,DELIVERED,2025-06-09 16:20:28,2025-06-10 14:22:11
9000005768,1000009945,Correo Argentino,CA195799720AR,DELIVERED,2025-06-09 17:36:26,2025-06-12 13:51:36
9000005769,1000009946,Correo Argentino,CA866453864AR,DELIVERED,2025-06-09 18:43:38,2025-06-10 15:46:48
9000005770,1000009947,Correo Argentino,CA477005762AR,DELIVERED,2025-06-09 17:10:00,2025-06-12 19:41:55
9000005771,1000009948,Correo Argentino,CA763490850AR,DELIVERED,2025-06-10 18:53:59,2025-06-16 12:54:40
9000005772,1000009950,Correo Argentino,CA591270982AR,DELIVERED,2025-06-10 17:04:50,2025-06-12 19:44:59
9000005773,1000009951,Correo Argentino,CA001599206AR,DELIVERED,2025-06-10 17:26:13,2025-06-16 16:17:57
9000005774,1000009952,Correo Argentino,CA766300538AR,DELIVERED,2025-06-10 16:27:41,2025-06-13 12:05:26
9000005775,1000009954,Correo Argentino,CA937008147AR,DELIVERED,2025-06-10 16:19:10,2025-06-11 15:59:39
9000005776,1000009955,Correo Argentino,CA622884149AR,DELIVERED,2025-06-10 18:19:58,2025-06-12 19:19:54
9000005777,1000009956,Correo Argentino,CA877967433AR,DELIVERED,2025-06-10 17:41:54,2025-06-16 14:02:00
9000005778,1000009957,Correo Argentino,CA477562167AR,DELIVERED,2025-06-10 16:35:41,2025-06-12 16:15:48
9000005779,1000009958,Correo Argentino,CA578755739AR,DELIVERED,2025-06-10 17:45:58,2025-06-11 18:37:41
9000005780,1000009961,Correo Argentino,CA221554181AR,DELIVERED,2025-06-10 16:41:13,2025-06-16 09:19:01
9000005781,1000009962,Correo Argentino,CA070938930AR,DELIVERED,2025-06-10 17:53:23,2025-06-12 09:26:27
9000005782,1000009963,Correo Argentino,CA789672318AR,DELIVERED,2025-06-10 17:02:02,2025-06-12 18:06:38
9000005783,1000009964,Correo Argentino,CA624692024AR,DELIVERED,2025-06-10 16:15:28,2025-06-16 11:38:35
9000005784,1000009965,Correo Argentino,CA823005937AR,DELIVERED,2025-06-10 16:57:22,2025-06-12 17:51:01
9000005785,1000009966,Correo Argentino,CA285682678AR,DELIVERED,2025-06-10 16:26:25,2025-06-12 18:35:25
9000005786,1000009967,Correo Argentino,CA650272544AR,DELIVERED,2025-06-10 17:42:48,2025-06-12 19:25:16
9000005787,1000009968,Correo Argentino,CA847397834AR,DELIVERED,2025-06-10 18:25:05,2025-06-11 17:25:12
9000005788,1000009969,Correo Argentino,CA647863520AR,DELIVERED,2025-06-11 16:42:34,2025-06-12 15:33:56
9000005789,1000009970,Correo Argentino,CA812573888AR,DELIVERED,2025-06-11 18:34:57,2025-06-13 16:20:09
9000005790,1000009973,Correo Argentino,CA457216135AR,DELIVERED,2025-06-11 17:35:21,2025-06-13 09:22:43
9000005791,1000009975,Correo Argentino,CA515446643AR,DELIVERED,2025-06-11 16:21:16,2025-06-12 10:55:55
9000005792,1000009976,Correo Argentino,CA892064702AR,DELIVERED,2025-06-11 16:20:13,2025-06-13 13:17:31
9000005793,1000009977,Correo Argentino,CA144950124AR,DELIVERED,2025-06-11 18:06:07,2025-06-16 15:37:13
9000005794,1000009978,Correo Argentino,CA454228783AR,DELIVERED,2025-06-11 17:53:21,2025-06-12 13:53:34
9000005795,1000009979,Correo Argentino,CA674361748AR,DELIVERED,2025-06-11 16:02:23,2025-06-13 13:46:05
9000005796,1000009980,Correo Argentino,CA091172700AR,DELIVERED,2025-06-11 16:22:25,2025-06-18 19:18:46
9000005797,1000009982,Correo Argentino,CA350905288AR,DELIVERED,2025-06-11 16:08:58,2025-06-13 10:09:26
9000005798,1000009984,Correo Argentino,CA316937378AR,DELIVERED,2025-06-11 18:07:36,2025-06-13 18:11:54
9000005799,1000009985,Correo Argentino,CA752995814AR,DELIVERED,2025-06-11 18:50:58,2025-06-13 12:48:30
9000005800,1000009988,Correo Argentino,CA518637133AR,DELIVERED,2025-06-11 17:42:34,2025-06-17 10:09:46
9000005801,1000009990,Correo Argentino,CA092633229AR,DELIVERED,2025-06-11 17:48:19,2025-06-12 13:11:02
9000005802,1000009991,Correo Argentino,CA238923516AR,DELIVERED,2025-06-11 18:23:37,2025-06-13 10:07:01
9000005803,1000009992,Correo Argentino,CA714844601AR,DELIVERED,2025-06-11 17:50:59,2025-06-13 19:39:18
9000005804,1000009993,Correo Argentino,CA635114490AR,DELIVERED,2025-06-11 18:51:21,2025-06-13 09:48:53
9000005805,1000009994,Correo Argentino,CA339863098AR,DELIVERED,2025-06-11 16:50:45,2025-06-13 13:53:31
9000005806,1000009995,Correo Argentino,CA614281585AR,DELIVERED,2025-06-11 18:11:09,2025-06-16 11:55:38
9000005807,1000009997,Correo Argentino,CA211704683AR,DELIVERED,2025-06-11 17:45:04,2025-06-16 18:55:19
9000005808,1000009998,Correo Argentino,CA744698266AR,DELIVERED,2025-06-11 16:05:15,2025-06-12 09:44:58
9000005809,1000010001,Correo Argentino,CA588709362AR,DELIVERED,2025-06-11 16:34:02,2025-06-16 14:55:04
9000005810,1000010006,Correo Argentino,CA948111448AR,DELIVERED,2025-06-12 17:50:12,2025-06-18 10:00:01
9000005811,1000010007,Correo Argentino,CA032679646AR,DELIVERED,2025-06-13 17:54:01,2025-06-16 12:20:50
9000005812,1000010010,Correo Argentino,CA286335046AR,DELIVERED,2025-06-12 17:25:04,2025-06-16 17:19:59
9000005813,1000010011,Correo Argentino,CA029148187AR,DELIVERED,2025-06-12 16:11:49,2025-06-16 18:55:48
9000005814,1000010012,Correo Argentino,CA282003593AR,DELIVERED,2025-06-12 18:28:53,2025-06-18 12:58:23
9000005815,1000010014,Correo Argentino,CA773779522AR,DELIVERED,2025-06-12 18:23:24,2025-06-18 15:18:14
9000005816,1000010019,Correo Argentino,CA662721785AR,DELIVERED,2025-06-12 16:11:40,2025-06-13 09:23:11
9000005817,1000010020,Correo Argentino,CA041657503AR,DELIVERED,2025-06-12 16:18:35,2025-06-17 10:04:36
9000005818,1000010021,Correo Argentino,CA222982887AR,DELIVERED,2025-06-12 18:11:15,2025-06-18 15:50:48
9000005819,1000010022,Correo Argentino,CA209704506AR,DELIVERED,2025-06-12 16:23:53,2025-06-17 10:32:32
9000005820,1000010023,Correo Argentino,CA565293672AR,DELIVERED,2025-06-12 16:59:04,2025-06-17 18:51:23
9000005821,1000010024,Correo Argentino,CA915081395AR,DELIVERED,2025-06-12 16:05:14,2025-06-18 15:40:13
9000005822,1000010025,Correo Argentino,CA532651572AR,DELIVERED,2025-06-12 17:57:30,2025-06-18 15:13:00
9000005823,1000010026,Correo Argentino,CA603744823AR,DELIVERED,2025-06-12 16:31:34,2025-06-16 17:22:50
9000005824,1000010029,Correo Argentino,CA740044914AR,DELIVERED,2025-06-13 17:43:55,2025-06-17 15:47:28
9000005825,1000010032,Correo Argentino,CA186399311AR,DELIVERED,2025-06-13 16:31:17,2025-06-20 10:08:30
9000005826,1000010034,Correo Argentino,CA126448307AR,DELIVERED,2025-06-13 16:00:14,2025-06-18 17:50:03
9000005827,1000010037,Correo Argentino,CA061633755AR,DELIVERED,2025-06-13 18:32:40,2025-06-19 14:15:21
9000005828,1000010040,Correo Argentino,CA144088553AR,DELIVERED,2025-06-13 17:49:16,2025-06-18 17:42:27
9000005829,1000010042,Correo Argentino,CA081447288AR,DELIVERED,2025-06-13 17:25:23,2025-06-18 10:31:34
9000005830,1000010043,Correo Argentino,CA941517045AR,DELIVERED,2025-06-13 18:57:55,2025-06-18 12:24:18
9000005831,1000010044,Correo Argentino,CA017894897AR,DELIVERED,2025-06-13 17:08:45,2025-06-17 17:12:32
9000005832,1000010045,Correo Argentino,CA732455147AR,DELIVERED,2025-06-13 18:58:48,2025-06-18 11:55:12
9000005833,1000010046,Correo Argentino,CA775848567AR,DELIVERED,2025-06-13 17:23:15,2025-06-17 10:06:53
9000005834,1000010047,Correo Argentino,CA488891273AR,DELIVERED,2025-06-13 18:00:12,2025-06-17 15:53:19
9000005835,1000010048,Correo Argentino,CA072422845AR,DELIVERED,2025-06-13 17:11:08,2025-06-17 14:54:30
9000005836,1000010049,Correo Argentino,CA643192951AR,DELIVERED,2025-06-13 18:10:56,2025-06-18 15:58:14
9000005837,1000010050,Correo Argentino,CA005189916AR,DELIVERED,2025-06-13 17:36:46,2025-06-16 19:13:33
9000005838,1000010051,Correo Argentino,CA987828996AR,DELIVERED,2025-06-13 16:54:03,2025-06-17 14:41:59
9000005839,1000010053,Correo Argentino,CA776533038AR,DELIVERED,2025-06-13 16:38:14,2025-06-18 11:36:25
9000005840,1000010056,Correo Argentino,CA744831920AR,DELIVERED,2025-06-13 18:51:05,2025-06-18 09:42:22
9000005841,1000010058,Correo Argentino,CA498664057AR,DELIVERED,2025-06-16 17:58:57,2025-06-19 13:18:27
9000005842,1000010059,Correo Argentino,CA475546131AR,DELIVERED,2025-06-16 18:12:16,2025-06-18 16:13:18
9000005843,1000010061,Correo Argentino,CA702484124AR,DELIVERED,2025-06-16 18:59:59,2025-06-18 19:01:35
9000005844,1000010062,Correo Argentino,CA289979603AR,DELIVERED,2025-06-16 16:17:43,2025-06-18 10:15:36
9000005845,1000010063,Correo Argentino,CA296938945AR,DELIVERED,2025-06-16 17:07:14,2025-06-20 13:22:07
9000005846,1000010065,Correo Argentino,CA593262711AR,DELIVERED,2025-06-16 17:02:04,2025-06-18 10:01:20
9000005847,1000010066,Correo Argentino,CA673456947AR,DELIVERED,2025-06-16 18:04:33,2025-06-17 13:14:17
9000005848,1000010070,Correo Argentino,CA287364739AR,DELIVERED,2025-06-16 16:58:51,2025-06-20 17:00:36
9000005849,1000010078,Correo Argentino,CA059636760AR,DELIVERED,2025-06-16 17:49:22,2025-06-18 16:03:16
9000005850,1000010081,Correo Argentino,CA219622645AR,DELIVERED,2025-06-16 17:00:33,2025-06-18 12:13:21
9000005851,1000010085,Correo Argentino,CA788626234AR,DELIVERED,2025-06-16 16:54:19,2025-06-18 17:11:14
9000005852,1000010086,Correo Argentino,,CANCELLED,,
9000005853,1000010087,Correo Argentino,CA115003638AR,DELIVERED,2025-06-16 16:47:52,2025-06-20 17:09:53
9000005854,1000010088,Correo Argentino,CA927601943AR,DELIVERED,2025-06-16 16:15:19,2025-06-18 18:13:03
9000005855,1000010090,Correo Argentino,CA626059600AR,DELIVERED,2025-06-16 17:34:03,2025-06-18 11:57:30
9000005856,1000010091,Correo Argentino,CA546106292AR,DELIVERED,2025-06-16 17:05:00,2025-06-18 09:16:53
9000005857,1000010092,Correo Argentino,CA970637921AR,DELIVERED,2025-06-16 17:34:22,2025-06-19 11:25:23
9000005858,1000010093,Correo Argentino,CA690139177AR,DELIVERED,2025-06-16 16:36:57,2025-06-19 10:29:02
9000005859,1000010094,Correo Argentino,CA363819850AR,DELIVERED,2025-06-16 16:10:17,2025-06-20 18:22:42
9000005860,1000010095,Correo Argentino,CA652828349AR,DELIVERED,2025-06-16 18:53:56,2025-06-20 09:36:57
9000005861,1000010096,Correo Argentino,CA113904583AR,DELIVERED,2025-06-16 16:04:34,2025-06-19 16:54:58
9000005862,1000010097,Correo Argentino,CA410460753AR,DELIVERED,2025-06-16 18:11:56,2025-06-18 19:55:45
9000005863,1000010098,Correo Argentino,CA987321988AR,DELIVERED,2025-06-16 18:25:08,2025-06-20 18:19:08
9000005864,1000010099,Correo Argentino,CA866111995AR,DELIVERED,2025-06-16 18:20:21,2025-06-19 14:13:36
9000005865,1000010100,Correo Argentino,CA793903779AR,DELIVERED,2025-06-16 17:51:02,2025-06-17 11:23:42
9000005866,1000010101,Correo Argentino,CA284281464AR,DELIVERED,2025-06-16 16:37:34,2025-06-19 18:01:42
9000005867,1000010102,Correo Argentino,CA902465363AR,DELIVERED,2025-06-16 18:23:16,2025-06-18 11:08:16
9000005868,1000010103,Correo Argentino,CA299566103AR,DELIVERED,2025-06-16 16:01:26,2025-06-20 16:15:37
9000005869,1000010104,Correo Argentino,CA795196090AR,DELIVERED,2025-06-16 17:03:33,2025-06-19 17:40:56
9000005870,1000010105,Correo Argentino,CA239072660AR,DELIVERED,2025-06-17 17:41:42,2025-06-20 15:37:39
9000005871,1000010106,Correo Argentino,CA104604567AR,DELIVERED,2025-06-16 16:37:11,2025-06-18 14:20:09
9000005872,1000010108,Correo Argentino,CA359933413AR,DELIVERED,2025-06-16 18:05:21,2025-06-19 10:44:30
9000005873,1000010109,Correo Argentino,CA467535034AR,DELIVERED,2025-06-16 17:56:00,2025-06-20 13:49:22
9000005874,1000010111,Correo Argentino,CA904682513AR,DELIVERED,2025-06-17 18:52:43,2025-06-19 13:12:09
9000005875,1000010112,Correo Argentino,CA538186231AR,DELIVERED,2025-06-17 16:52:21,2025-06-20 17:22:51
9000005876,1000010113,Correo Argentino,CA315230366AR,DELIVERED,2025-06-17 18:27:27,2025-06-18 14:56:52
9000005877,1000010115,Correo Argentino,CA835119634AR,DELIVERED,2025-06-17 17:42:46,2025-06-23 11:30:27
9000005878,1000010116,Correo Argentino,CA460890060AR,DELIVERED,2025-06-17 16:47:09,2025-06-20 16:28:26
9000005879,1000010118,Correo Argentino,CA715938018AR,DELIVERED,2025-06-17 17:42:57,2025-06-18 17:05:04
9000005880,1000010119,Correo Argentino,CA032263206AR,DELIVERED,2025-06-17 17:01:53,2025-06-20 13:34:28
9000005881,1000010120,Correo Argentino,CA582642333AR,DELIVERED,2025-06-17 17:17:30,2025-06-19 15:39:46
9000005882,1000010121,Correo Argentino,CA768052625AR,DELIVERED,2025-06-17 18:31:49,2025-06-19 17:58:03
9000005883,1000010122,Correo Argentino,CA660488400AR,DELIVERED,2025-06-17 17:40:29,2025-06-19 10:51:27
9000005884,1000010123,Correo Argentino,CA512551316AR,DELIVERED,2025-06-17 17:44:16,2025-06-19 09:08:00
9000005885,1000010124,Correo Argentino,CA192230663AR,DELIVERED,2025-06-17 17:29:34,2025-06-19 10:08:03
9000005886,1000010126,Correo Argentino,CA621462361AR,DELIVERED,2025-06-17 18:26:14,2025-06-23 13:08:55
9000005887,1000010130,Correo Argentino,CA990316747AR,DELIVERED,2025-06-18 17:26:29,2025-06-25 16:51:47
9000005888,1000010131,Correo Argentino,CA825563017AR,DELIVERED,2025-06-18 17:05:08,2025-06-20 09:10:43
9000005889,1000010132,Correo Argentino,CA249073562AR,DELIVERED,2025-06-18 17:30:03,2025-06-20 16:21:52
9000005890,1000010133,Correo Argentino,CA544491760AR,DELIVERED,2025-06-18 18:44:48,2025-06-19 11:28:56
9000005891,1000010134,Correo Argentino,CA125953637AR,DELIVERED,2025-06-19 16:59:38,2025-06-23 16:58:25
9000005892,1000010135,Correo Argentino,CA929209434AR,DELIVERED,2025-06-18 18:52:31,2025-06-20 12:31:12
9000005893,1000010136,Correo Argentino,CA055580926AR,DELIVERED,2025-06-18 17:47:15,2025-06-25 15:43:02
9000005894,1000010137,Correo Argentino,CA950609968AR,DELIVERED,2025-06-18 18:01:15,2025-06-20 14:31:44
9000005895,1000010140,Correo Argentino,CA097372239AR,DELIVERED,2025-06-18 17:51:38,2025-06-20 09:46:01
9000005896,1000010141,Correo Argentino,CA392271292AR,DELIVERED,2025-06-19 18:33:20,2025-06-25 09:00:57
9000005897,1000010144,Correo Argentino,CA094678515AR,DELIVERED,2025-06-19 18:01:01,2025-06-24 17:39:18
9000005898,1000010145,Correo Argentino,CA497805265AR,DELIVERED,2025-06-19 17:39:45,2025-06-23 12:36:51
9000005899,1000010146,Correo Argentino,CA194975943AR,DELIVERED,2025-06-19 18:41:15,2025-06-23 15:09:44
9000005900,1000010147,Correo Argentino,CA069120513AR,DELIVERED,2025-06-19 17:35:48,2025-06-23 09:13:15
9000005901,1000010148,Correo Argentino,CA927192476AR,DELIVERED,2025-06-19 18:43:28,2025-06-25 16:17:16
9000005902,1000010150,Correo Argentino,CA056253125AR,DELIVERED,2025-06-19 17:52:54,2025-06-23 15:29:40
9000005903,1000010151,Correo Argentino,CA678007014AR,DELIVERED,2025-06-19 17:40:15,2025-06-23 12:48:03
9000005904,1000010155,Correo Argentino,CA333400141AR,DELIVERED,2025-06-20 16:56:27,2025-06-23 16:56:44
9000005905,1000010156,Correo Argentino,CA819403381AR,DELIVERED,2025-06-20 18:56:14,2025-06-24 16:04:59
9000005906,1000010157,Correo Argentino,CA888380219AR,DELIVERED,2025-06-20 16:05:36,2025-06-27 19:05:28
9000005907,1000010159,Correo Argentino,CA511005730AR,DELIVERED,2025-06-20 18:37:00,2025-06-24 14:33:08
9000005908,1000010160,Correo Argentino,CA472172912AR,DELIVERED,2025-06-20 16:09:41,2025-06-25 14:49:33
9000005909,1000010161,Correo Argentino,CA916476087AR,DELIVERED,2025-06-20 17:20:35,2025-06-25 18:41:09
9000005910,1000010162,Correo Argentino,CA530616145AR,DELIVERED,2025-06-20 16:20:16,2025-06-24 09:42:22
9000005911,1000010163,Correo Argentino,CA939251343AR,DELIVERED,2025-06-20 18:07:30,2025-06-25 12:54:25
9000005912,1000010164,Correo Argentino,CA389025156AR,DELIVERED,2025-06-20 17:17:12,2025-06-25 19:22:57
9000005913,1000010165,Correo Argentino,CA148052446AR,DELIVERED,2025-06-20 18:46:55,2025-06-27 12:40:14
9000005914,1000010167,Correo Argentino,CA444830924AR,DELIVERED,2025-06-20 16:38:56,2025-06-26 13:46:44
9000005915,1000010172,Correo Argentino,CA311447364AR,DELIVERED,2025-06-23 16:16:41,2025-06-25 17:11:59
9000005916,1000010175,Correo Argentino,CA962113487AR,DELIVERED,2025-06-23 18:43:57,2025-06-26 12:30:23
9000005917,1000010176,Correo Argentino,CA369219034AR,DELIVERED,2025-06-23 18:16:58,2025-06-26 18:15:59
9000005918,1000010179,Correo Argentino,CA743619992AR,DELIVERED,2025-06-23 16:38:57,2025-06-25 16:50:56
9000005919,1000010181,Correo Argentino,CA684448524AR,DELIVERED,2025-06-23 17:59:42,2025-06-26 10:12:09
9000005920,1000010184,Correo Argentino,CA200758706AR,DELIVERED,2025-06-23 17:00:31,2025-06-26 15:12:09
9000005921,1000010185,Correo Argentino,CA310518929AR,DELIVERED,2025-06-23 18:15:51,2025-06-26 14:32:07
9000005922,1000010186,Correo Argentino,CA564486572AR,DELIVERED,2025-06-23 17:34:45,2025-06-24 12:47:37
9000005923,1000010191,Correo Argentino,CA140553236AR,DELIVERED,2025-06-23 16:14:26,2025-06-24 15:09:42
9000005924,1000010195,Correo Argentino,CA276353362AR,DELIVERED,2025-06-23 16:47:40,2025-06-27 18:45:18
9000005925,1000010203,Correo Argentino,,CANCELLED,,
9000005926,1000010204,Correo Argentino,CA634722525AR,DELIVERED,2025-06-23 16:03:00,2025-06-25 09:16:50
9000005927,1000010207,Correo Argentino,CA366349439AR,DELIVERED,2025-06-23 18:05:00,2025-06-25 13:55:20
9000005928,1000010208,Correo Argentino,CA138179364AR,DELIVERED,2025-06-23 16:03:01,2025-06-25 17:11:43
9000005929,1000010209,Correo Argentino,CA868064993AR,DELIVERED,2025-06-23 16:42:03,2025-06-27 17:23:50
9000005930,1000010210,Correo Argentino,CA601499333AR,DELIVERED,2025-06-23 18:44:00,2025-06-26 12:56:24
9000005931,1000010211,Correo Argentino,CA404763954AR,DELIVERED,2025-06-23 17:44:26,2025-06-25 10:11:27
9000005932,1000010212,Correo Argentino,CA441166193AR,DELIVERED,2025-06-23 18:58:45,2025-06-26 13:02:33
9000005933,1000010214,Correo Argentino,CA535561085AR,DELIVERED,2025-06-23 18:19:46,2025-06-26 15:27:14
9000005934,1000010216,Correo Argentino,CA290814323AR,DELIVERED,2025-06-23 18:38:29,2025-06-25 13:12:37
9000005935,1000010217,Correo Argentino,CA366986493AR,DELIVERED,2025-06-23 17:25:44,2025-06-27 14:48:16
9000005936,1000010218,Correo Argentino,CA334587673AR,DELIVERED,2025-06-23 16:19:07,2025-06-24 15:55:35
9000005937,1000010219,Correo Argentino,CA741774261AR,DELIVERED,2025-06-23 18:28:40,2025-06-25 13:20:01
9000005938,1000010220,Correo Argentino,CA034094584AR,DELIVERED,2025-06-23 16:14:13,2025-06-27 15:02:31
9000005939,1000010222,Correo Argentino,CA399422158AR,DELIVERED,2025-06-23 17:38:32,2025-06-25 11:29:55
9000005940,1000010223,Correo Argentino,CA769857284AR,DELIVERED,2025-06-23 17:39:12,2025-06-27 16:03:48
9000005941,1000010226,Correo Argentino,CA122992956AR,DELIVERED,2025-06-24 18:07:21,2025-06-25 14:12:36
9000005942,1000010228,Correo Argentino,CA190537357AR,DELIVERED,2025-06-24 17:36:17,2025-06-25 09:19:11
9000005943,1000010231,Correo Argentino,CA133310402AR,DELIVERED,2025-06-24 17:29:21,2025-06-26 19:20:42
9000005944,1000010232,Correo Argentino,CA350323588AR,DELIVERED,2025-06-24 18:59:45,2025-06-26 12:18:09
9000005945,1000010233,Correo Argentino,CA070013035AR,DELIVERED,2025-06-24 18:55:02,2025-06-26 16:35:30
9000005946,1000010234,Correo Argentino,CA794046805AR,DELIVERED,2025-06-24 16:11:59,2025-06-26 09:09:10
9000005947,1000010235,Correo Argentino,CA923850007AR,DELIVERED,2025-06-24 16:30:05,2025-06-30 10:30:55
9000005948,1000010237,Correo Argentino,CA048111184AR,DELIVERED,2025-06-24 17:26:55,2025-06-26 10:06:36
9000005949,1000010242,Correo Argentino,CA200610878AR,DELIVERED,2025-06-25 16:29:19,2025-07-01 12:43:39
9000005950,1000010243,Correo Argentino,CA740924077AR,DELIVERED,2025-06-25 16:09:37,2025-06-30 13:08:23
9000005951,1000010247,Correo Argentino,CA685043332AR,DELIVERED,2025-06-25 18:14:40,2025-06-30 14:51:44
9000005952,1000010248,Correo Argentino,CA367791528AR,DELIVERED,2025-06-25 18:13:30,2025-07-01 18:18:45
9000005953,1000010250,Correo Argentino,CA540089867AR,DELIVERED,2025-06-25 17:55:48,2025-06-26 15:44:40
9000005954,1000010252,Correo Argentino,CA275227479AR,DELIVERED,2025-06-25 17:22:23,2025-06-26 19:52:41
9000005955,1000010253,Correo Argentino,CA483027543AR,DELIVERED,2025-06-25 17:04:41,2025-06-27 12:06:55
9000005956,1000010254,Correo Argentino,,CANCELLED,,
9000005957,1000010255,Correo Argentino,CA726545838AR,DELIVERED,2025-06-25 17:04:25,2025-06-26 19:56:31
9000005958,1000010256,Correo Argentino,CA830409057AR,DELIVERED,2025-06-25 17:08:07,2025-07-02 18:38:29
9000005959,1000010257,Correo Argentino,CA741172887AR,DELIVERED,2025-06-26 16:45:15,2025-06-27 12:47:40
9000005960,1000010258,Correo Argentino,CA710876136AR,DELIVERED,2025-06-25 18:21:31,2025-06-27 18:25:19
9000005961,1000010260,Correo Argentino,CA172543763AR,DELIVERED,2025-06-25 17:00:27,2025-07-01 11:08:42
9000005962,1000010261,Correo Argentino,CA606581109AR,DELIVERED,2025-06-25 16:59:32,2025-06-30 17:39:01
9000005963,1000010263,Correo Argentino,CA057691389AR,DELIVERED,2025-06-25 16:39:07,2025-06-30 12:39:09
9000005964,1000010264,Correo Argentino,CA695690293AR,DELIVERED,2025-06-25 16:58:44,2025-07-02 10:41:00
9000005965,1000010267,Correo Argentino,CA256044070AR,DELIVERED,2025-06-26 17:59:06,2025-06-27 19:12:27
9000005966,1000010270,Correo Argentino,CA443803480AR,DELIVERED,2025-06-26 17:29:07,2025-06-30 09:45:40
9000005967,1000010274,Correo Argentino,CA574313120AR,DELIVERED,2025-06-26 17:01:53,2025-07-01 09:02:44
9000005968,1000010275,Correo Argentino,CA992080960AR,DELIVERED,2025-06-26 18:40:11,2025-06-30 18:52:20
9000005969,1000010277,Correo Argentino,CA210877843AR,DELIVERED,2025-06-30 17:03:17,2025-07-01 15:43:56
9000005970,1000010278,Correo Argentino,CA704012514AR,DELIVERED,2025-06-26 17:51:07,2025-07-02 14:24:54
9000005971,1000010279,Correo Argentino,CA290003647AR,DELIVERED,2025-06-26 18:50:51,2025-06-30 18:39:56
9000005972,1000010282,Correo Argentino,CA198706600AR,DELIVERED,2025-06-26 17:03:18,2025-06-27 11:25:42
9000005973,1000010284,Correo Argentino,CA399131820AR,DELIVERED,2025-06-27 17:12:04,2025-07-03 09:33:56
9000005974,1000010285,Correo Argentino,CA100575951AR,DELIVERED,2025-06-27 16:06:28,2025-07-02 11:56:01
9000005975,1000010286,Correo Argentino,CA989633890AR,DELIVERED,2025-06-27 17:40:12,2025-07-03 12:57:15
9000005976,1000010287,Correo Argentino,CA728046207AR,DELIVERED,2025-06-27 16:50:26,2025-07-04 11:14:10
9000005977,1000010293,Correo Argentino,CA593382901AR,DELIVERED,2025-06-27 18:33:57,2025-07-01 16:35:19
9000005978,1000010294,Correo Argentino,CA728183135AR,DELIVERED,2025-06-27 17:36:32,2025-07-02 13:41:16
9000005979,1000010295,Correo Argentino,CA470101385AR,DELIVERED,2025-06-27 18:38:52,2025-07-02 09:11:25
9000005980,1000010296,Correo Argentino,CA533361352AR,DELIVERED,2025-06-27 18:05:04,2025-07-03 16:40:15
9000005981,1000010297,Correo Argentino,CA712436181AR,DELIVERED,2025-06-27 17:56:06,2025-07-02 09:51:58
9000005982,1000010299,Correo Argentino,CA414120896AR,DELIVERED,2025-06-27 16:28:57,2025-07-02 11:22:24
9000005983,1000010302,Correo Argentino,CA599025056AR,DELIVERED,2025-06-30 16:27:47,2025-07-03 19:03:20
9000005984,1000010303,Correo Argentino,CA672930688AR,DELIVERED,2025-06-30 16:21:29,2025-07-02 10:32:07
9000005985,1000010307,Correo Argentino,CA233095804AR,DELIVERED,2025-06-30 17:12:45,2025-07-04 17:58:47
9000005986,1000010310,Correo Argentino,CA288771430AR,DELIVERED,2025-06-30 18:48:20,2025-07-02 11:18:53
9000005987,1000010311,Correo Argentino,CA519078694AR,DELIVERED,2025-06-30 16:51:03,2025-07-02 19:15:36
9000005988,1000010312,Correo Argentino,CA026051153AR,DELIVERED,2025-06-30 18:23:55,2025-07-01 19:17:20
9000005989,1000010314,Correo Argentino,CA293127751AR,DELIVERED,2025-06-30 17:31:57,2025-07-01 18:19:55
9000005990,1000010317,Correo Argentino,CA853189029AR,DELIVERED,2025-06-30 16:56:07,2025-07-03 17:23:50
9000005991,1000010318,Correo Argentino,CA804704257AR,DELIVERED,2025-06-30 17:47:11,2025-07-02 15:12:15
9000005992,1000010321,Correo Argentino,CA158135544AR,DELIVERED,2025-06-30 18:35:06,2025-07-01 13:53:26
9000005993,1000010323,Correo Argentino,CA554398417AR,DELIVERED,2025-06-30 16:40:48,2025-07-04 17:30:51
9000005994,1000010324,Correo Argentino,CA361197725AR,DELIVERED,2025-06-30 17:36:04,2025-07-02 19:07:01
9000005995,1000010326,Correo Argentino,CA839247523AR,DELIVERED,2025-06-30 18:14:08,2025-07-03 10:23:50
9000005996,1000010328,Correo Argentino,CA215132000AR,DELIVERED,2025-06-30 16:32:12,2025-07-03 17:48:29
9000005997,1000010329,Correo Argentino,CA885672499AR,DELIVERED,2025-06-30 17:29:48,2025-07-02 13:43:21
9000005998,1000010330,Correo Argentino,CA363768083AR,DELIVERED,2025-06-30 16:18:57,2025-07-02 16:52:09
9000005999,1000010331,Correo Argentino,CA888080940AR,DELIVERED,2025-06-30 18:19:17,2025-07-03 11:15:19
9000006000,1000010332,Correo Argentino,CA073017507AR,DELIVERED,2025-06-30 16:09:47,2025-07-02 13:29:46
9000006001,1000010333,Correo Argentino,CA384007157AR,DELIVERED,2025-06-30 16:16:51,2025-07-03 14:05:02
9000006002,1000010334,Correo Argentino,CA876641170AR,DELIVERED,2025-06-30 18:04:04,2025-07-03 09:12:15
9000006003,1000010335,Correo Argentino,CA426786877AR,DELIVERED,2025-06-30 16:19:25,2025-07-03 09:16:15
9000006004,1000010336,Correo Argentino,CA503861455AR,DELIVERED,2025-06-30 17:40:52,2025-07-04 12:18:27
9000006005,1000010337,Correo Argentino,CA010469399AR,DELIVERED,2025-06-30 18:39:04,2025-07-04 16:26:06
9000006006,1000010338,Correo Argentino,CA693778016AR,DELIVERED,2025-06-30 16:39:36,2025-07-01 17:05:35
9000006007,1000010342,Correo Argentino,CA976841831AR,DELIVERED,2025-07-01 17:58:44,2025-07-03 19:20:26
9000006008,1000010344,Correo Argentino,CA024717605AR,DELIVERED,2025-07-01 16:22:51,2025-07-03 11:58:19
9000006009,1000010348,Correo Argentino,CA715576377AR,DELIVERED,2025-07-01 16:25:16,2025-07-07 14:01:41
9000006010,1000010350,Correo Argentino,CA997833392AR,DELIVERED,2025-07-01 16:59:05,2025-07-04 15:49:44
9000006011,1000010355,Correo Argentino,CA398806155AR,DELIVERED,2025-07-01 16:54:23,2025-07-04 17:45:50
9000006012,1000010356,Correo Argentino,CA131871891AR,DELIVERED,2025-07-01 18:32:05,2025-07-03 14:41:54
9000006013,1000010357,Correo Argentino,CA556866432AR,DELIVERED,2025-07-01 18:20:54,2025-07-03 09:43:04
9000006014,1000010358,Correo Argentino,CA862578265AR,DELIVERED,2025-07-01 16:43:52,2025-07-08 19:21:35
9000006015,1000010359,Correo Argentino,CA584473041AR,DELIVERED,2025-07-01 18:43:03,2025-07-07 14:40:07
9000006016,1000010360,Correo Argentino,CA072947872AR,DELIVERED,2025-07-01 18:40:21,2025-07-07 10:43:13
9000006017,1000010363,Correo Argentino,CA209421801AR,DELIVERED,2025-07-01 17:20:25,2025-07-07 11:28:07
9000006018,1000010364,Correo Argentino,CA127343255AR,DELIVERED,2025-07-02 17:35:56,2025-07-07 11:33:42
9000006019,1000010366,Correo Argentino,CA313382618AR,DELIVERED,2025-07-02 16:12:53,2025-07-08 15:49:23
9000006020,1000010369,Correo Argentino,CA032621523AR,DELIVERED,2025-07-02 16:10:17,2025-07-08 13:05:53
9000006021,1000010370,Correo Argentino,CA335911798AR,DELIVERED,2025-07-02 17:40:28,2025-07-03 13:44:30
9000006022,1000010371,Correo Argentino,CA045988545AR,DELIVERED,2025-07-02 17:14:37,2025-07-08 16:38:54
9000006023,1000010372,Correo Argentino,CA409285879AR,DELIVERED,2025-07-02 18:57:32,2025-07-07 15:44:23
9000006024,1000010373,Correo Argentino,,CANCELLED,,
9000006025,1000010374,Correo Argentino,CA858103487AR,DELIVERED,2025-07-03 18:17:33,2025-07-07 12:55:22
9000006026,1000010375,Correo Argentino,CA198092525AR,DELIVERED,2025-07-03 17:08:20,2025-07-08 14:57:39
9000006027,1000010376,Correo Argentino,CA849995355AR,DELIVERED,2025-07-03 18:52:12,2025-07-07 14:43:10
9000006028,1000010377,Correo Argentino,CA122428060AR,DELIVERED,2025-07-03 17:56:51,2025-07-04 09:47:12
9000006029,1000010378,Correo Argentino,CA386090783AR,DELIVERED,2025-07-04 17:00:19,2025-07-08 10:17:33
9000006030,1000010379,Correo Argentino,CA409933900AR,DELIVERED,2025-07-03 16:57:43,2025-07-09 17:11:54
9000006031,1000010380,Correo Argentino,CA725254252AR,DELIVERED,2025-07-03 18:30:15,2025-07-07 12:30:04
9000006032,1000010381,Correo Argentino,CA272010295AR,DELIVERED,2025-07-03 18:09:39,2025-07-09 12:41:25
9000006033,1000010383,Correo Argentino,CA313112412AR,DELIVERED,2025-07-04 16:51:56,2025-07-09 16:56:50
9000006034,1000010386,Correo Argentino,CA802569845AR,DELIVERED,2025-07-04 18:30:01,2025-07-08 12:50:59
9000006035,1000010387,Correo Argentino,CA642561916AR,DELIVERED,2025-07-04 17:58:26,2025-07-09 11:03:22
9000006036,1000010390,Correo Argentino,CA932548718AR,DELIVERED,2025-07-04 17:55:38,2025-07-08 09:39:36
9000006037,1000010392,Correo Argentino,CA980047019AR,DELIVERED,2025-07-04 18:37:38,2025-07-07 14:02:56
9000006038,1000010396,Correo Argentino,CA853237103AR,DELIVERED,2025-07-04 17:35:21,2025-07-07 15:19:49
9000006039,1000010397,Correo Argentino,CA936335363AR,DELIVERED,2025-07-04 16:58:11,2025-07-10 17:05:21
9000006040,1000010398,Correo Argentino,CA769210105AR,DELIVERED,2025-07-04 17:44:18,2025-07-08 13:07:37
9000006041,1000010399,Correo Argentino,CA327638209AR,DELIVERED,2025-07-04 16:29:18,2025-07-07 15:26:04
9000006042,1000010400,Correo Argentino,CA951022762AR,DELIVERED,2025-07-04 17:34:24,2025-07-08 10:15:49
9000006043,1000010406,Correo Argentino,CA874554847AR,DELIVERED,2025-07-07 17:37:26,2025-07-10 17:01:58
9000006044,1000010407,Correo Argentino,CA542197419AR,DELIVERED,2025-07-07 16:51:11,2025-07-14 16:39:47
9000006045,1000010408,Correo Argentino,CA210823477AR,DELIVERED,2025-07-07 16:28:17,2025-07-10 14:25:23
9000006046,1000010409,Correo Argentino,CA493892722AR,DELIVERED,2025-07-07 16:24:22,2025-07-08 19:54:55
9000006047,1000010410,Correo Argentino,CA498102806AR,DELIVERED,2025-07-07 16:49:57,2025-07-09 14:48:21
9000006048,1000010411,Correo Argentino,CA231766830AR,DELIVERED,2025-07-07 18:08:00,2025-07-09 18:02:20
9000006049,1000010412,Correo Argentino,CA109004104AR,DELIVERED,2025-07-07 16:57:43,2025-07-10 18:35:13
9000006050,1000010413,Correo Argentino,CA925688372AR,DELIVERED,2025-07-07 18:50:15,2025-07-11 09:14:22
9000006051,1000010414,Correo Argentino,CA969252945AR,DELIVERED,2025-07-07 16:54:47,2025-07-11 10:12:09
9000006052,1000010415,Correo Argentino,CA445711143AR,DELIVERED,2025-07-07 16:02:38,2025-07-09 17:59:52
9000006053,1000010416,Correo Argentino,CA804160465AR,DELIVERED,2025-07-07 16:26:52,2025-07-10 14:45:23
9000006054,1000010417,Correo Argentino,CA648559556AR,DELIVERED,2025-07-07 17:02:07,2025-07-09 14:09:04
9000006055,1000010419,Correo Argentino,CA953409785AR,DELIVERED,2025-07-07 17:17:41,2025-07-14 10:31:48
9000006056,1000010422,Correo Argentino,CA702500628AR,DELIVERED,2025-07-07 17:44:32,2025-07-09 11:48:59
9000006057,1000010428,Correo Argentino,CA391430010AR,DELIVERED,2025-07-07 16:18:11,2025-07-08 11:56:48
9000006058,1000010433,Correo Argentino,CA210881093AR,DELIVERED,2025-07-07 17:43:51,2025-07-08 16:00:48
9000006059,1000010436,Correo Argentino,CA639931453AR,DELIVERED,2025-07-07 17:47:44,2025-07-11 16:50:16
9000006060,1000010437,Correo Argentino,CA676741100AR,DELIVERED,2025-07-07 18:53:58,2025-07-09 14:21:23
9000006061,1000010438,Correo Argentino,CA640730524AR,DELIVERED,2025-07-07 16:07:58,2025-07-09 16:28:04
9000006062,1000010439,Correo Argentino,CA965097082AR,DELIVERED,2025-07-07 16:18:31,2025-07-09 16:21:54
9000006063,1000010440,Correo Argentino,CA396762395AR,DELIVERED,2025-07-07 17:28:00,2025-07-10 16:23:27
9000006064,1000010441,Correo Argentino,CA525001357AR,DELIVERED,2025-07-07 16:13:56,2025-07-11 09:09:12
9000006065,1000010443,Correo Argentino,CA505392964AR,DELIVERED,2025-07-07 16:16:28,2025-07-09 18:42:43
9000006066,1000010444,Correo Argentino,CA361652306AR,DELIVERED,2025-07-07 17:58:24,2025-07-10 12:50:30
9000006067,1000010445,Correo Argentino,CA342674916AR,DELIVERED,2025-07-07 18:54:11,2025-07-08 18:56:22
9000006068,1000010446,Correo Argentino,CA093171719AR,DELIVERED,2025-07-07 17:57:14,2025-07-09 15:09:59
9000006069,1000010447,Correo Argentino,CA279676872AR,DELIVERED,2025-07-07 18:02:12,2025-07-09 09:35:37
9000006070,1000010448,Correo Argentino,CA567448220AR,DELIVERED,2025-07-07 18:37:48,2025-07-09 10:47:30
9000006071,1000010449,Correo Argentino,CA714609131AR,DELIVERED,2025-07-07 16:44:35,2025-07-11 12:38:55
9000006072,1000010450,Correo Argentino,CA249069112AR,DELIVERED,2025-07-07 16:06:15,2025-07-08 17:53:40
9000006073,1000010451,Correo Argentino,CA587274387AR,DELIVERED,2025-07-07 18:21:01,2025-07-08 12:08:02
9000006074,1000010453,Correo Argentino,CA665066904AR,DELIVERED,2025-07-08 18:31:56,2025-07-10 19:51:06
9000006075,1000010454,Correo Argentino,CA217063076AR,DELIVERED,2025-07-08 18:28:36,2025-07-10 17:11:42
9000006076,1000010456,Correo Argentino,CA479451271AR,DELIVERED,2025-07-08 18:50:06,2025-07-14 13:18:47
9000006077,1000010458,Correo Argentino,CA104502201AR,DELIVERED,2025-07-08 17:55:43,2025-07-14 15:43:24
9000006078,1000010461,Correo Argentino,CA920197381AR,DELIVERED,2025-07-08 16:41:57,2025-07-11 15:10:53
9000006079,1000010462,Correo Argentino,CA309286657AR,DELIVERED,2025-07-08 17:50:55,2025-07-11 17:42:56
9000006080,1000010463,Correo Argentino,CA823078919AR,DELIVERED,2025-07-08 17:25:12,2025-07-10 09:30:32
9000006081,1000010464,Correo Argentino,CA847098552AR,DELIVERED,2025-07-08 16:07:51,2025-07-14 19:03:15
9000006082,1000010466,Correo Argentino,CA183615224AR,DELIVERED,2025-07-08 18:23:35,2025-07-10 17:00:14
9000006083,1000010467,Correo Argentino,CA769452257AR,DELIVERED,2025-07-08 17:20:28,2025-07-15 18:22:02
9000006084,1000010468,Correo Argentino,CA843668249AR,DELIVERED,2025-07-08 16:18:25,2025-07-11 09:53:23
9000006085,1000010469,Correo Argentino,CA195086768AR,DELIVERED,2025-07-08 18:11:00,2025-07-10 11:20:16
9000006086,1000010470,Correo Argentino,CA590335021AR,DELIVERED,2025-07-08 16:07:57,2025-07-14 13:22:25
9000006087,1000010471,Correo Argentino,CA385307638AR,DELIVERED,2025-07-09 16:43:39,2025-07-15 12:21:13
9000006088,1000010472,Correo Argentino,CA414883750AR,DELIVERED,2025-07-08 18:48:57,2025-07-10 19:41:34
9000006089,1000010476,Correo Argentino,CA712731046AR,DELIVERED,2025-07-09 16:39:45,2025-07-11 12:12:23
9000006090,1000010478,Correo Argentino,CA696114659AR,DELIVERED,2025-07-09 18:44:07,2025-07-14 15:38:20
9000006091,1000010479,Correo Argentino,CA828193273AR,DELIVERED,2025-07-09 16:19:44,2025-07-10 10:08:31
9000006092,1000010480,Correo Argentino,CA115015445AR,DELIVERED,2025-07-09 17:31:34,2025-07-15 17:54:21
9000006093,1000010481,Correo Argentino,CA824098132AR,DELIVERED,2025-07-09 18:44:34,2025-07-10 11:51:37
9000006094,1000010482,Correo Argentino,CA120329010AR,DELIVERED,2025-07-09 16:33:07,2025-07-14 15:48:56
9000006095,1000010483,Correo Argentino,CA941700775AR,DELIVERED,2025-07-09 17:07:38,2025-07-11 18:35:24
9000006096,1000010485,Correo Argentino,CA839756779AR,DELIVERED,2025-07-10 18:40:36,2025-07-15 13:54:28
9000006097,1000010487,Correo Argentino,CA953507842AR,DELIVERED,2025-07-10 16:11:32,2025-07-11 16:29:29
9000006098,1000010488,Correo Argentino,CA932713937AR,DELIVERED,2025-07-10 17:43:08,2025-07-16 14:20:02
9000006099,1000010489,Correo Argentino,CA758704902AR,DELIVERED,2025-07-10 18:58:33,2025-07-14 17:50:07
9000006100,1000010490,Correo Argentino,CA340359468AR,DELIVERED,2025-07-10 17:41:48,2025-07-14 13:19:56
9000006101,1000010491,Correo Argentino,CA321597021AR,DELIVERED,2025-07-10 16:40:24,2025-07-17 13:43:55
9000006102,1000010493,Correo Argentino,CA027247379AR,DELIVERED,2025-07-10 16:10:57,2025-07-11 16:53:41
9000006103,1000010495,Correo Argentino,CA104024540AR,DELIVERED,2025-07-10 16:24:37,2025-07-14 13:33:34
9000006104,1000010496,Correo Argentino,CA141003912AR,DELIVERED,2025-07-10 16:51:15,2025-07-14 17:06:20
9000006105,1000010497,Correo Argentino,CA289103944AR,DELIVERED,2025-07-11 18:49:27,2025-07-15 18:30:26
9000006106,1000010499,Correo Argentino,CA927527205AR,DELIVERED,2025-07-11 17:56:07,2025-07-14 14:38:15
9000006107,1000010500,Correo Argentino,CA725302976AR,DELIVERED,2025-07-11 17:40:45,2025-07-15 17:31:58
9000006108,1000010502,Correo Argentino,CA152267713AR,DELIVERED,2025-07-11 18:11:56,2025-07-16 09:13:37
9000006109,1000010503,Correo Argentino,CA670456583AR,DELIVERED,2025-07-11 18:09:13,2025-07-16 16:54:53
9000006110,1000010504,Correo Argentino,CA192096262AR,DELIVERED,2025-07-11 18:18:50,2025-07-14 09:17:00
9000006111,1000010509,Correo Argentino,CA748717506AR,DELIVERED,2025-07-11 18:49:05,2025-07-15 10:52:33
9000006112,1000010510,Correo Argentino,CA738834987AR,DELIVERED,2025-07-11 17:04:31,2025-07-16 17:24:42
9000006113,1000010511,Correo Argentino,CA110204524AR,DELIVERED,2025-07-11 16:48:44,2025-07-14 14:43:46
9000006114,1000010512,Correo Argentino,CA224624966AR,DELIVERED,2025-07-11 18:08:30,2025-07-15 16:26:40
9000006115,1000010514,Correo Argentino,CA928494285AR,DELIVERED,2025-07-11 17:08:01,2025-07-15 17:24:58
9000006116,1000010516,Correo Argentino,CA533267703AR,DELIVERED,2025-07-14 17:30:22,2025-07-16 13:02:50
9000006117,1000010518,Correo Argentino,CA246330235AR,DELIVERED,2025-07-14 17:38:14,2025-07-15 18:08:04
9000006118,1000010519,Correo Argentino,CA709153786AR,DELIVERED,2025-07-14 17:35:31,2025-07-21 14:08:29
9000006119,1000010523,Correo Argentino,CA355239861AR,DELIVERED,2025-07-14 16:50:08,2025-07-17 17:03:17
9000006120,1000010524,Correo Argentino,CA789828260AR,DELIVERED,2025-07-14 16:12:08,2025-07-15 11:22:06
9000006121,1000010525,Correo Argentino,CA634743636AR,DELIVERED,2025-07-14 16:35:29,2025-07-16 09:09:29
9000006122,1000010526,Correo Argentino,CA945630607AR,DELIVERED,2025-07-14 16:26:34,2025-07-21 10:28:20
9000006123,1000010528,Correo Argentino,CA985300441AR,DELIVERED,2025-07-14 17:07:30,2025-07-16 09:30:21
9000006124,1000010529,Correo Argentino,CA224928495AR,DELIVERED,2025-07-14 18:09:00,2025-07-15 15:08:22
9000006125,1000010530,Correo Argentino,CA974358126AR,DELIVERED,2025-07-14 18:05:07,2025-07-17 18:54:41
9000006126,1000010531,Correo Argentino,CA849566526AR,DELIVERED,2025-07-14 16:29:50,2025-07-16 15:49:58
9000006127,1000010532,Correo Argentino,CA290163690AR,DELIVERED,2025-07-14 18:18:02,2025-07-16 11:42:02
9000006128,1000010539,Correo Argentino,CA274614722AR,DELIVERED,2025-07-14 17:58:07,2025-07-16 15:04:05
9000006129,1000010541,Correo Argentino,CA356980620AR,DELIVERED,2025-07-14 18:50:51,2025-07-21 18:52:55
9000006130,1000010542,Correo Argentino,CA502601985AR,DELIVERED,2025-07-14 16:08:33,2025-07-17 14:57:18
9000006131,1000010545,Correo Argentino,CA998733064AR,DELIVERED,2025-07-14 17:29:51,2025-07-18 09:16:56
9000006132,1000010546,Correo Argentino,CA373758171AR,DELIVERED,2025-07-14 16:17:22,2025-07-16 10:39:30
9000006133,1000010548,Correo Argentino,CA785881918AR,DELIVERED,2025-07-14 17:05:41,2025-07-17 19:15:04
9000006134,1000010549,Correo Argentino,CA177411890AR,DELIVERED,2025-07-14 18:37:38,2025-07-16 16:30:35
9000006135,1000010550,Correo Argentino,CA729916400AR,DELIVERED,2025-07-14 17:41:27,2025-07-18 13:27:41
9000006136,1000010552,Correo Argentino,CA807306434AR,DELIVERED,2025-07-14 16:24:34,2025-07-16 10:51:35
9000006137,1000010553,Correo Argentino,CA374938036AR,DELIVERED,2025-07-14 16:24:08,2025-07-16 11:18:34
9000006138,1000010554,Correo Argentino,CA012522415AR,DELIVERED,2025-07-14 17:50:00,2025-07-17 11:42:53
9000006139,1000010555,Correo Argentino,CA170997301AR,DELIVERED,2025-07-14 16:44:10,2025-07-16 17:54:16
9000006140,1000010556,Correo Argentino,CA764223844AR,DELIVERED,2025-07-14 16:01:22,2025-07-17 16:48:26
9000006141,1000010557,Correo Argentino,CA167797437AR,DELIVERED,2025-07-14 17:44:35,2025-07-18 09:37:13
9000006142,1000010560,Correo Argentino,CA047051652AR,DELIVERED,2025-07-14 18:36:18,2025-07-16 10:44:48
9000006143,1000010565,Correo Argentino,CA773761463AR,DELIVERED,2025-07-15 17:25:46,2025-07-17 14:06:34
9000006144,1000010568,Correo Argentino,CA058714660AR,DELIVERED,2025-07-15 16:59:02,2025-07-18 09:44:16
9000006145,1000010569,Correo Argentino,CA929521920AR,DELIVERED,2025-07-15 17:13:37,2025-07-16 16:05:51
9000006146,1000010571,Correo Argentino,CA483209859AR,DELIVERED,2025-07-15 16:48:02,2025-07-17 09:29:13
9000006147,1000010572,Correo Argentino,CA836794258AR,DELIVERED,2025-07-15 18:55:05,2025-07-21 15:30:29
9000006148,1000010573,Correo Argentino,CA159947226AR,DELIVERED,2025-07-15 16:57:50,2025-07-22 17:16:49
9000006149,1000010574,Correo Argentino,CA521786526AR,DELIVERED,2025-07-15 16:37:01,2025-07-18 13:29:24
9000006150,1000010575,Correo Argentino,CA974979785AR,DELIVERED,2025-07-15 18:25:21,2025-07-17 12:36:08
9000006151,1000010576,Correo Argentino,CA300668793AR,DELIVERED,2025-07-15 18:19:50,2025-07-17 14:08:44
9000006152,1000010577,Correo Argentino,CA523074189AR,DELIVERED,2025-07-15 18:51:12,2025-07-18 10:22:45
9000006153,1000010578,Correo Argentino,CA224792082AR,DELIVERED,2025-07-15 16:58:49,2025-07-21 16:11:59
9000006154,1000010582,Correo Argentino,CA958539592AR,DELIVERED,2025-07-15 18:50:16,2025-07-21 17:41:43
9000006155,1000010584,Correo Argentino,CA687565496AR,DELIVERED,2025-07-16 18:47:18,2025-07-21 19:20:57
9000006156,1000010588,Correo Argentino,CA727008753AR,DELIVERED,2025-07-16 17:23:57,2025-07-18 12:30:09
9000006157,1000010589,Correo Argentino,CA328272593AR,DELIVERED,2025-07-16 18:56:06,2025-07-21 18:21:38
9000006158,1000010590,Correo Argentino,CA664126151AR,DELIVERED,2025-07-16 16:07:10,2025-07-18 14:26:57
9000006159,1000010591,Correo Argentino,CA370052377AR,DELIVERED,2025-07-16 18:21:37,2025-07-17 13:17:19
9000006160,1000010592,Correo Argentino,CA551729539AR,DELIVERED,2025-07-16 18:40:05,2025-07-21 09:12:54
9000006161,1000010593,Correo Argentino,CA914455590AR,DELIVERED,2025-07-16 16:30:13,2025-07-21 10:21:47
9000006162,1000010594,Correo Argentino,CA102365690AR,DELIVERED,2025-07-16 18:00:51,2025-07-21 18:07:15
9000006163,1000010595,Correo Argentino,CA212649570AR,DELIVERED,2025-07-16 17:00:38,2025-07-22 10:13:14
9000006164,1000010598,Correo Argentino,CA194584472AR,DELIVERED,2025-07-17 17:37:20,2025-07-23 14:43:59
9000006165,1000010600,Correo Argentino,CA053925361AR,DELIVERED,2025-07-17 16:22:26,2025-07-21 09:24:07
9000006166,1000010601,Correo Argentino,CA281926548AR,DELIVERED,2025-07-17 18:33:51,2025-07-22 14:44:26
9000006167,1000010603,Correo Argentino,CA318829225AR,DELIVERED,2025-07-17 18:28:37,2025-07-21 13:54:03
9000006168,1000010604,Correo Argentino,CA134450469AR,DELIVERED,2025-07-17 18:23:34,2025-07-22 14:42:37
9000006169,1000010606,Correo Argentino,CA446862549AR,DELIVERED,2025-07-17 18:00:15,2025-07-23 13:13:02
9000006170,1000010607,Correo Argentino,CA925790595AR,DELIVERED,2025-07-17 16:39:06,2025-07-22 09:12:38
9000006171,1000010611,Correo Argentino,CA751816966AR,DELIVERED,2025-07-17 16:13:44,2025-07-21 16:25:58
9000006172,1000010613,Correo Argentino,CA794060131AR,DELIVERED,2025-07-18 18:41:43,2025-07-25 09:11:50
9000006173,1000010614,Correo Argentino,CA162068506AR,DELIVERED,2025-07-18 18:02:24,2025-07-23 18:22:56
9000006174,1000010616,Correo Argentino,CA603058032AR,DELIVERED,2025-07-18 16:32:39,2025-07-23 12:11:37
9000006175,1000010617,Correo Argentino,CA978261716AR,DELIVERED,2025-07-18 16:06:28,2025-07-21 11:36:35
9000006176,1000010618,Correo Argentino,CA262949925AR,DELIVERED,2025-07-18 16:08:55,2025-07-23 17:14:09
9000006177,1000010621,Correo Argentino,CA596282802AR,DELIVERED,2025-07-18 18:04:30,2025-07-22 10:41:37
9000006178,1000010622,Correo Argentino,CA127003315AR,DELIVERED,2025-07-18 17:26:07,2025-07-21 19:52:06
9000006179,1000010623,Correo Argentino,CA017598934AR,DELIVERED,2025-07-18 18:12:53,2025-07-22 14:55:03
9000006180,1000010624,Correo Argentino,CA841336920AR,DELIVERED,2025-07-18 16:58:22,2025-07-22 12:09:13
9000006181,1000010625,Correo Argentino,CA040554785AR,DELIVERED,2025-07-18 17:42:04,2025-07-23 14:59:31
9000006182,1000010626,Correo Argentino,CA444578518AR,DELIVERED,2025-07-18 16:48:02,2025-07-22 13:27:43
9000006183,1000010627,Correo Argentino,CA335731484AR,DELIVERED,2025-07-18 16:11:35,2025-07-22 09:38:01
9000006184,1000010628,Correo Argentino,CA083271811AR,DELIVERED,2025-07-18 17:10:36,2025-07-22 11:19:37
9000006185,1000010633,Correo Argentino,CA525566715AR,DELIVERED,2025-07-21 17:04:25,2025-07-22 11:12:09
9000006186,1000010636,Correo Argentino,CA432921720AR,DELIVERED,2025-07-21 17:57:58,2025-07-25 17:44:36
9000006187,1000010637,Correo Argentino,CA495113408AR,DELIVERED,2025-07-21 18:27:26,2025-07-24 16:43:38
9000006188,1000010639,Correo Argentino,CA184340195AR,DELIVERED,2025-07-21 17:47:27,2025-07-23 12:20:59
9000006189,1000010641,Correo Argentino,CA900104118AR,DELIVERED,2025-07-21 17:43:11,2025-07-23 12:44:59
9000006190,1000010652,Correo Argentino,CA934024193AR,DELIVERED,2025-07-21 18:17:22,2025-07-24 15:44:41
9000006191,1000010653,Correo Argentino,CA613043551AR,DELIVERED,2025-07-21 18:28:46,2025-07-23 14:29:19
9000006192,1000010654,Correo Argentino,CA975179577AR,DELIVERED,2025-07-21 17:21:56,2025-07-23 10:03:42
9000006193,1000010655,Correo Argentino,CA770306405AR,DELIVERED,2025-07-21 18:06:18,2025-07-22 09:29:02
9000006194,1000010656,Correo Argentino,CA447000147AR,DELIVERED,2025-07-21 16:43:19,2025-07-25 09:26:20
9000006195,1000010657,Correo Argentino,CA071752763AR,DELIVERED,2025-07-21 18:42:25,2025-07-23 14:47:30
9000006196,1000010658,Correo Argentino,CA547065856AR,DELIVERED,2025-07-22 18:26:56,2025-07-28 10:14:49
9000006197,1000010659,Correo Argentino,CA396979291AR,DELIVERED,2025-07-21 17:34:03,2025-07-24 18:58:05
9000006198,1000010660,Correo Argentino,CA445178447AR,DELIVERED,2025-07-21 18:07:52,2025-07-23 11:56:40
9000006199,1000010661,Correo Argentino,CA751777728AR,DELIVERED,2025-07-21 18:02:46,2025-07-25 09:35:15
9000006200,1000010662,Correo Argentino,CA220681868AR,DELIVERED,2025-07-21 18:16:37,2025-07-23 10:22:05
9000006201,1000010663,Correo Argentino,CA106974859AR,DELIVERED,2025-07-21 18:33:31,2025-07-22 13:59:25
9000006202,1000010664,Correo Argentino,CA103911562AR,DELIVERED,2025-07-21 18:22:08,2025-07-28 19:52:22
9000006203,1000010665,Correo Argentino,CA250693887AR,DELIVERED,2025-07-21 16:15:01,2025-07-23 10:22:57
9000006204,1000010666,Correo Argentino,CA831849600AR,DELIVERED,2025-07-21 17:32:20,2025-07-22 12:58:34
9000006205,1000010667,Correo Argentino,CA601571096AR,DELIVERED,2025-07-21 16:18:01,2025-07-28 16:29:54
9000006206,1000010670,Correo Argentino,CA499858657AR,DELIVERED,2025-07-22 16:03:58,2025-07-28 19:38:18
9000006207,1000010671,Correo Argentino,CA308655594AR,DELIVERED,2025-07-22 18:28:50,2025-07-24 14:54:11
9000006208,1000010672,Correo Argentino,CA762866427AR,DELIVERED,2025-07-22 17:12:54,2025-07-23 13:17:11
9000006209,1000010673,Correo Argentino,CA864872576AR,DELIVERED,2025-07-22 16:33:21,2025-07-25 15:32:01
9000006210,1000010674,Correo Argentino,CA919059931AR,DELIVERED,2025-07-22 17:19:29,2025-07-28 18:46:06
9000006211,1000010675,Correo Argentino,CA693768256AR,DELIVERED,2025-07-22 17:09:28,2025-07-28 19:52:35
9000006212,1000010677,Correo Argentino,CA990008555AR,DELIVERED,2025-07-22 17:57:31,2025-07-25 16:41:00
9000006213,1000010679,Correo Argentino,CA889746619AR,DELIVERED,2025-07-22 17:08:48,2025-07-25 18:17:50
9000006214,1000010680,Correo Argentino,CA399750782AR,DELIVERED,2025-07-23 16:56:20,2025-07-25 18:50:09
9000006215,1000010681,Correo Argentino,CA745606792AR,DELIVERED,2025-07-22 18:25:53,2025-07-25 17:08:01
9000006216,1000010682,Correo Argentino,CA315710714AR,DELIVERED,2025-07-22 17:45:57,2025-07-23 14:14:38
9000006217,1000010683,Correo Argentino,CA058950199AR,DELIVERED,2025-07-22 17:14:35,2025-07-23 10:39:06
9000006218,1000010684,Correo Argentino,CA514675752AR,DELIVERED,2025-07-22 16:26:11,2025-07-23 14:40:21
9000006219,1000010685,Correo Argentino,CA451641419AR,DELIVERED,2025-07-22 16:28:47,2025-07-25 16:32:01
9000006220,1000010687,Correo Argentino,CA088441551AR,DELIVERED,2025-07-22 18:54:04,2025-07-25 13:17:36
9000006221,1000010688,Correo Argentino,CA910617251AR,DELIVERED,2025-07-23 16:37:02,2025-07-24 17:31:31
9000006222,1000010692,Correo Argentino,CA181257065AR,DELIVERED,2025-07-23 16:00:40,2025-07-28 14:37:12
9000006223,1000010694,Correo Argentino,CA217021413AR,DELIVERED,2025-07-23 18:20:27,2025-07-25 10:34:40
9000006224,1000010695,Correo Argentino,CA955335639AR,DELIVERED,2025-07-23 18:57:42,2025-07-25 09:50:14
9000006225,1000010696,Correo Argentino,CA504872156AR,DELIVERED,2025-07-23 17:19:45,2025-07-25 13:39:00
9000006226,1000010697,Correo Argentino,CA234593792AR,DELIVERED,2025-07-23 17:32:04,2025-07-29 14:55:27
9000006227,1000010698,Correo Argentino,CA958196830AR,DELIVERED,2025-07-23 17:56:23,2025-07-28 19:03:47
9000006228,1000010699,Correo Argentino,CA408298348AR,DELIVERED,2025-07-23 18:11:29,2025-07-29 18:35:28
9000006229,1000010700,Correo Argentino,CA936861973AR,DELIVERED,2025-07-23 17:00:34,2025-07-25 15:14:36
9000006230,1000010701,Correo Argentino,CA379736027AR,DELIVERED,2025-07-23 16:27:17,2025-07-28 14:38:24
9000006231,1000010702,Correo Argentino,CA983793190AR,DELIVERED,2025-07-24 16:31:48,2025-07-29 09:03:11
9000006232,1000010703,Correo Argentino,CA250148218AR,DELIVERED,2025-07-24 16:53:49,2025-07-29 17:15:31
9000006233,1000010705,Correo Argentino,CA957127157AR,DELIVERED,2025-07-24 17:04:55,2025-07-29 15:26:11
9000006234,1000010706,Correo Argentino,CA279700827AR,DELIVERED,2025-07-25 16:47:21,2025-07-31 13:53:47
9000006235,1000010710,Correo Argentino,CA154027301AR,DELIVERED,2025-07-24 17:00:46,2025-07-25 19:10:02
9000006236,1000010711,Correo Argentino,CA922774223AR,DELIVERED,2025-07-24 18:06:26,2025-07-29 16:47:57
9000006237,1000010713,Correo Argentino,CA371077411AR,DELIVERED,2025-07-25 16:44:30,2025-07-30 16:40:41
9000006238,1000010714,Correo Argentino,CA051131529AR,DELIVERED,2025-07-24 17:14:13,2025-07-30 17:01:28
9000006239,1000010717,Correo Argentino,CA720773068AR,DELIVERED,2025-07-24 17:19:15,2025-07-29 16:36:32
9000006240,1000010718,Correo Argentino,CA054072085AR,DELIVERED,2025-07-24 17:46:06,2025-07-29 16:06:45
9000006241,1000010719,Correo Argentino,CA529427882AR,DELIVERED,2025-07-24 17:18:26,2025-07-28 16:51:49
9000006242,1000010721,Correo Argentino,CA801475864AR,DELIVERED,2025-07-25 16:06:36,2025-07-28 09:51:09
9000006243,1000010722,Correo Argentino,CA188006186AR,DELIVERED,2025-07-25 16:47:55,2025-07-29 15:18:21
9000006244,1000010724,Correo Argentino,CA969848782AR,DELIVERED,2025-07-25 16:15:19,2025-07-29 12:47:03
9000006245,1000010726,Correo Argentino,CA302855587AR,DELIVERED,2025-07-25 18:24:43,2025-07-28 11:58:35
9000006246,1000010727,Correo Argentino,CA817669186AR,DELIVERED,2025-07-25 17:42:01,2025-07-29 09:28:25
9000006247,1000010728,Correo Argentino,CA402769962AR,DELIVERED,2025-07-25 17:40:56,2025-07-29 19:50:42
9000006248,1000010729,Correo Argentino,CA536247710AR,DELIVERED,2025-07-28 17:02:22,2025-07-31 17:47:27
9000006249,1000010730,Correo Argentino,CA695839584AR,DELIVERED,2025-07-25 18:42:40,2025-07-29 11:42:36
9000006250,1000010731,Correo Argentino,CA894366801AR,DELIVERED,2025-07-25 16:36:46,2025-07-29 14:42:57
9000006251,1000010739,Correo Argentino,CA231824363AR,DELIVERED,2025-07-28 18:00:34,2025-08-01 18:53:11
9000006252,1000010740,Correo Argentino,CA390893076AR,DELIVERED,2025-07-28 16:15:33,2025-07-31 18:33:27
9000006253,1000010742,Correo Argentino,CA679790847AR,DELIVERED,2025-07-28 16:25:48,2025-07-30 14:10:50
9000006254,1000010744,Correo Argentino,CA897145829AR,DELIVERED,2025-07-28 17:55:16,2025-07-29 19:43:50
9000006255,1000010745,Correo Argentino,CA365898820AR,DELIVERED,2025-07-28 18:11:52,2025-07-30 16:03:37
9000006256,1000010747,Correo Argentino,CA840935339AR,DELIVERED,2025-07-28 18:05:33,2025-07-31 09:37:37
9000006257,1000010755,Correo Argentino,CA506950688AR,DELIVERED,2025-07-28 16:21:22,2025-07-29 12:12:05
9000006258,1000010756,Correo Argentino,CA891499554AR,DELIVERED,2025-07-28 18:06:01,2025-07-31 18:43:21
9000006259,1000010760,Correo Argentino,CA870055224AR,DELIVERED,2025-07-28 16:38:39,2025-07-30 15:08:07
9000006260,1000010761,Correo Argentino,CA930548103AR,DELIVERED,2025-07-28 18:58:55,2025-07-31 14:57:57
9000006261,1000010762,Correo Argentino,CA907277709AR,DELIVERED,2025-07-28 17:09:10,2025-07-30 18:32:22
9000006262,1000010763,Correo Argentino,CA559816891AR,DELIVERED,2025-07-28 18:20:57,2025-08-01 11:08:24
9000006263,1000010764,Correo Argentino,CA312262446AR,DELIVERED,2025-07-28 18:33:27,2025-08-01 11:54:16
9000006264,1000010765,Correo Argentino,CA657205609AR,DELIVERED,2025-07-28 17:06:46,2025-07-30 16:50:30
9000006265,1000010766,Correo Argentino,CA909545252AR,DELIVERED,2025-07-28 16:36:17,2025-08-01 17:43:34
9000006266,1000010767,Correo Argentino,CA339913772AR,DELIVERED,2025-07-28 18:16:46,2025-07-30 14:39:44
9000006267,1000010768,Correo Argentino,CA166324733AR,DELIVERED,2025-07-28 18:31:03,2025-07-30 17:25:47
9000006268,1000010769,Correo Argentino,CA878312966AR,DELIVERED,2025-07-28 16:28:03,2025-07-31 15:47:25
9000006269,1000010770,Correo Argentino,CA917992499AR,DELIVERED,2025-07-28 16:57:24,2025-07-31 13:22:02
9000006270,1000010771,Correo Argentino,CA480290959AR,DELIVERED,2025-07-28 18:36:33,2025-07-30 10:01:16
9000006271,1000010772,Correo Argentino,CA108865263AR,DELIVERED,2025-07-28 18:46:56,2025-07-30 11:46:27
9000006272,1000010774,Correo Argentino,CA203474654AR,DELIVERED,2025-07-28 16:06:17,2025-08-04 14:35:34
9000006273,1000010775,Correo Argentino,CA332159031AR,DELIVERED,2025-07-28 16:30:42,2025-08-01 18:06:21
9000006274,1000010776,Correo Argentino,,CANCELLED,,
9000006275,1000010778,Correo Argentino,CA062780047AR,DELIVERED,2025-07-28 16:02:25,2025-08-01 17:10:46
9000006276,1000010779,Correo Argentino,CA362450543AR,DELIVERED,2025-07-28 17:38:01,2025-08-01 19:19:17
9000006277,1000010781,Correo Argentino,CA239422188AR,DELIVERED,2025-07-29 18:44:26,2025-08-04 11:17:51
9000006278,1000010784,Correo Argentino,CA569189622AR,DELIVERED,2025-07-29 18:28:36,2025-07-31 10:57:17
9000006279,1000010785,Correo Argentino,CA569645965AR,DELIVERED,2025-07-29 16:45:23,2025-07-30 12:05:47
9000006280,1000010787,Correo Argentino,CA248657922AR,DELIVERED,2025-07-29 17:00:55,2025-08-01 19:25:56
9000006281,1000010793,Correo Argentino,CA411145815AR,DELIVERED,2025-07-29 18:34:39,2025-08-05 15:35:41
9000006282,1000010794,Correo Argentino,CA600711204AR,DELIVERED,2025-07-29 17:28:17,2025-08-01 13:04:37
9000006283,1000010799,Correo Argentino,CA934281172AR,DELIVERED,2025-07-29 16:45:11,2025-07-31 13:19:40
9000006284,1000010800,Correo Argentino,CA638600077AR,DELIVERED,2025-07-29 18:07:32,2025-08-01 11:21:54
9000006285,1000010801,Correo Argentino,CA829950897AR,DELIVERED,2025-07-29 18:40:05,2025-07-31 15:31:58
9000006286,1000010802,Correo Argentino,CA585701983AR,DELIVERED,2025-07-29 17:35:04,2025-08-04 10:51:22
9000006287,1000010803,Correo Argentino,CA074839231AR,DELIVERED,2025-07-29 18:26:08,2025-08-01 14:23:25
9000006288,1000010804,Correo Argentino,CA977183614AR,DELIVERED,2025-07-29 18:48:14,2025-08-01 15:09:37
9000006289,1000010805,Correo Argentino,CA111687604AR,DELIVERED,2025-07-29 16:57:41,2025-07-31 10:49:18
9000006290,1000010806,Correo Argentino,CA213215616AR,DELIVERED,2025-07-29 16:22:19,2025-07-31 18:14:43
9000006291,1000010807,Correo Argentino,CA764906616AR,DELIVERED,2025-07-29 18:26:34,2025-08-04 11:03:04
9000006292,1000010810,Correo Argentino,CA678909546AR,DELIVERED,2025-07-30 18:00:16,2025-07-31 19:23:30
9000006293,1000010813,Correo Argentino,CA669180152AR,DELIVERED,2025-07-30 16:02:57,2025-08-04 17:14:39
9000006294,1000010814,Correo Argentino,CA687641674AR,DELIVERED,2025-07-30 16:51:13,2025-08-05 17:52:54
9000006295,1000010815,Correo Argentino,CA100584801AR,DELIVERED,2025-07-30 16:16:47,2025-08-04 19:17:38
9000006296,1000010816,Correo Argentino,CA657731939AR,DELIVERED,2025-08-04 18:57:45,2025-08-05 19:39:51
9000006297,1000010818,Correo Argentino,CA290936418AR,DELIVERED,2025-07-31 18:24:37,2025-08-04 09:55:24
9000006298,1000010819,Correo Argentino,CA988314396AR,DELIVERED,2025-07-31 18:26:09,2025-08-06 15:26:41
9000006299,1000010824,Correo Argentino,CA857407252AR,DELIVERED,2025-07-31 17:35:19,2025-08-04 18:01:26
9000006300,1000010827,Correo Argentino,CA800147355AR,DELIVERED,2025-08-01 16:28:09,2025-08-04 14:01:13
9000006301,1000010831,Correo Argentino,CA677186896AR,DELIVERED,2025-08-01 16:50:31,2025-08-06 18:06:41
9000006302,1000010832,Correo Argentino,CA157116351AR,DELIVERED,2025-08-01 17:10:36,2025-08-04 15:14:42
9000006303,1000010834,Correo Argentino,CA393242756AR,DELIVERED,2025-08-01 18:24:58,2025-08-05 18:35:55
9000006304,1000010835,Correo Argentino,CA898921498AR,DELIVERED,2025-08-01 18:53:41,2025-08-07 15:38:30
9000006305,1000010837,Correo Argentino,CA709373555AR,DELIVERED,2025-08-01 17:39:43,2025-08-05 19:45:32
9000006306,1000010838,Correo Argentino,CA191563831AR,DELIVERED,2025-08-01 18:48:17,2025-08-06 16:03:23
9000006307,1000010840,Correo Argentino,CA125967859AR,DELIVERED,2025-08-04 17:21:26,2025-08-06 15:13:47
9000006308,1000010841,Correo Argentino,CA415825500AR,DELIVERED,2025-08-04 18:11:27,2025-08-06 16:53:26
9000006309,1000010843,Correo Argentino,CA556171468AR,DELIVERED,2025-08-04 16:34:15,2025-08-07 09:51:39
9000006310,1000010850,Correo Argentino,CA511790851AR,DELIVERED,2025-08-04 18:56:36,2025-08-08 17:35:04
9000006311,1000010851,Correo Argentino,CA683006104AR,DELIVERED,2025-08-04 16:20:09,2025-08-07 19:48:20
9000006312,1000010852,Correo Argentino,CA839658714AR,DELIVERED,2025-08-04 17:05:41,2025-08-08 13:33:06
9000006313,1000010853,Correo Argentino,CA604241147AR,DELIVERED,2025-08-04 16:29:24,2025-08-06 19:02:18
9000006314,1000010860,Correo Argentino,CA347118529AR,DELIVERED,2025-08-04 16:56:53,2025-08-06 16:23:12
9000006315,1000010861,Correo Argentino,CA274041809AR,DELIVERED,2025-08-04 17:05:02,2025-08-05 09:44:41
9000006316,1000010862,Correo Argentino,CA390892814AR,DELIVERED,2025-08-04 17:12:45,2025-08-08 19:52:51
9000006317,1000010863,Correo Argentino,CA108092028AR,DELIVERED,2025-08-04 17:31:42,2025-08-05 15:22:56
9000006318,1000010866,Correo Argentino,CA490768752AR,DELIVERED,2025-08-04 16:11:28,2025-08-07 10:56:45
9000006319,1000010867,Correo Argentino,CA042290432AR,DELIVERED,2025-08-04 17:46:08,2025-08-07 11:27:25
9000006320,1000010868,Correo Argentino,CA040173963AR,DELIVERED,2025-08-04 18:35:27,2025-08-05 15:44:39
9000006321,1000010869,Correo Argentino,CA194604793AR,DELIVERED,2025-08-04 16:51:44,2025-08-05 19:51:25
9000006322,1000010870,Correo Argentino,CA993529166AR,DELIVERED,2025-08-04 18:41:44,2025-08-06 10:06:45
9000006323,1000010871,Correo Argentino,CA012649666AR,DELIVERED,2025-08-04 16:37:43,2025-08-06 10:04:39
9000006324,1000010872,Correo Argentino,CA538275495AR,DELIVERED,2025-08-04 16:29:26,2025-08-08 13:48:05
9000006325,1000010873,Correo Argentino,CA379111811AR,DELIVERED,2025-08-04 16:24:55,2025-08-05 18:30:11
9000006326,1000010874,Correo Argentino,CA907970000AR,DELIVERED,2025-08-04 18:35:39,2025-08-07 12:39:47
9000006327,1000010875,Correo Argentino,CA759310401AR,DELIVERED,2025-08-04 16:09:55,2025-08-08 18:12:14
9000006328,1000010876,Correo Argentino,CA029857855AR,DELIVERED,2025-08-04 17:19:58,2025-08-07 11:56:45
9000006329,1000010877,Correo Argentino,CA898578623AR,DELIVERED,2025-08-04 17:46:08,2025-08-06 15:28:24
9000006330,1000010878,Correo Argentino,CA697512844AR,DELIVERED,2025-08-04 17:33:30,2025-08-08 11:16:07
9000006331,1000010880,Correo Argentino,CA203197512AR,DELIVERED,2025-08-04 16:06:58,2025-08-06 10:16:36
9000006332,1000010881,Correo Argentino,CA103433651AR,DELIVERED,2025-08-04 17:21:54,2025-08-06 15:52:16
9000006333,1000010882,Correo Argentino,CA611753996AR,DELIVERED,2025-08-04 18:48:57,2025-08-06 16:35:34
9000006334,1000010883,Correo Argentino,CA154878468AR,DELIVERED,2025-08-06 16:08:57,2025-08-07 17:56:23
9000006335,1000010884,Correo Argentino,CA309260289AR,DELIVERED,2025-08-04 16:02:28,2025-08-08 18:49:31
9000006336,1000010886,Correo Argentino,CA829144663AR,DELIVERED,2025-08-04 17:02:23,2025-08-05 09:46:17
9000006337,1000010888,Correo Argentino,CA694658859AR,DELIVERED,2025-08-04 16:41:47,2025-08-07 18:40:18
9000006338,1000010889,Correo Argentino,CA446024180AR,DELIVERED,2025-08-04 18:28:18,2025-08-06 18:42:38
9000006339,1000010890,Correo Argentino,CA583767435AR,DELIVERED,2025-08-05 17:33:12,2025-08-11 12:59:20
9000006340,1000010891,Correo Argentino,CA956529150AR,DELIVERED,2025-08-05 17:25:18,2025-08-07 14:46:17
9000006341,1000010899,Correo Argentino,CA128295630AR,DELIVERED,2025-08-05 16:24:17,2025-08-11 18:05:58
9000006342,1000010901,Correo Argentino,CA034980871AR,DELIVERED,2025-08-05 16:36:53,2025-08-08 11:57:50
9000006343,1000010902,Correo Argentino,CA328604836AR,DELIVERED,2025-08-05 16:47:33,2025-08-11 10:29:41
9000006344,1000010904,Correo Argentino,CA486151047AR,DELIVERED,2025-08-05 17:51:50,2025-08-07 18:13:45
9000006345,1000010905,Correo Argentino,CA012898088AR,DELIVERED,2025-08-05 18:42:11,2025-08-08 19:41:00
9000006346,1000010906,Correo Argentino,CA174343560AR,DELIVERED,2025-08-05 17:31:53,2025-08-06 11:21:16
9000006347,1000010908,Correo Argentino,CA806677594AR,DELIVERED,2025-08-05 18:26:23,2025-08-06 17:41:47
9000006348,1000010910,Correo Argentino,CA168338245AR,DELIVERED,2025-08-05 18:30:15,2025-08-07 15:31:48
9000006349,1000010915,Correo Argentino,CA100252683AR,DELIVERED,2025-08-06 18:07:20,2025-08-08 11:36:40
9000006350,1000010916,Correo Argentino,CA722808744AR,DELIVERED,2025-08-06 16:54:50,2025-08-07 17:40:09
9000006351,1000010917,Correo Argentino,CA571341839AR,DELIVERED,2025-08-06 17:08:51,2025-08-11 13:46:17
9000006352,1000010918,Correo Argentino,CA752993680AR,DELIVERED,2025-08-06 17:18:12,2025-08-11 18:33:20
9000006353,1000010920,Correo Argentino,CA664532371AR,DELIVERED,2025-08-06 16:45:15,2025-08-08 18:59:36
9000006354,1000010922,Correo Argentino,CA003042788AR,DELIVERED,2025-08-06 16:37:02,2025-08-08 10:43:34
9000006355,1000010923,Correo Argentino,CA218898077AR,DELIVERED,2025-08-06 17:47:52,2025-08-08 10:43:31
9000006356,1000010924,Correo Argentino,CA878837832AR,DELIVERED,2025-08-08 17:30:07,2025-08-12 09:46:55
9000006357,1000010927,Correo Argentino,CA183919276AR,DELIVERED,2025-08-06 17:51:49,2025-08-07 12:15:00
9000006358,1000010928,Correo Argentino,CA165981020AR,DELIVERED,2025-08-07 16:13:16,2025-08-13 19:46:45
9000006359,1000010929,Correo Argentino,CA919864054AR,DELIVERED,2025-08-07 16:16:16,2025-08-13 12:01:35
9000006360,1000010930,Correo Argentino,CA759701818AR,DELIVERED,2025-08-07 16:34:39,2025-08-12 09:23:25
9000006361,1000010931,Correo Argentino,CA662113143AR,DELIVERED,2025-08-07 16:53:43,2025-08-12 10:07:21
9000006362,1000010932,Correo Argentino,CA880999683AR,DELIVERED,2025-08-07 16:19:09,2025-08-12 17:01:28
9000006363,1000010933,Correo Argentino,CA897761441AR,DELIVERED,2025-08-07 16:25:12,2025-08-11 15:56:53
9000006364,1000010935,Correo Argentino,CA659498815AR,DELIVERED,2025-08-07 16:26:05,2025-08-08 12:58:26
9000006365,1000010937,Correo Argentino,CA263647539AR,DELIVERED,2025-08-07 18:48:13,2025-08-14 11:14:22
9000006366,1000010939,Correo Argentino,CA124386138AR,DELIVERED,2025-08-07 18:56:18,2025-08-11 13:15:58
9000006367,1000010940,Correo Argentino,CA836463540AR,DELIVERED,2025-08-07 17:59:51,2025-08-08 17:11:07
9000006368,1000010941,Correo Argentino,CA083697952AR,DELIVERED,2025-08-07 18:33:16,2025-08-11 13:17:43
9000006369,1000010942,Correo Argentino,CA161329139AR,DELIVERED,2025-08-07 16:54:08,2025-08-12 13:35:50
9000006370,1000010943,Correo Argentino,CA734799166AR,DELIVERED,2025-08-07 18:24:10,2025-08-12 15:00:24
9000006371,1000010944,Correo Argentino,CA222066060AR,DELIVERED,2025-08-07 16:08:48,2025-08-12 19:09:15
9000006372,1000010945,Correo Argentino,CA521660010AR,DELIVERED,2025-08-07 17:09:33,2025-08-08 17:38:42
9000006373,1000010946,Correo Argentino,CA472614984AR,DELIVERED,2025-08-07 17:02:48,2025-08-11 13:57:43
9000006374,1000010949,Correo Argentino,CA102627230AR,DELIVERED,2025-08-07 18:59:39,2025-08-08 11:31:56
9000006375,1000010953,Correo Argentino,CA736981648AR,DELIVERED,2025-08-08 18:20:56,2025-08-12 14:14:54
9000006376,1000010956,Correo Argentino,CA488809014AR,DELIVERED,2025-08-08 16:39:40,2025-08-14 18:58:21
9000006377,1000010957,Correo Argentino,CA778058919AR,DELIVERED,2025-08-11 17:12:52,2025-08-12 13:14:18
9000006378,1000010958,Correo Argentino,CA742917071AR,DELIVERED,2025-08-08 18:12:11,2025-08-11 09:26:19
9000006379,1000010960,Correo Argentino,CA771814011AR,DELIVERED,2025-08-08 18:00:51,2025-08-14 14:59:29
9000006380,1000010961,Correo Argentino,CA745151439AR,DELIVERED,2025-08-08 16:16:50,2025-08-15 10:08:09
9000006381,1000010962,Correo Argentino,CA950021745AR,DELIVERED,2025-08-08 18:07:00,2025-08-11 12:08:27
9000006382,1000010964,Correo Argentino,CA608831442AR,DELIVERED,2025-08-08 18:14:48,2025-08-14 11:02:35
9000006383,1000010965,Correo Argentino,CA386414822AR,DELIVERED,2025-08-08 16:05:01,2025-08-13 12:18:12
9000006384,1000010966,Correo Argentino,CA499329496AR,DELIVERED,2025-08-08 16:58:32,2025-08-14 11:28:33
9000006385,1000010969,Correo Argentino,CA106252056AR,DELIVERED,2025-08-11 18:19:06,2025-08-12 09:03:05
9000006386,1000010971,Correo Argentino,CA347986005AR,DELIVERED,2025-08-08 16:15:49,2025-08-11 13:41:26
9000006387,1000010972,Correo Argentino,CA079090574AR,DELIVERED,2025-08-11 16:09:37,2025-08-13 11:19:34
9000006388,1000010973,Correo Argentino,CA208963169AR,DELIVERED,2025-08-11 18:24:29,2025-08-18 13:25:50
9000006389,1000010976,Correo Argentino,CA585252271AR,DELIVERED,2025-08-11 17:12:07,2025-08-15 15:19:16
9000006390,1000010979,Correo Argentino,CA654977984AR,DELIVERED,2025-08-11 16:07:32,2025-08-13 17:55:14
9000006391,1000010982,Correo Argentino,CA677387315AR,DELIVERED,2025-08-11 16:38:34,2025-08-12 13:33:07
9000006392,1000010983,Correo Argentino,CA347193436AR,DELIVERED,2025-08-11 18:06:59,2025-08-13 15:11:25
9000006393,1000010984,Correo Argentino,CA217053287AR,DELIVERED,2025-08-11 16:02:14,2025-08-14 12:28:41
9000006394,1000010985,Correo Argentino,CA435177982AR,DELIVERED,2025-08-11 16:22:14,2025-08-15 09:28:49
9000006395,1000010986,Correo Argentino,CA238966853AR,DELIVERED,2025-08-11 16:37:55,2025-08-12 12:26:22
9000006396,1000010987,Correo Argentino,CA306622557AR,DELIVERED,2025-08-11 18:34:44,2025-08-13 19:59:53
9000006397,1000010996,Correo Argentino,CA029480809AR,DELIVERED,2025-08-11 16:47:14,2025-08-14 19:51:17
9000006398,1000010998,Correo Argentino,CA913757257AR,DELIVERED,2025-08-11 17:17:11,2025-08-14 15:55:07
9000006399,1000011000,Correo Argentino,CA309865330AR,DELIVERED,2025-08-11 18:30:04,2025-08-13 19:13:12
9000006400,1000011001,Correo Argentino,CA444118910AR,DELIVERED,2025-08-11 18:37:42,2025-08-12 13:35:38
9000006401,1000011002,Correo Argentino,CA420428908AR,DELIVERED,2025-08-11 16:22:26,2025-08-14 09:33:41
9000006402,1000011003,Correo Argentino,CA966426483AR,DELIVERED,2025-08-11 18:37:57,2025-08-14 09:35:41
9000006403,1000011004,Correo Argentino,CA512301601AR,DELIVERED,2025-08-11 17:00:58,2025-08-18 16:13:37
9000006404,1000011005,Correo Argentino,CA702284583AR,DELIVERED,2025-08-11 16:16:26,2025-08-13 09:38:09
9000006405,1000011006,Correo Argentino,CA084344610AR,DELIVERED,2025-08-11 16:57:12,2025-08-12 12:38:59
9000006406,1000011007,Correo Argentino,CA506806840AR,DELIVERED,2025-08-11 17:12:23,2025-08-12 10:48:44
9000006407,1000011008,Correo Argentino,CA197882362AR,DELIVERED,2025-08-11 17:05:54,2025-08-13 09:32:32
9000006408,1000011010,Correo Argentino,CA896951753AR,DELIVERED,2025-08-11 18:01:47,2025-08-14 11:48:03
9000006409,1000011011,Correo Argentino,CA714046552AR,DELIVERED,2025-08-11 17:44:26,2025-08-13 19:57:14
9000006410,1000011012,Correo Argentino,CA082197206AR,DELIVERED,2025-08-11 16:47:32,2025-08-15 12:58:22
9000006411,1000011014,Correo Argentino,CA363632304AR,DELIVERED,2025-08-11 17:01:46,2025-08-15 16:54:49
9000006412,1000011015,Correo Argentino,CA095818609AR,DELIVERED,2025-08-11 18:19:51,2025-08-12 18:26:34
9000006413,1000011016,Correo Argentino,CA816132780AR,DELIVERED,2025-08-11 16:02:28,2025-08-15 14:20:41
9000006414,1000011017,Correo Argentino,CA572515777AR,DELIVERED,2025-08-11 16:17:04,2025-08-14 12:27:54
9000006415,1000011020,Correo Argentino,CA828046244AR,DELIVERED,2025-08-11 17:03:36,2025-08-12 18:00:44
9000006416,1000011021,Correo Argentino,CA295914696AR,DELIVERED,2025-08-11 16:46:05,2025-08-15 09:24:49
9000006417,1000011022,Correo Argentino,CA683275873AR,DELIVERED,2025-08-11 17:21:35,2025-08-14 10:19:19
9000006418,1000011023,Correo Argentino,CA661448494AR,DELIVERED,2025-08-11 16:30:39,2025-08-13 09:01:20
9000006419,1000011024,Correo Argentino,CA801723759AR,DELIVERED,2025-08-11 16:49:48,2025-08-15 10:41:23
9000006420,1000011026,Correo Argentino,CA432417725AR,DELIVERED,2025-08-11 16:02:53,2025-08-12 11:54:37
9000006421,1000011030,Correo Argentino,CA913459631AR,DELIVERED,2025-08-12 17:32:20,2025-08-14 09:26:03
9000006422,1000011031,Correo Argentino,CA720562474AR,DELIVERED,2025-08-12 16:40:09,2025-08-15 12:01:34
9000006423,1000011032,Correo Argentino,CA001438931AR,DELIVERED,2025-08-12 18:58:19,2025-08-14 10:40:11
9000006424,1000011033,Correo Argentino,CA201724386AR,DELIVERED,2025-08-12 16:18:02,2025-08-14 17:10:12
9000006425,1000011034,Correo Argentino,CA737288817AR,DELIVERED,2025-08-12 16:06:35,2025-08-18 15:07:35
9000006426,1000011036,Correo Argentino,CA403521904AR,DELIVERED,2025-08-12 17:39:57,2025-08-18 18:27:04
9000006427,1000011037,Correo Argentino,CA241809478AR,DELIVERED,2025-08-12 16:03:35,2025-08-19 15:08:23
9000006428,1000011038,Correo Argentino,CA591605739AR,DELIVERED,2025-08-12 16:16:38,2025-08-14 10:21:27
9000006429,1000011039,Correo Argentino,CA787730166AR,DELIVERED,2025-08-12 17:21:28,2025-08-15 12:39:30
9000006430,1000011040,Correo Argentino,CA618095770AR,DELIVERED,2025-08-12 18:44:56,2025-08-19 17:22:50
9000006431,1000011041,Correo Argentino,CA430054097AR,DELIVERED,2025-08-12 17:10:45,2025-08-14 19:28:43
9000006432,1000011042,Correo Argentino,CA083075473AR,DELIVERED,2025-08-12 17:11:19,2025-08-14 18:26:53
9000006433,1000011043,Correo Argentino,CA399760216AR,DELIVERED,2025-08-12 18:39:32,2025-08-15 19:22:14
9000006434,1000011045,Correo Argentino,CA272765823AR,DELIVERED,2025-08-12 17:41:26,2025-08-18 17:42:42
9000006435,1000011047,Correo Argentino,CA905901728AR,DELIVERED,2025-08-12 16:15:39,2025-08-18 16:40:49
9000006436,1000011048,Correo Argentino,CA824638860AR,DELIVERED,2025-08-12 18:39:22,2025-08-13 11:54:49
9000006437,1000011049,Correo Argentino,CA133444658AR,DELIVERED,2025-08-12 18:26:54,2025-08-18 17:46:17
9000006438,1000011050,Correo Argentino,CA811246014AR,DELIVERED,2025-08-12 18:36:06,2025-08-15 12:06:57
9000006439,1000011052,Correo Argentino,CA532094860AR,DELIVERED,2025-08-12 18:06:14,2025-08-14 19:51:08
9000006440,1000011053,Correo Argentino,CA009418709AR,DELIVERED,2025-08-12 18:45:21,2025-08-14 12:50:56
9000006441,1000011054,Correo Argentino,CA182621173AR,DELIVERED,2025-08-13 17:09:05,2025-08-15 17:17:22
9000006442,1000011055,Correo Argentino,CA500182728AR,DELIVERED,2025-08-13 17:24:55,2025-08-18 15:37:53
9000006443,1000011057,Correo Argentino,CA283316229AR,DELIVERED,2025-08-13 16:34:31,2025-08-14 16:29:45
9000006444,1000011065,Correo Argentino,CA734961440AR,DELIVERED,2025-08-13 16:15:23,2025-08-18 09:06:12
9000006445,1000011066,Correo Argentino,CA624162564AR,DELIVERED,2025-08-13 16:36:11,2025-08-18 17:25:54
9000006446,1000011068,Correo Argentino,CA722259338AR,DELIVERED,2025-08-13 18:22:23,2025-08-15 11:26:44
9000006447,1000011070,Correo Argentino,CA347332779AR,DELIVERED,2025-08-13 17:08:52,2025-08-14 17:07:53
9000006448,1000011071,Correo Argentino,CA702823462AR,DELIVERED,2025-08-13 17:41:07,2025-08-18 14:57:24
9000006449,1000011072,Correo Argentino,CA570628699AR,DELIVERED,2025-08-13 18:42:45,2025-08-15 09:43:15
9000006450,1000011073,Correo Argentino,CA995896577AR,DELIVERED,2025-08-13 17:53:35,2025-08-14 13:49:23
9000006451,1000011074,Correo Argentino,CA349079194AR,DELIVERED,2025-08-13 16:07:28,2025-08-15 09:55:12
9000006452,1000011077,Correo Argentino,CA270220140AR,DELIVERED,2025-08-14 16:11:12,2025-08-18 09:32:25
9000006453,1000011078,Correo Argentino,CA229547487AR,DELIVERED,2025-08-14 18:38:04,2025-08-18 10:46:44
9000006454,1000011079,Correo Argentino,CA981726236AR,DELIVERED,2025-08-14 16:08:59,2025-08-18 12:22:28
9000006455,1000011081,Correo Argentino,CA164046864AR,DELIVERED,2025-08-14 16:39:00,2025-08-20 16:01:24
9000006456,1000011082,Correo Argentino,CA210759259AR,DELIVERED,2025-08-14 16:29:41,2025-08-18 13:34:15
9000006457,1000011086,Correo Argentino,CA919269963AR,DELIVERED,2025-08-14 16:21:17,2025-08-15 19:51:34
9000006458,1000011087,Correo Argentino,CA826851971AR,DELIVERED,2025-08-14 16:37:09,2025-08-21 12:13:27
9000006459,1000011088,Correo Argentino,CA087337538AR,DELIVERED,2025-08-14 16:56:17,2025-08-18 15:41:11
9000006460,1000011090,Correo Argentino,CA754234044AR,DELIVERED,2025-08-14 17:52:15,2025-08-20 15:38:43
9000006461,1000011091,Correo Argentino,CA951421219AR,DELIVERED,2025-08-14 16:51:09,2025-08-19 11:56:27
9000006462,1000011092,Correo Argentino,CA442648772AR,DELIVERED,2025-08-14 16:18:53,2025-08-18 11:25:17
9000006463,1000011093,Correo Argentino,CA900225919AR,DELIVERED,2025-08-14 17:50:26,2025-08-21 17:24:37
9000006464,1000011094,Correo Argentino,CA791590387AR,DELIVERED,2025-08-15 17:06:57,2025-08-21 11:16:42
9000006465,1000011095,Correo Argentino,CA755563430AR,DELIVERED,2025-08-14 18:11:08,2025-08-18 14:22:39
9000006466,1000011096,Correo Argentino,CA281375733AR,DELIVERED,2025-08-14 17:34:41,2025-08-20 16:59:54
9000006467,1000011097,Correo Argentino,CA315284192AR,DELIVERED,2025-08-14 16:35:49,2025-08-15 09:36:40
9000006468,1000011098,Correo Argentino,CA215572563AR,DELIVERED,2025-08-14 16:40:21,2025-08-20 18:12:58
9000006469,1000011099,Correo Argentino,CA935369936AR,DELIVERED,2025-08-14 16:53:10,2025-08-19 18:50:26
9000006470,1000011100,Correo Argentino,CA378291028AR,DELIVERED,2025-08-14 17:38:36,2025-08-19 17:46:38
9000006471,1000011102,Correo Argentino,CA584748609AR,DELIVERED,2025-08-14 16:07:04,2025-08-20 13:29:36
9000006472,1000011103,Correo Argentino,CA899398829AR,DELIVERED,2025-08-14 16:41:57,2025-08-19 12:55:48
9000006473,1000011107,Correo Argentino,CA923095878AR,DELIVERED,2025-08-15 16:40:47,2025-08-21 12:49:46
9000006474,1000011108,Correo Argentino,CA071278628AR,DELIVERED,2025-08-15 18:18:24,2025-08-18 14:46:00
9000006475,1000011110,Correo Argentino,CA848141424AR,DELIVERED,2025-08-15 17:18:18,2025-08-18 19:01:40
9000006476,1000011111,Correo Argentino,CA285579867AR,DELIVERED,2025-08-15 18:51:41,2025-08-20 16:42:42
9000006477,1000011112,Correo Argentino,CA652587140AR,DELIVERED,2025-08-15 17:36:45,2025-08-19 15:55:18
9000006478,1000011116,Correo Argentino,CA037410966AR,DELIVERED,2025-08-15 18:12:23,2025-08-19 14:33:12
9000006479,1000011117,Correo Argentino,CA098632907AR,DELIVERED,2025-08-18 18:24:45,2025-08-22 19:50:40
9000006480,1000011118,Correo Argentino,CA273961812AR,DELIVERED,2025-08-15 17:17:24,2025-08-21 17:23:05
9000006481,1000011119,Correo Argentino,CA315699183AR,DELIVERED,2025-08-15 17:57:43,2025-08-20 10:09:49
9000006482,1000011120,Correo Argentino,CA391216387AR,DELIVERED,2025-08-15 18:35:04,2025-08-21 16:53:33
9000006483,1000011121,Correo Argentino,CA855635324AR,DELIVERED,2025-08-15 16:33:56,2025-08-20 11:53:26
9000006484,1000011128,Correo Argentino,CA706406971AR,DELIVERED,2025-08-18 16:25:20,2025-08-21 17:17:29
9000006485,1000011129,Correo Argentino,CA988559703AR,DELIVERED,2025-08-18 17:54:44,2025-08-22 16:31:50
9000006486,1000011130,Correo Argentino,CA117172235AR,DELIVERED,2025-08-18 17:08:53,2025-08-22 12:00:17
9000006487,1000011131,Correo Argentino,CA719467493AR,DELIVERED,2025-08-18 16:48:18,2025-08-21 17:20:17
9000006488,1000011132,Correo Argentino,CA104497365AR,DELIVERED,2025-08-18 16:28:18,2025-08-21 19:58:05
9000006489,1000011134,Correo Argentino,CA623358958AR,DELIVERED,2025-08-18 16:42:42,2025-08-20 12:30:24
9000006490,1000011135,Correo Argentino,CA043723440AR,DELIVERED,2025-08-18 17:39:45,2025-08-22 17:55:07
9000006491,1000011136,Correo Argentino,CA559463822AR,DELIVERED,2025-08-18 17:47:11,2025-08-21 15:54:08
9000006492,1000011139,Correo Argentino,CA104404893AR,DELIVERED,2025-08-18 16:06:24,2025-08-22 10:49:43
9000006493,1000011140,Correo Argentino,CA280651900AR,DELIVERED,2025-08-18 16:37:08,2025-08-21 14:16:22
9000006494,1000011141,Correo Argentino,CA425914661AR,DELIVERED,2025-08-18 17:04:20,2025-08-21 17:57:30
9000006495,1000011142,Correo Argentino,CA494197609AR,DELIVERED,2025-08-18 16:20:51,2025-08-20 18:20:26
9000006496,1000011143,Correo Argentino,CA678509940AR,DELIVERED,2025-08-18 18:23:58,2025-08-25 16:44:24
9000006497,1000011155,Correo Argentino,CA907271427AR,DELIVERED,2025-08-18 16:39:41,2025-08-19 13:52:52
9000006498,1000011158,Correo Argentino,CA814845275AR,DELIVERED,2025-08-18 18:42:26,2025-08-21 16:03:47
9000006499,1000011161,Correo Argentino,CA955228141AR,DELIVERED,2025-08-18 17:48:37,2025-08-20 11:40:56
9000006500,1000011163,Correo Argentino,CA057376225AR,DELIVERED,2025-08-18 18:29:45,2025-08-19 19:42:17
9000006501,1000011165,Correo Argentino,CA796652415AR,DELIVERED,2025-08-18 16:41:10,2025-08-20 17:50:37
9000006502,1000011167,Correo Argentino,CA225020054AR,DELIVERED,2025-08-18 17:38:55,2025-08-19 11:21:43
9000006503,1000011168,Correo Argentino,CA575527845AR,DELIVERED,2025-08-18 16:46:39,2025-08-20 12:44:59
9000006504,1000011169,Correo Argentino,CA057434101AR,DELIVERED,2025-08-18 18:05:13,2025-08-21 15:43:22
9000006505,1000011170,Correo Argentino,CA677238354AR,DELIVERED,2025-08-18 18:04:43,2025-08-22 19:56:21
9000006506,1000011171,Correo Argentino,CA676874560AR,DELIVERED,2025-08-18 18:16:48,2025-08-20 17:59:24
9000006507,1000011172,Correo Argentino,CA503559120AR,DELIVERED,2025-08-18 17:29:28,2025-08-22 13:27:03
9000006508,1000011173,Correo Argentino,CA708459355AR,DELIVERED,2025-08-18 18:50:35,2025-08-20 11:05:37
9000006509,1000011174,Correo Argentino,CA427847595AR,DELIVERED,2025-08-18 17:42:44,2025-08-19 17:01:50
9000006510,1000011175,Correo Argentino,CA366352771AR,DELIVERED,2025-08-18 16:02:14,2025-08-22 10:09:21
9000006511,1000011176,Correo Argentino,CA845103108AR,DELIVERED,2025-08-18 18:14:52,2025-08-20 09:33:46
9000006512,1000011177,Correo Argentino,CA305037075AR,DELIVERED,2025-08-18 17:04:01,2025-08-25 14:08:04
9000006513,1000011178,Correo Argentino,CA638707996AR,DELIVERED,2025-08-18 18:13:33,2025-08-20 16:09:45
9000006514,1000011179,Correo Argentino,CA151062247AR,DELIVERED,2025-08-18 18:08:57,2025-08-21 10:29:14
9000006515,1000011180,Correo Argentino,CA815704418AR,DELIVERED,2025-08-18 16:53:18,2025-08-20 19:34:16
9000006516,1000011181,Correo Argentino,CA097135347AR,DELIVERED,2025-08-19 18:02:21,2025-08-22 09:09:28
9000006517,1000011182,Correo Argentino,CA322142633AR,DELIVERED,2025-08-18 16:06:30,2025-08-25 14:30:51
9000006518,1000011183,Correo Argentino,CA784055596AR,DELIVERED,2025-08-18 18:00:43,2025-08-20 11:12:07
9000006519,1000011185,Correo Argentino,CA057531192AR,DELIVERED,2025-08-18 18:55:03,2025-08-20 10:57:40
9000006520,1000011186,Correo Argentino,CA499593194AR,DELIVERED,2025-08-19 17:27:29,2025-08-21 12:44:26
9000006521,1000011189,Correo Argentino,CA863773965AR,DELIVERED,2025-08-19 18:17:03,2025-08-20 15:27:29
9000006522,1000011190,Correo Argentino,CA969588097AR,DELIVERED,2025-08-19 17:13:01,2025-08-22 17:49:02
9000006523,1000011191,Correo Argentino,CA052840275AR,DELIVERED,2025-08-19 18:44:48,2025-08-25 16:32:36
9000006524,1000011192,Correo Argentino,CA795332614AR,DELIVERED,2025-08-19 16:39:14,2025-08-21 11:41:56
9000006525,1000011193,Correo Argentino,CA082485303AR,DELIVERED,2025-08-19 17:07:22,2025-08-26 10:23:48
9000006526,1000011194,Correo Argentino,CA770907335AR,DELIVERED,2025-08-19 17:57:09,2025-08-26 11:46:30
9000006527,1000011195,Correo Argentino,CA141771193AR,DELIVERED,2025-08-19 18:50:51,2025-08-22 14:53:03
9000006528,1000011196,Correo Argentino,CA856356048AR,DELIVERED,2025-08-19 18:27:15,2025-08-25 10:35:06
9000006529,1000011198,Correo Argentino,CA352321246AR,DELIVERED,2025-08-19 18:17:51,2025-08-25 13:05:55
9000006530,1000011199,Correo Argentino,CA133901397AR,DELIVERED,2025-08-19 18:23:50,2025-08-21 16:58:45
9000006531,1000011200,Correo Argentino,CA158412256AR,DELIVERED,2025-08-21 18:33:59,2025-08-25 10:34:48
9000006532,1000011202,Correo Argentino,CA020732391AR,DELIVERED,2025-08-19 18:17:20,2025-08-20 18:38:11
9000006533,1000011203,Correo Argentino,CA897578778AR,DELIVERED,2025-08-19 18:27:18,2025-08-20 13:35:40
9000006534,1000011204,Correo Argentino,CA686757676AR,DELIVERED,2025-08-20 18:01:24,2025-08-26 17:08:45
9000006535,1000011205,Correo Argentino,CA891494878AR,DELIVERED,2025-08-20 17:06:28,2025-08-26 10:57:01
9000006536,1000011207,Correo Argentino,CA745193915AR,DELIVERED,2025-08-20 17:21:52,2025-08-22 18:38:29
9000006537,1000011210,Correo Argentino,CA860409016AR,DELIVERED,2025-08-20 17:00:42,2025-08-22 14:40:17
9000006538,1000011211,Correo Argentino,CA150375047AR,DELIVERED,2025-08-20 16:47:17,2025-08-26 17:56:24
9000006539,1000011215,Correo Argentino,CA274108373AR,DELIVERED,2025-08-20 17:27:42,2025-08-25 16:55:14
9000006540,1000011216,Correo Argentino,CA398120931AR,DELIVERED,2025-08-20 16:42:19,2025-08-26 17:28:22
9000006541,1000011217,Correo Argentino,CA188651049AR,DELIVERED,2025-08-20 17:32:21,2025-08-21 19:06:02
9000006542,1000011218,Correo Argentino,CA449905691AR,DELIVERED,2025-08-20 18:44:06,2025-08-22 16:53:54
9000006543,1000011219,Correo Argentino,CA765310715AR,DELIVERED,2025-08-20 17:46:30,2025-08-22 09:16:08
9000006544,1000011220,Correo Argentino,CA025314491AR,DELIVERED,2025-08-20 17:54:13,2025-08-25 10:50:07
9000006545,1000011221,Correo Argentino,CA669887792AR,DELIVERED,2025-08-20 17:24:36,2025-08-26 15:57:50
9000006546,1000011222,Correo Argentino,CA992681656AR,DELIVERED,2025-08-20 16:47:16,2025-08-25 12:59:34
9000006547,1000011223,Correo Argentino,CA089496067AR,DELIVERED,2025-08-20 17:22:29,2025-08-26 11:39:02
9000006548,1000011226,Correo Argentino,CA689602617AR,DELIVERED,2025-08-21 16:08:12,2025-08-27 16:02:13
9000006549,1000011227,Correo Argentino,CA322481942AR,DELIVERED,2025-08-21 18:47:29,2025-08-26 10:57:49
9000006550,1000011228,Correo Argentino,CA657834096AR,DELIVERED,2025-08-21 18:59:38,2025-08-27 15:01:41
9000006551,1000011231,Correo Argentino,CA981907987AR,DELIVERED,2025-08-21 16:37:31,2025-08-27 14:59:14
9000006552,1000011232,Correo Argentino,CA423106383AR,DELIVERED,2025-08-21 17:10:56,2025-08-26 14:25:37
9000006553,1000011233,Correo Argentino,CA475333160AR,DELIVERED,2025-08-21 16:52:53,2025-08-26 18:04:22
9000006554,1000011234,Correo Argentino,CA378356859AR,DELIVERED,2025-08-21 17:52:00,2025-08-22 12:04:31
9000006555,1000011235,Correo Argentino,CA928285467AR,DELIVERED,2025-08-21 17:29:42,2025-08-27 11:47:06
9000006556,1000011236,Correo Argentino,CA061026173AR,DELIVERED,2025-08-21 17:02:36,2025-08-25 11:28:39
9000006557,1000011240,Correo Argentino,CA705620776AR,DELIVERED,2025-08-21 16:20:31,2025-08-27 19:12:31
9000006558,1000011241,Correo Argentino,CA249144979AR,DELIVERED,2025-08-21 18:51:34,2025-08-25 11:16:31
9000006559,1000011242,Correo Argentino,CA722795436AR,DELIVERED,2025-08-21 18:36:26,2025-08-22 16:00:40
9000006560,1000011243,Correo Argentino,CA487030852AR,DELIVERED,2025-08-21 18:45:18,2025-08-25 15:49:41
9000006561,1000011244,Correo Argentino,CA273428889AR,DELIVERED,2025-08-22 17:33:17,2025-08-27 11:12:11
9000006562,1000011247,Correo Argentino,CA411206969AR,DELIVERED,2025-08-21 16:51:24,2025-08-25 10:44:56
9000006563,1000011249,Correo Argentino,CA110323076AR,DELIVERED,2025-08-21 16:42:34,2025-08-28 15:34:45
9000006564,1000011250,Correo Argentino,CA421432829AR,DELIVERED,2025-08-21 17:33:21,2025-08-25 09:35:06
9000006565,1000011253,Correo Argentino,CA259521046AR,DELIVERED,2025-08-21 17:05:57,2025-08-22 17:41:36
9000006566,1000011254,Correo Argentino,CA164958347AR,DELIVERED,2025-08-22 17:53:18,2025-08-28 14:53:22
9000006567,1000011255,Correo Argentino,CA482403252AR,DELIVERED,2025-08-22 16:05:24,2025-08-27 18:10:28
9000006568,1000011259,Correo Argentino,CA304831898AR,DELIVERED,2025-08-22 17:28:25,2025-08-26 12:16:47
9000006569,1000011262,Correo Argentino,CA702184802AR,DELIVERED,2025-08-22 18:50:56,2025-08-29 12:41:59
9000006570,1000011263,Correo Argentino,CA582280322AR,DELIVERED,2025-08-22 16:35:48,2025-08-27 11:25:51
9000006571,1000011264,Correo Argentino,CA480169318AR,DELIVERED,2025-08-22 18:29:58,2025-08-26 11:01:53
9000006572,1000011265,Correo Argentino,CA466527981AR,DELIVERED,2025-08-22 18:03:50,2025-08-27 10:22:09
9000006573,1000011266,Correo Argentino,CA793905938AR,DELIVERED,2025-08-22 18:01:50,2025-08-27 19:37:37
9000006574,1000011267,Correo Argentino,CA746552350AR,DELIVERED,2025-08-22 16:28:48,2025-08-26 14:51:17
9000006575,1000011274,Correo Argentino,CA823745098AR,DELIVERED,2025-08-25 16:49:26,2025-08-27 11:12:38
9000006576,1000011277,Correo Argentino,CA992345441AR,DELIVERED,2025-08-25 16:59:33,2025-09-01 12:35:26
9000006577,1000011280,Correo Argentino,CA144926328AR,DELIVERED,2025-08-25 17:01:50,2025-08-27 13:26:08
9000006578,1000011283,Correo Argentino,CA090334382AR,DELIVERED,2025-08-25 16:32:36,2025-08-27 14:45:09
9000006579,1000011284,Correo Argentino,CA685531804AR,DELIVERED,2025-08-25 16:18:53,2025-08-28 18:26:52
9000006580,1000011285,Correo Argentino,CA884083165AR,DELIVERED,2025-08-25 16:37:06,2025-08-27 15:17:19
9000006581,1000011286,Correo Argentino,CA569740761AR,DELIVERED,2025-08-25 17:14:44,2025-08-26 11:00:14
9000006582,1000011287,Correo Argentino,CA739738911AR,DELIVERED,2025-08-25 17:33:58,2025-08-26 16:03:31
9000006583,1000011290,Correo Argentino,CA990250180AR,DELIVERED,2025-08-25 17:59:04,2025-08-29 16:10:07
9000006584,1000011292,Correo Argentino,CA393923530AR,DELIVERED,2025-08-25 18:02:18,2025-08-27 09:04:02
9000006585,1000011296,Correo Argentino,CA675167773AR,DELIVERED,2025-08-25 18:19:46,2025-08-27 10:51:12
9000006586,1000011297,Correo Argentino,CA219434204AR,DELIVERED,2025-08-25 17:22:27,2025-08-28 17:16:06
9000006587,1000011299,Correo Argentino,CA438518961AR,DELIVERED,2025-08-25 18:58:08,2025-08-29 18:48:37
9000006588,1000011300,Correo Argentino,CA961907005AR,DELIVERED,2025-08-25 18:17:09,2025-08-29 10:19:04
9000006589,1000011301,Correo Argentino,CA359850618AR,DELIVERED,2025-08-25 17:24:03,2025-08-28 16:42:21
9000006590,1000011302,Correo Argentino,CA753508960AR,DELIVERED,2025-08-25 18:16:51,2025-08-26 18:20:14
9000006591,1000011303,Correo Argentino,CA312685767AR,DELIVERED,2025-08-25 18:41:52,2025-08-28 14:28:26
9000006592,1000011304,Correo Argentino,CA271156903AR,DELIVERED,2025-08-25 18:05:48,2025-08-27 16:47:54
9000006593,1000011305,Correo Argentino,CA946011671AR,DELIVERED,2025-08-25 16:07:01,2025-08-28 16:29:46
9000006594,1000011306,Correo Argentino,CA715653739AR,DELIVERED,2025-08-25 18:00:08,2025-08-28 11:23:59
9000006595,1000011307,Correo Argentino,CA241605103AR,DELIVERED,2025-08-25 16:23:32,2025-08-28 10:28:58
9000006596,1000011308,Correo Argentino,CA575187626AR,DELIVERED,2025-08-25 16:55:53,2025-08-29 11:25:35
9000006597,1000011309,Correo Argentino,CA585828732AR,DELIVERED,2025-08-25 18:16:54,2025-08-28 11:17:39
9000006598,1000011310,Correo Argentino,CA079421655AR,DELIVERED,2025-08-25 16:04:49,2025-08-27 13:36:07
9000006599,1000011311,Correo Argentino,CA301821314AR,DELIVERED,2025-08-25 17:47:39,2025-08-27 14:49:56
9000006600,1000011312,Correo Argentino,CA167119414AR,DELIVERED,2025-08-25 17:36:05,2025-08-27 14:00:02
9000006601,1000011313,Correo Argentino,CA999515742AR,DELIVERED,2025-08-26 17:02:06,2025-09-01 16:44:48
9000006602,1000011314,Correo Argentino,CA497700024AR,DELIVERED,2025-08-25 18:54:53,2025-08-27 09:31:06
9000006603,1000011315,Correo Argentino,CA198063884AR,DELIVERED,2025-08-25 18:21:49,2025-08-27 13:49:37
9000006604,1000011316,Correo Argentino,CA995781335AR,DELIVERED,2025-08-25 17:05:34,2025-08-27 17:41:27
9000006605,1000011319,Correo Argentino,CA442954455AR,DELIVERED,2025-08-25 16:27:40,2025-08-28 15:49:51
9000006606,1000011320,Correo Argentino,CA828111141AR,DELIVERED,2025-08-26 16:28:46,2025-08-28 11:03:57
9000006607,1000011322,Correo Argentino,CA953171397AR,DELIVERED,2025-08-26 18:25:57,2025-08-29 13:32:16
9000006608,1000011323,Correo Argentino,CA314618614AR,DELIVERED,2025-08-26 17:08:44,2025-09-01 18:48:08
9000006609,1000011324,Correo Argentino,CA235554416AR,DELIVERED,2025-08-26 18:48:16,2025-08-27 10:05:35
9000006610,1000011327,Correo Argentino,CA541213842AR,DELIVERED,2025-08-26 17:30:17,2025-08-28 09:03:19
9000006611,1000011328,Correo Argentino,CA435797693AR,DELIVERED,2025-08-26 16:01:51,2025-08-28 19:30:40
9000006612,1000011331,Correo Argentino,CA204230736AR,DELIVERED,2025-08-26 18:39:27,2025-08-29 14:33:00
9000006613,1000011332,Correo Argentino,CA314090601AR,DELIVERED,2025-08-26 16:19:14,2025-08-29 13:27:57
9000006614,1000011333,Correo Argentino,CA066810096AR,DELIVERED,2025-08-26 17:49:51,2025-09-01 10:06:02
9000006615,1000011334,Correo Argentino,CA554168096AR,DELIVERED,2025-08-26 16:04:13,2025-08-29 17:56:47
9000006616,1000011335,Correo Argentino,CA480755860AR,DELIVERED,2025-08-26 16:08:22,2025-08-28 14:16:57
9000006617,1000011337,Correo Argentino,CA422740491AR,DELIVERED,2025-08-26 17:34:54,2025-08-29 15:03:52
9000006618,1000011339,Correo Argentino,CA229324262AR,DELIVERED,2025-08-26 16:01:39,2025-08-28 18:33:26
9000006619,1000011342,Correo Argentino,CA614102584AR,DELIVERED,2025-08-27 18:53:44,2025-08-28 13:23:49
9000006620,1000011343,Correo Argentino,CA468017720AR,DELIVERED,2025-08-27 17:36:00,2025-09-02 15:24:16
9000006621,1000011344,Correo Argentino,CA480052536AR,DELIVERED,2025-08-27 18:02:32,2025-09-01 15:04:16
9000006622,1000011347,Correo Argentino,,CANCELLED,,
9000006623,1000011348,Correo Argentino,CA960145622AR,DELIVERED,2025-08-27 17:47:41,2025-09-01 14:51:07
9000006624,1000011349,Correo Argentino,CA262021825AR,DELIVERED,2025-08-27 18:36:58,2025-09-02 15:40:55
9000006625,1000011350,Correo Argentino,CA111433369AR,DELIVERED,2025-08-27 16:37:53,2025-09-02 15:02:41
9000006626,1000011351,Correo Argentino,CA987932095AR,DELIVERED,2025-08-27 17:10:34,2025-08-28 14:46:00
9000006627,1000011352,Correo Argentino,CA905510229AR,DELIVERED,2025-08-27 17:25:29,2025-09-01 14:43:33
9000006628,1000011353,Correo Argentino,CA910625006AR,DELIVERED,2025-08-27 16:29:57,2025-08-29 15:36:56
9000006629,1000011354,Correo Argentino,CA455772173AR,DELIVERED,2025-08-27 16:29:32,2025-09-01 15:45:22
9000006630,1000011355,Correo Argentino,,CANCELLED,,
9000006631,1000011356,Correo Argentino,CA268887342AR,DELIVERED,2025-08-27 17:57:54,2025-08-29 15:22:52
9000006632,1000011360,Correo Argentino,CA573699605AR,DELIVERED,2025-08-27 18:09:52,2025-08-28 10:31:41
9000006633,1000011361,Correo Argentino,CA764756384AR,DELIVERED,2025-08-28 18:01:44,2025-09-01 18:46:33
9000006634,1000011363,Correo Argentino,CA684440823AR,DELIVERED,2025-08-28 16:53:08,2025-09-02 13:51:51
9000006635,1000011364,Correo Argentino,CA157212599AR,DELIVERED,2025-08-28 17:47:02,2025-09-02 17:04:58
9000006636,1000011366,Correo Argentino,CA181502241AR,DELIVERED,2025-08-28 18:04:32,2025-09-02 16:24:16
9000006637,1000011368,Correo Argentino,CA899460331AR,DELIVERED,2025-08-29 17:47:54,2025-09-02 10:06:50
9000006638,1000011374,Correo Argentino,CA508420750AR,DELIVERED,2025-08-28 16:20:26,2025-09-01 13:12:07
9000006639,1000011375,Correo Argentino,CA364993529AR,DELIVERED,2025-08-28 17:01:21,2025-08-29 10:41:37
9000006640,1000011376,Correo Argentino,CA417054631AR,DELIVERED,2025-08-28 17:05:58,2025-09-01 15:20:08
9000006641,1000011377,Correo Argentino,CA606797528AR,DELIVERED,2025-08-28 18:08:50,2025-09-01 11:53:22
9000006642,1000011378,Correo Argentino,CA852544028AR,DELIVERED,2025-08-28 17:17:50,2025-09-01 18:10:05
9000006643,1000011381,Correo Argentino,CA512262283AR,DELIVERED,2025-08-28 16:18:52,2025-09-03 18:51:45
9000006644,1000011385,Correo Argentino,CA369722442AR,DELIVERED,2025-08-29 17:33:03,2025-09-01 09:22:58
9000006645,1000011388,Correo Argentino,CA881746876AR,DELIVERED,2025-08-29 16:12:12,2025-09-01 19:42:26
9000006646,1000011389,Correo Argentino,CA544585364AR,DELIVERED,2025-08-29 16:33:43,2025-09-02 18:26:57
9000006647,1000011390,Correo Argentino,CA144937376AR,DELIVERED,2025-08-29 17:27:54,2025-09-03 16:49:28
9000006648,1000011391,Correo Argentino,CA886326687AR,DELIVERED,2025-08-29 18:11:26,2025-09-01 13:41:00
9000006649,1000011393,Correo Argentino,CA513821110AR,DELIVERED,2025-08-29 17:28:40,2025-09-01 14:18:20
9000006650,1000011398,Correo Argentino,CA491604605AR,DELIVERED,2025-09-01 17:39:20,2025-09-05 13:14:16
9000006651,1000011399,Correo Argentino,CA789525384AR,DELIVERED,2025-09-01 17:05:18,2025-09-03 19:02:20
9000006652,1000011405,Correo Argentino,CA101040546AR,DELIVERED,2025-09-01 16:16:03,2025-09-05 12:25:14
9000006653,1000011407,Correo Argentino,CA765384758AR,DELIVERED,2025-09-01 18:20:06,2025-09-03 09:36:32
9000006654,1000011408,Correo Argentino,CA597795481AR,DELIVERED,2025-09-01 17:43:34,2025-09-02 10:08:27
9000006655,1000011409,Correo Argentino,CA566346100AR,DELIVERED,2025-09-01 17:10:25,2025-09-05 19:46:50
9000006656,1000011410,Correo Argentino,CA315272693AR,DELIVERED,2025-09-01 16:02:58,2025-09-03 17:16:16
9000006657,1000011421,Correo Argentino,CA274270321AR,DELIVERED,2025-09-01 16:27:18,2025-09-05 19:38:28
9000006658,1000011423,Correo Argentino,CA159709120AR,DELIVERED,2025-09-01 17:06:20,2025-09-05 14:46:46
9000006659,1000011427,Correo Argentino,CA204040054AR,DELIVERED,2025-09-01 16:39:17,2025-09-03 17:19:01
9000006660,1000011432,Correo Argentino,CA051880809AR,DELIVERED,2025-09-01 16:18:36,2025-09-03 10:10:52
9000006661,1000011433,Correo Argentino,CA851443930AR,DELIVERED,2025-09-01 18:23:50,2025-09-04 11:19:16
9000006662,1000011434,Correo Argentino,CA635271091AR,DELIVERED,2025-09-03 17:32:28,2025-09-09 19:43:41
9000006663,1000011435,Correo Argentino,CA536346477AR,DELIVERED,2025-09-01 17:54:38,2025-09-04 17:52:23
9000006664,1000011436,Correo Argentino,CA077898406AR,DELIVERED,2025-09-01 18:26:08,2025-09-03 15:56:50
9000006665,1000011437,Correo Argentino,CA633287241AR,DELIVERED,2025-09-01 16:59:37,2025-09-03 09:46:40
9000006666,1000011438,Correo Argentino,CA765665718AR,DELIVERED,2025-09-01 18:58:45,2025-09-02 18:17:28
9000006667,1000011439,Correo Argentino,CA570439395AR,DELIVERED,2025-09-01 17:56:09,2025-09-05 17:44:14
9000006668,1000011440,Correo Argentino,CA859037755AR,DELIVERED,2025-09-01 17:46:16,2025-09-04 12:52:32
9000006669,1000011441,Correo Argentino,CA297540037AR,DELIVERED,2025-09-01 17:37:25,2025-09-05 09:40:11
9000006670,1000011442,Correo Argentino,CA031310428AR,DELIVERED,2025-09-01 16:31:51,2025-09-05 15:50:49
9000006671,1000011443,Correo Argentino,CA330319658AR,DELIVERED,2025-09-01 17:03:06,2025-09-03 16:27:59
9000006672,1000011444,Correo Argentino,CA136960927AR,DELIVERED,2025-09-02 17:00:02,2025-09-04 15:39:50
9000006673,1000011445,Correo Argentino,CA557205509AR,DELIVERED,2025-09-02 16:08:03,2025-09-03 11:44:37
9000006674,1000011446,Correo Argentino,CA345058987AR,DELIVERED,2025-09-02 18:01:28,2025-09-05 09:06:59
9000006675,1000011449,Correo Argentino,CA598402733AR,DELIVERED,2025-09-02 17:51:59,2025-09-03 10:32:40
9000006676,1000011452,Correo Argentino,CA260593400AR,DELIVERED,2025-09-02 18:40:27,2025-09-08 17:24:44
9000006677,1000011453,Correo Argentino,CA735917034AR,DELIVERED,2025-09-02 16:38:21,2025-09-08 17:06:50
9000006678,1000011454,Correo Argentino,CA135220648AR,DELIVERED,2025-09-02 17:48:24,2025-09-04 13:33:43
9000006679,1000011455,Correo Argentino,CA804553815AR,DELIVERED,2025-09-02 17:10:05,2025-09-03 14:00:03
9000006680,1000011456,Correo Argentino,CA491536202AR,DELIVERED,2025-09-02 17:29:25,2025-09-04 17:23:25
9000006681,1000011457,Correo Argentino,CA149598737AR,DELIVERED,2025-09-02 18:41:34,2025-09-04 18:46:01
9000006682,1000011458,Correo Argentino,CA546886951AR,DELIVERED,2025-09-02 18:23:09,2025-09-04 18:25:33
9000006683,1000011459,Correo Argentino,CA721782922AR,DELIVERED,2025-09-02 18:50:33,2025-09-08 14:37:05
9000006684,1000011462,Correo Argentino,CA737103577AR,DELIVERED,2025-09-02 17:28:17,2025-09-04 13:13:04
9000006685,1000011463,Correo Argentino,CA658561733AR,DELIVERED,2025-09-02 17:12:32,2025-09-04 19:15:38
9000006686,1000011464,Correo Argentino,CA111270721AR,DELIVERED,2025-09-02 17:48:42,2025-09-04 13:38:37
9000006687,1000011465,Correo Argentino,CA247841975AR,DELIVERED,2025-09-03 16:02:44,2025-09-08 16:11:22
9000006688,1000011466,Correo Argentino,CA234229634AR,DELIVERED,2025-09-03 16:40:14,2025-09-10 09:16:10
9000006689,1000011467,Correo Argentino,CA643083369AR,DELIVERED,2025-09-03 17:34:45,2025-09-09 17:37:46
9000006690,1000011470,Correo Argentino,CA322671994AR,DELIVERED,2025-09-03 18:17:09,2025-09-09 16:48:17
9000006691,1000011471,Correo Argentino,CA056180007AR,DELIVERED,2025-09-03 18:57:58,2025-09-04 09:22:15
9000006692,1000011472,Correo Argentino,CA991838901AR,DELIVERED,2025-09-03 16:10:55,2025-09-09 13:45:04
9000006693,1000011475,Correo Argentino,CA291129097AR,DELIVERED,2025-09-03 16:03:35,2025-09-05 11:52:50
9000006694,1000011476,Correo Argentino,CA444009821AR,DELIVERED,2025-09-03 16:09:41,2025-09-08 19:11:21
9000006695,1000011477,Correo Argentino,CA364980258AR,DELIVERED,2025-09-03 17:58:23,2025-09-08 13:44:48
9000006696,1000011478,Correo Argentino,CA725788219AR,DELIVERED,2025-09-03 16:41:30,2025-09-08 09:40:55
9000006697,1000011479,Correo Argentino,CA529496230AR,DELIVERED,2025-09-03 16:10:22,2025-09-08 16:07:57
9000006698,1000011480,Correo Argentino,CA517663786AR,DELIVERED,2025-09-03 16:42:04,2025-09-05 10:50:51
9000006699,1000011482,Correo Argentino,CA976163337AR,DELIVERED,2025-09-04 18:33:55,2025-09-08 18:17:34
9000006700,1000011483,Correo Argentino,CA174533925AR,DELIVERED,2025-09-05 18:31:03,2025-09-12 12:34:18
9000006701,1000011485,Correo Argentino,CA290762732AR,DELIVERED,2025-09-04 18:43:14,2025-09-08 15:31:42
9000006702,1000011488,Correo Argentino,CA144114167AR,DELIVERED,2025-09-04 18:51:50,2025-09-05 17:40:13
9000006703,1000011490,Correo Argentino,CA303395526AR,DELIVERED,2025-09-04 17:56:58,2025-09-10 18:08:30
9000006704,1000011491,Correo Argentino,CA927084841AR,DELIVERED,2025-09-04 16:01:43,2025-09-09 11:58:50
9000006705,1000011492,Correo Argentino,CA188588279AR,DELIVERED,2025-09-04 16:01:45,2025-09-11 11:19:36
9000006706,1000011493,Correo Argentino,CA027408749AR,DELIVERED,2025-09-04 17:57:21,2025-09-08 12:45:15
9000006707,1000011494,Correo Argentino,CA354045399AR,DELIVERED,2025-09-04 16:55:35,2025-09-09 18:41:14
9000006708,1000011495,Correo Argentino,CA818261467AR,DELIVERED,2025-09-04 16:39:45,2025-09-08 09:34:36
9000006709,1000011496,Correo Argentino,CA003727744AR,DELIVERED,2025-09-04 18:51:11,2025-09-08 14:56:14
9000006710,1000011497,Correo Argentino,CA001687803AR,DELIVERED,2025-09-04 16:34:08,2025-09-10 17:51:59
9000006711,1000011498,Correo Argentino,CA469013410AR,DELIVERED,2025-09-04 16:03:47,2025-09-10 16:32:14
9000006712,1000011500,Correo Argentino,CA922005208AR,DELIVERED,2025-09-05 17:53:17,2025-09-11 10:58:02
9000006713,1000011501,Correo Argentino,CA780700486AR,DELIVERED,2025-09-05 16:06:56,2025-09-09 16:17:29
9000006714,1000011503,Correo Argentino,CA536452036AR,DELIVERED,2025-09-05 18:03:41,2025-09-08 15:49:36
9000006715,1000011504,Correo Argentino,CA165764719AR,DELIVERED,2025-09-05 17:15:23,2025-09-09 14:55:44
9000006716,1000011506,Correo Argentino,CA218327465AR,DELIVERED,2025-09-05 16:11:57,2025-09-11 09:55:43
9000006717,1000011509,Correo Argentino,CA292036900AR,DELIVERED,2025-09-05 17:34:52,2025-09-09 11:38:02
9000006718,1000011512,Correo Argentino,CA300429881AR,DELIVERED,2025-09-05 16:06:05,2025-09-12 11:08:51
9000006719,1000011513,Correo Argentino,CA020780393AR,DELIVERED,2025-09-05 16:35:08,2025-09-11 10:07:39
9000006720,1000011514,Correo Argentino,CA431859242AR,DELIVERED,2025-09-05 16:34:41,2025-09-09 10:54:43
9000006721,1000011515,Correo Argentino,CA153861867AR,DELIVERED,2025-09-05 16:04:26,2025-09-08 13:04:51
9000006722,1000011516,Correo Argentino,CA654577592AR,DELIVERED,2025-09-05 17:38:36,2025-09-09 11:45:26
9000006723,1000011517,Correo Argentino,CA510650712AR,DELIVERED,2025-09-05 18:41:58,2025-09-12 19:34:11
9000006724,1000011526,Correo Argentino,CA730761254AR,DELIVERED,2025-09-08 18:47:44,2025-09-11 15:17:20
9000006725,1000011528,Correo Argentino,CA717956623AR,DELIVERED,2025-09-08 16:22:26,2025-09-10 17:58:44
9000006726,1000011529,Correo Argentino,CA444920268AR,DELIVERED,2025-09-08 17:10:39,2025-09-09 16:23:27
9000006727,1000011530,Correo Argentino,CA789130477AR,DELIVERED,2025-09-08 16:10:20,2025-09-10 14:10:26
9000006728,1000011531,Correo Argentino,CA921887171AR,DELIVERED,2025-09-08 16:26:27,2025-09-09 10:20:10
9000006729,1000011532,Correo Argentino,CA984685179AR,DELIVERED,2025-09-08 16:17:18,2025-09-11 18:16:18
9000006730,1000011533,Correo Argentino,CA266234935AR,DELIVERED,2025-09-08 16:44:13,2025-09-12 13:07:21
9000006731,1000011534,Correo Argentino,CA333700529AR,DELIVERED,2025-09-08 18:07:41,2025-09-10 19:57:36
9000006732,1000011536,Correo Argentino,CA535839477AR,DELIVERED,2025-09-08 17:49:16,2025-09-10 18:40:09
9000006733,1000011538,Correo Argentino,CA693215044AR,DELIVERED,2025-09-08 18:13:39,2025-09-12 15:30:15
9000006734,1000011541,Correo Argentino,CA606832946AR,DELIVERED,2025-09-08 18:02:08,2025-09-11 10:48:54
9000006735,1000011545,Correo Argentino,CA820133590AR,DELIVERED,2025-09-08 16:37:13,2025-09-10 13:59:52
9000006736,1000011549,Correo Argentino,CA580556279AR,DELIVERED,2025-09-08 17:18:38,2025-09-09 14:36:50
9000006737,1000011550,Correo Argentino,CA567063139AR,DELIVERED,2025-09-08 17:39:46,2025-09-12 16:08:26
9000006738,1000011554,Correo Argentino,CA075538084AR,DELIVERED,2025-09-08 18:58:39,2025-09-10 13:32:50
9000006739,1000011557,Correo Argentino,CA032758571AR,DELIVERED,2025-09-08 17:14:37,2025-09-09 17:51:50
9000006740,1000011558,Correo Argentino,,CANCELLED,,
9000006741,1000011559,Correo Argentino,CA438753374AR,DELIVERED,2025-09-08 16:18:29,2025-09-11 16:57:48
9000006742,1000011560,Correo Argentino,CA212636943AR,DELIVERED,2025-09-08 16:33:08,2025-09-11 18:13:10
9000006743,1000011561,Correo Argentino,CA469047636AR,DELIVERED,2025-09-08 18:40:48,2025-09-09 12:42:16
9000006744,1000011562,Correo Argentino,CA563444204AR,DELIVERED,2025-09-08 16:46:48,2025-09-09 12:20:10
9000006745,1000011563,Correo Argentino,CA657195628AR,DELIVERED,2025-09-08 18:56:30,2025-09-11 14:12:59
9000006746,1000011564,Correo Argentino,CA354401060AR,DELIVERED,2025-09-08 16:32:50,2025-09-11 10:26:56
9000006747,1000011565,Correo Argentino,CA228024966AR,DELIVERED,2025-09-08 17:41:48,2025-09-12 16:38:48
9000006748,1000011566,Correo Argentino,CA767374354AR,DELIVERED,2025-09-08 17:25:29,2025-09-09 09:50:36
9000006749,1000011567,Correo Argentino,CA007484535AR,DELIVERED,2025-09-08 17:52:08,2025-09-11 18:13:09
9000006750,1000011568,Correo Argentino,CA284812369AR,DELIVERED,2025-09-08 17:19:17,2025-09-09 17:14:06
9000006751,1000011569,Correo Argentino,CA128454401AR,DELIVERED,2025-09-08 18:38:01,2025-09-11 17:11:59
9000006752,1000011570,Correo Argentino,CA164411001AR,DELIVERED,2025-09-08 17:41:13,2025-09-11 09:19:47
9000006753,1000011572,Correo Argentino,CA471185138AR,DELIVERED,2025-09-08 17:41:26,2025-09-10 12:20:20
9000006754,1000011573,Correo Argentino,CA536158811AR,DELIVERED,2025-09-09 16:42:07,2025-09-10 11:16:30
9000006755,1000011574,Correo Argentino,CA419887267AR,DELIVERED,2025-09-09 17:22:34,2025-09-10 17:52:37
9000006756,1000011577,Correo Argentino,CA994851965AR,DELIVERED,2025-09-09 16:02:21,2025-09-12 15:47:16
9000006757,1000011578,Correo Argentino,CA706404725AR,DELIVERED,2025-09-09 18:20:32,2025-09-11 19:34:13
9000006758,1000011579,Correo Argentino,CA179930190AR,DELIVERED,2025-09-09 18:46:08,2025-09-10 12:02:12
9000006759,1000011580,Correo Argentino,CA766090479AR,DELIVERED,2025-09-09 17:06:18,2025-09-11 12:53:40
9000006760,1000011582,Correo Argentino,CA356438947AR,DELIVERED,2025-09-09 18:58:32,2025-09-10 10:29:48
9000006761,1000011583,Correo Argentino,CA395632569AR,DELIVERED,2025-09-09 16:46:38,2025-09-11 18:06:12
9000006762,1000011584,Correo Argentino,CA154263398AR,DELIVERED,2025-09-09 18:03:03,2025-09-12 15:07:09
9000006763,1000011585,Correo Argentino,CA636081716AR,DELIVERED,2025-09-09 18:39:54,2025-09-16 12:39:51
9000006764,1000011587,Correo Argentino,CA849072340AR,DELIVERED,2025-09-09 17:06:14,2025-09-11 15:36:09
9000006765,1000011589,Correo Argentino,CA242703595AR,DELIVERED,2025-09-09 17:17:53,2025-09-10 19:29:11
9000006766,1000011591,Correo Argentino,CA939711966AR,DELIVERED,2025-09-09 16:57:29,2025-09-12 11:37:53
9000006767,1000011592,Correo Argentino,CA732897864AR,DELIVERED,2025-09-09 18:31:43,2025-09-16 14:12:49
9000006768,1000011594,Correo Argentino,CA383909431AR,DELIVERED,2025-09-09 16:53:11,2025-09-12 15:11:24
9000006769,1000011597,Correo Argentino,CA118933742AR,DELIVERED,2025-09-09 18:59:15,2025-09-12 11:06:27
9000006770,1000011598,Correo Argentino,CA867788498AR,DELIVERED,2025-09-09 17:45:08,2025-09-15 15:57:23
9000006771,1000011599,Correo Argentino,CA655669235AR,DELIVERED,2025-09-09 18:47:24,2025-09-12 13:16:53
9000006772,1000011600,Correo Argentino,CA442605821AR,DELIVERED,2025-09-09 18:06:53,2025-09-11 15:13:26
9000006773,1000011602,Correo Argentino,CA809238048AR,DELIVERED,2025-09-09 17:19:50,2025-09-15 10:48:12
9000006774,1000011603,Correo Argentino,CA800734192AR,DELIVERED,2025-09-09 18:24:13,2025-09-11 11:04:14
9000006775,1000011604,Correo Argentino,CA553806938AR,DELIVERED,2025-09-09 18:40:27,2025-09-12 13:16:03
9000006776,1000011605,Correo Argentino,CA981337105AR,DELIVERED,2025-09-09 17:58:42,2025-09-15 19:30:32
9000006777,1000011606,Correo Argentino,CA915518388AR,DELIVERED,2025-09-09 17:11:45,2025-09-10 16:05:38
9000006778,1000011607,Correo Argentino,CA819294667AR,DELIVERED,2025-09-09 16:45:36,2025-09-11 17:09:13
9000006779,1000011608,Correo Argentino,CA908026567AR,DELIVERED,2025-09-09 17:21:34,2025-09-11 16:38:35
9000006780,1000011610,Correo Argentino,CA561723828AR,DELIVERED,2025-09-09 16:35:33,2025-09-11 10:01:37
9000006781,1000011611,Correo Argentino,CA359680225AR,DELIVERED,2025-09-10 18:38:30,2025-09-15 10:33:08
9000006782,1000011612,Correo Argentino,CA149659822AR,DELIVERED,2025-09-10 17:14:49,2025-09-12 11:08:15
9000006783,1000011616,Correo Argentino,CA643240194AR,DELIVERED,2025-09-10 17:17:20,2025-09-12 17:00:26
9000006784,1000011617,Correo Argentino,CA041269057AR,DELIVERED,2025-09-10 17:22:48,2025-09-16 13:05:52
9000006785,1000011618,Correo Argentino,CA616848094AR,DELIVERED,2025-09-10 17:38:09,2025-09-16 19:56:23
9000006786,1000011619,Correo Argentino,CA378073184AR,DELIVERED,2025-09-10 17:04:09,2025-09-15 13:37:58
9000006787,1000011620,Correo Argentino,CA870020702AR,DELIVERED,2025-09-10 18:59:06,2025-09-15 15:26:38
9000006788,1000011621,Correo Argentino,CA520391477AR,DELIVERED,2025-09-10 18:50:11,2025-09-12 10:40:01
9000006789,1000011622,Correo Argentino,CA379201212AR,DELIVERED,2025-09-10 17:16:33,2025-09-16 18:28:57
9000006790,1000011623,Correo Argentino,CA647880372AR,DELIVERED,2025-09-10 18:06:02,2025-09-16 16:35:39
9000006791,1000011624,Correo Argentino,CA418128876AR,DELIVERED,2025-09-10 18:50:03,2025-09-15 16:46:26
9000006792,1000011625,Correo Argentino,CA541772820AR,DELIVERED,2025-09-10 17:22:11,2025-09-12 19:54:34
9000006793,1000011626,Correo Argentino,CA746617927AR,DELIVERED,2025-09-10 18:18:46,2025-09-15 18:31:29
9000006794,1000011629,Correo Argentino,CA044327973AR,DELIVERED,2025-09-11 18:06:00,2025-09-12 16:26:43
9000006795,1000011632,Correo Argentino,CA803874236AR,DELIVERED,2025-09-11 18:32:45,2025-09-12 16:18:24
9000006796,1000011634,Correo Argentino,CA676582930AR,DELIVERED,2025-09-11 16:38:29,2025-09-16 12:26:34
9000006797,1000011636,Correo Argentino,CA466485854AR,DELIVERED,2025-09-11 16:29:12,2025-09-17 09:11:06
9000006798,1000011637,Correo Argentino,CA191388557AR,DELIVERED,2025-09-11 16:15:16,2025-09-15 12:59:53
9000006799,1000011638,Correo Argentino,CA906334517AR,DELIVERED,2025-09-11 17:44:51,2025-09-15 18:18:44
9000006800,1000011639,Correo Argentino,CA589231339AR,DELIVERED,2025-09-11 18:39:42,2025-09-12 15:02:39
9000006801,1000011640,Correo Argentino,CA895888628AR,DELIVERED,2025-09-11 17:38:10,2025-09-12 17:29:30
9000006802,1000011641,Correo Argentino,CA291026174AR,DELIVERED,2025-09-11 16:26:02,2025-09-16 16:19:14
9000006803,1000011644,Correo Argentino,CA141001335AR,DELIVERED,2025-09-12 16:31:07,2025-09-16 19:26:51
9000006804,1000011645,Correo Argentino,CA417541176AR,DELIVERED,2025-09-12 18:15:17,2025-09-16 13:48:11
9000006805,1000011647,Correo Argentino,CA488747098AR,DELIVERED,2025-09-12 16:13:11,2025-09-18 19:50:51
9000006806,1000011648,Correo Argentino,CA692556762AR,DELIVERED,2025-09-12 16:47:21,2025-09-17 19:21:54
9000006807,1000011649,Correo Argentino,CA040969278AR,DELIVERED,2025-09-12 17:07:13,2025-09-19 13:53:57
9000006808,1000011651,Correo Argentino,CA647964561AR,DELIVERED,2025-09-12 16:40:32,2025-09-16 12:41:00
9000006809,1000011652,Correo Argentino,CA458482840AR,DELIVERED,2025-09-12 17:02:22,2025-09-18 14:13:43
9000006810,1000011653,Correo Argentino,CA073970901AR,DELIVERED,2025-09-12 17:06:26,2025-09-16 09:24:06
9000006811,1000011655,Correo Argentino,CA323354548AR,DELIVERED,2025-09-12 17:11:53,2025-09-18 15:22:52
9000006812,1000011656,Correo Argentino,CA042956442AR,DELIVERED,2025-09-12 16:41:09,2025-09-16 09:54:25
9000006813,1000011657,Correo Argentino,CA006045929AR,DELIVERED,2025-09-12 16:11:26,2025-09-17 16:53:51
9000006814,1000011658,Correo Argentino,CA667401667AR,DELIVERED,2025-09-12 18:23:59,2025-09-17 10:46:06
9000006815,1000011664,Correo Argentino,CA627939723AR,DELIVERED,2025-09-15 18:17:02,2025-09-17 16:09:40
9000006816,1000011665,Correo Argentino,CA256806378AR,DELIVERED,2025-09-15 18:26:52,2025-09-22 11:55:26
9000006817,1000011666,Correo Argentino,CA358667515AR,DELIVERED,2025-09-15 17:40:12,2025-09-18 10:15:26
9000006818,1000011667,Correo Argentino,CA692085215AR,DELIVERED,2025-09-15 18:15:26,2025-09-19 13:49:06
9000006819,1000011670,Correo Argentino,CA890250971AR,DELIVERED,2025-09-15 16:12:10,2025-09-17 10:54:47
9000006820,1000011671,Correo Argentino,CA907703553AR,DELIVERED,2025-09-15 16:42:21,2025-09-17 12:36:47
9000006821,1000011672,Correo Argentino,CA525751730AR,DELIVERED,2025-09-15 16:17:34,2025-09-16 12:58:04
9000006822,1000011675,Correo Argentino,CA336240651AR,DELIVERED,2025-09-15 18:54:54,2025-09-19 11:19:38
9000006823,1000011680,Correo Argentino,CA334746602AR,DELIVERED,2025-09-15 16:33:25,2025-09-18 13:48:38
9000006824,1000011683,Correo Argentino,CA257373128AR,DELIVERED,2025-09-15 16:02:04,2025-09-17 09:17:58
9000006825,1000011688,Correo Argentino,CA249775205AR,DELIVERED,2025-09-15 18:53:13,2025-09-19 11:20:57
9000006826,1000011689,Correo Argentino,CA585193159AR,DELIVERED,2025-09-15 17:02:42,2025-09-19 12:15:58
9000006827,1000011690,Correo Argentino,CA781251195AR,DELIVERED,2025-09-15 18:10:39,2025-09-17 15:13:09
9000006828,1000011691,Correo Argentino,CA477856720AR,DELIVERED,2025-09-15 18:08:12,2025-09-18 15:41:09
9000006829,1000011692,Correo Argentino,CA321432960AR,DELIVERED,2025-09-15 17:06:49,2025-09-19 09:17:12
9000006830,1000011693,Correo Argentino,CA007877174AR,DELIVERED,2025-09-15 16:51:45,2025-09-17 15:58:49
9000006831,1000011694,Correo Argentino,CA618684963AR,DELIVERED,2025-09-15 18:07:22,2025-09-18 11:13:28
9000006832,1000011695,Correo Argentino,CA950190811AR,DELIVERED,2025-09-15 16:28:54,2025-09-17 13:04:31
9000006833,1000011696,Correo Argentino,CA438720492AR,DELIVERED,2025-09-16 16:55:39,2025-09-18 17:23:36
9000006834,1000011697,Correo Argentino,CA073682341AR,DELIVERED,2025-09-15 16:41:16,2025-09-18 15:25:41
9000006835,1000011698,Correo Argentino,CA512900597AR,DELIVERED,2025-09-15 17:06:20,2025-09-19 14:24:34
9000006836,1000011699,Correo Argentino,CA140740636AR,DELIVERED,2025-09-15 16:43:24,2025-09-19 11:19:19
9000006837,1000011700,Correo Argentino,CA297301950AR,DELIVERED,2025-09-15 18:59:59,2025-09-16 15:38:32
9000006838,1000011701,Correo Argentino,CA715508049AR,DELIVERED,2025-09-15 16:38:29,2025-09-18 09:58:37
9000006839,1000011702,Correo Argentino,CA594485742AR,DELIVERED,2025-09-15 17:58:48,2025-09-18 11:02:03
9000006840,1000011703,Correo Argentino,CA740418045AR,DELIVERED,2025-09-15 18:56:36,2025-09-18 11:04:22
9000006841,1000011704,Correo Argentino,CA805793897AR,DELIVERED,2025-09-15 17:27:17,2025-09-16 11:39:31
9000006842,1000011705,Correo Argentino,CA324220244AR,DELIVERED,2025-09-15 18:19:51,2025-09-19 19:41:52
9000006843,1000011706,Correo Argentino,CA912037102AR,DELIVERED,2025-09-16 18:30:48,2025-09-17 19:00:29
9000006844,1000011707,Correo Argentino,CA980060968AR,DELIVERED,2025-09-16 18:00:45,2025-09-19 12:20:09
9000006845,1000011709,Correo Argentino,CA258119304AR,DELIVERED,2025-09-16 17:31:34,2025-09-19 19:35:47
9000006846,1000011711,Correo Argentino,CA679776375AR,DELIVERED,2025-09-16 18:56:33,2025-09-18 12:05:48
9000006847,1000011712,Correo Argentino,CA946001816AR,DELIVERED,2025-09-16 16:24:40,2025-09-19 12:09:11
9000006848,1000011714,Correo Argentino,CA394000203AR,DELIVERED,2025-09-16 18:04:51,2025-09-19 11:51:35
9000006849,1000011716,Correo Argentino,CA567132723AR,DELIVERED,2025-09-16 18:47:32,2025-09-22 17:45:05
9000006850,1000011717,Correo Argentino,CA345521529AR,DELIVERED,2025-09-17 17:40:04,2025-09-18 17:13:03
9000006851,1000011721,Correo Argentino,CA416581015AR,DELIVERED,2025-09-22 18:23:25,2025-09-25 19:31:57
9000006852,1000011723,Correo Argentino,CA338692086AR,DELIVERED,2025-09-17 18:31:05,2025-09-19 19:32:30
9000006853,1000011727,Correo Argentino,CA288864800AR,DELIVERED,2025-09-17 18:52:40,2025-09-23 11:11:14
9000006854,1000011728,Correo Argentino,CA346880086AR,DELIVERED,2025-09-17 18:50:30,2025-09-22 17:28:30
9000006855,1000011730,Correo Argentino,CA444637432AR,DELIVERED,2025-09-17 17:07:50,2025-09-18 14:45:24
9000006856,1000011731,Correo Argentino,CA711426401AR,DELIVERED,2025-09-17 16:17:18,2025-09-23 14:33:58
9000006857,1000011734,Correo Argentino,CA679407949AR,DELIVERED,2025-09-18 18:58:24,2025-09-23 12:01:37
9000006858,1000011736,Correo Argentino,CA423195721AR,DELIVERED,2025-09-18 18:34:06,2025-09-24 10:47:06
9000006859,1000011738,Correo Argentino,CA648210544AR,DELIVERED,2025-09-18 17:36:09,2025-09-22 10:32:51
9000006860,1000011739,Correo Argentino,CA611084989AR,DELIVERED,2025-09-18 17:51:12,2025-09-22 11:18:29
9000006861,1000011741,Correo Argentino,CA068187532AR,DELIVERED,2025-09-18 18:49:43,2025-09-23 15:00:03
9000006862,1000011742,Correo Argentino,CA991311440AR,DELIVERED,2025-09-18 18:24:54,2025-09-19 14:36:18
9000006863,1000011743,Correo Argentino,CA468361477AR,DELIVERED,2025-09-18 17:54:48,2025-09-22 10:29:19
9000006864,1000011745,Correo Argentino,CA355541190AR,DELIVERED,2025-09-19 17:24:57,2025-09-23 17:58:47
9000006865,1000011746,Correo Argentino,CA993553705AR,DELIVERED,2025-09-19 16:54:52,2025-09-25 12:06:26
9000006866,1000011747,Correo Argentino,CA255850843AR,DELIVERED,2025-09-19 17:13:27,2025-09-22 14:23:57
9000006867,1000011748,Correo Argentino,CA589410384AR,DELIVERED,2025-09-19 17:56:29,2025-09-22 14:16:51
9000006868,1000011752,Correo Argentino,CA870832048AR,DELIVERED,2025-09-19 18:27:09,2025-09-23 09:41:49
9000006869,1000011753,Correo Argentino,CA024763257AR,DELIVERED,2025-09-19 16:16:52,2025-09-24 15:58:39
9000006870,1000011754,Correo Argentino,CA042052965AR,DELIVERED,2025-09-19 17:07:33,2025-09-25 10:34:48
9000006871,1000011755,Correo Argentino,CA006464536AR,DELIVERED,2025-09-19 16:39:55,2025-09-22 13:24:22
9000006872,1000011756,Correo Argentino,CA740568539AR,DELIVERED,2025-09-19 17:42:36,2025-09-24 11:19:07
9000006873,1000011757,Correo Argentino,CA189722807AR,DELIVERED,2025-09-19 18:00:42,2025-09-23 18:35:17
9000006874,1000011758,Correo Argentino,CA921974297AR,DELIVERED,2025-09-22 18:15:49,2025-09-26 16:09:12
9000006875,1000011759,Correo Argentino,CA154841000AR,DELIVERED,2025-09-22 16:08:38,2025-09-24 15:37:15
9000006876,1000011760,Correo Argentino,CA497479184AR,DELIVERED,2025-09-22 18:43:34,2025-09-26 16:19:14
9000006877,1000011761,Correo Argentino,CA636967346AR,DELIVERED,2025-09-22 18:43:55,2025-09-24 11:30:31
9000006878,1000011762,Correo Argentino,CA556338052AR,DELIVERED,2025-09-22 17:35:52,2025-09-23 13:08:15
9000006879,1000011763,Correo Argentino,CA221784169AR,DELIVERED,2025-09-22 18:50:52,2025-09-26 17:19:44
9000006880,1000011765,Correo Argentino,CA014519846AR,DELIVERED,2025-09-22 17:48:52,2025-09-25 18:23:58
9000006881,1000011766,Correo Argentino,CA015151565AR,DELIVERED,2025-09-22 16:28:09,2025-09-25 09:22:16
9000006882,1000011767,Correo Argentino,CA776914964AR,DELIVERED,2025-09-22 18:48:33,2025-09-23 17:38:36
9000006883,1000011769,Correo Argentino,CA758068236AR,DELIVERED,2025-09-22 17:21:07,2025-09-29 15:18:52
9000006884,1000011776,Correo Argentino,CA375987361AR,DELIVERED,2025-09-22 17:09:49,2025-09-25 16:54:56
9000006885,1000011780,Correo Argentino,CA055408099AR,DELIVERED,2025-09-22 16:53:57,2025-09-26 19:24:27
9000006886,1000011781,Correo Argentino,CA836546103AR,DELIVERED,2025-09-22 18:13:38,2025-09-26 15:56:36
9000006887,1000011782,Correo Argentino,CA905264543AR,DELIVERED,2025-09-22 17:33:58,2025-09-24 17:12:49
9000006888,1000011784,Correo Argentino,CA012450624AR,DELIVERED,2025-09-22 18:07:58,2025-09-25 16:59:39
9000006889,1000011785,Correo Argentino,CA168956785AR,DELIVERED,2025-09-22 17:57:48,2025-09-26 13:36:23
9000006890,1000011787,Correo Argentino,CA463627549AR,DELIVERED,2025-09-22 18:50:06,2025-09-25 13:49:50
9000006891,1000011788,Correo Argentino,CA537706448AR,DELIVERED,2025-09-22 17:56:42,2025-09-23 17:43:14
9000006892,1000011789,Correo Argentino,CA804629444AR,DELIVERED,2025-09-22 18:02:15,2025-09-24 15:20:34
9000006893,1000011790,Correo Argentino,CA016199819AR,DELIVERED,2025-09-22 18:30:16,2025-09-25 16:31:11
9000006894,1000011791,Correo Argentino,CA503148658AR,DELIVERED,2025-09-22 17:25:10,2025-09-24 12:06:45
9000006895,1000011792,Correo Argentino,CA016309852AR,DELIVERED,2025-09-22 17:04:34,2025-09-25 17:43:24
9000006896,1000011793,Correo Argentino,CA385829970AR,DELIVERED,2025-09-22 16:45:37,2025-09-26 13:24:18
9000006897,1000011794,Correo Argentino,CA250676194AR,DELIVERED,2025-09-22 16:56:49,2025-09-26 09:36:29
9000006898,1000011795,Correo Argentino,CA071437232AR,DELIVERED,2025-09-22 18:34:19,2025-09-26 19:57:25
9000006899,1000011796,Correo Argentino,CA345868848AR,DELIVERED,2025-09-22 18:54:16,2025-09-24 10:07:51
9000006900,1000011797,Correo Argentino,CA306824080AR,DELIVERED,2025-09-22 16:31:53,2025-09-23 11:29:36
9000006901,1000011798,Correo Argentino,CA816322905AR,DELIVERED,2025-09-22 18:03:24,2025-09-26 11:26:48
9000006902,1000011799,Correo Argentino,CA193716380AR,DELIVERED,2025-09-22 16:16:08,2025-09-24 10:56:53
9000006903,1000011800,Correo Argentino,CA865443351AR,DELIVERED,2025-09-22 16:00:44,2025-09-25 09:50:50
9000006904,1000011801,Correo Argentino,CA609440496AR,DELIVERED,2025-09-22 18:39:14,2025-09-24 13:16:25
9000006905,1000011802,Correo Argentino,CA140026478AR,DELIVERED,2025-09-22 18:12:19,2025-09-29 18:41:13
9000006906,1000011804,Correo Argentino,CA700142336AR,DELIVERED,2025-09-22 17:54:19,2025-09-29 11:55:24
9000006907,1000011805,Correo Argentino,CA806742808AR,DELIVERED,2025-09-23 16:36:41,2025-09-25 12:16:44
9000006908,1000011806,Correo Argentino,CA512780956AR,DELIVERED,2025-09-23 17:53:16,2025-09-26 13:56:42
9000006909,1000011807,Correo Argentino,CA730190295AR,DELIVERED,2025-09-23 17:00:11,2025-09-24 12:39:55
9000006910,1000011808,Correo Argentino,CA776304159AR,DELIVERED,2025-09-23 16:01:24,2025-09-25 14:23:47
9000006911,1000011809,Correo Argentino,CA483840028AR,DELIVERED,2025-09-23 18:29:52,2025-09-29 12:38:34
9000006912,1000011811,Correo Argentino,CA277597967AR,DELIVERED,2025-09-23 17:46:01,2025-09-29 18:42:25
9000006913,1000011812,Correo Argentino,,CANCELLED,,
9000006914,1000011813,Correo Argentino,CA707831575AR,DELIVERED,2025-09-23 17:57:39,2025-09-25 11:19:25
9000006915,1000011815,Correo Argentino,CA939388640AR,DELIVERED,2025-09-23 18:22:25,2025-09-29 17:28:51
9000006916,1000011816,Correo Argentino,CA900682958AR,DELIVERED,2025-09-23 16:39:53,2025-09-26 17:58:21
9000006917,1000011819,Correo Argentino,CA888395257AR,DELIVERED,2025-09-23 16:30:40,2025-09-25 16:24:22
9000006918,1000011820,Correo Argentino,CA699195881AR,DELIVERED,2025-09-23 17:59:50,2025-09-25 17:41:34
9000006919,1000011821,Correo Argentino,CA081560954AR,DELIVERED,2025-09-23 17:44:24,2025-09-24 13:00:42
9000006920,1000011823,Correo Argentino,CA155009267AR,DELIVERED,2025-09-23 18:10:52,2025-09-29 15:18:55
9000006921,1000011824,Correo Argentino,CA340312689AR,DELIVERED,2025-09-23 17:59:35,2025-09-29 12:41:05
9000006922,1000011827,Correo Argentino,CA262610924AR,SHIPPED,2025-09-25 18:08:59,
9000006923,1000011828,Correo Argentino,CA727916553AR,DELIVERED,2025-09-24 16:43:52,2025-09-26 15:27:04
9000006924,1000011830,Correo Argentino,CA677245450AR,DELIVERED,2025-09-24 18:16:01,2025-09-29 09:37:04
9000006925,1000011831,Correo Argentino,CA325256579AR,DELIVERED,2025-09-24 16:00:45,2025-09-30 12:26:07
9000006926,1000011832,Correo Argentino,CA922423189AR,DELIVERED,2025-09-24 17:00:12,2025-09-26 11:46:31
9000006927,1000011834,Correo Argentino,CA459020602AR,DELIVERED,2025-09-24 16:27:26,2025-09-29 16:36:14
9000006928,1000011835,Correo Argentino,CA732669071AR,DELIVERED,2025-09-24 18:33:21,2025-09-29 14:06:43
9000006929,1000011837,Correo Argentino,CA242851722AR,DELIVERED,2025-09-24 17:58:51,2025-09-26 09:09:07
9000006930,1000011838,Correo Argentino,CA919939793AR,DELIVERED,2025-09-24 16:19:41,2025-09-26 11:29:57
9000006931,1000011839,Correo Argentino,CA087719352AR,DELIVERED,2025-09-24 18:01:47,2025-09-26 17:47:01
9000006932,1000011840,Correo Argentino,CA310962974AR,DELIVERED,2025-09-24 17:19:50,2025-09-30 12:32:35
9000006933,1000011841,Correo Argentino,CA022052834AR,DELIVERED,2025-09-24 17:51:21,2025-09-26 19:32:58
9000006934,1000011842,Correo Argentino,CA400469949AR,DELIVERED,2025-09-24 17:08:42,2025-09-26 14:01:47
9000006935,1000011843,Correo Argentino,CA204797575AR,DELIVERED,2025-09-24 17:34:04,2025-09-26 16:39:57
9000006936,1000011844,Correo Argentino,CA557845357AR,DELIVERED,2025-09-25 16:53:25,2025-09-30 12:21:08
9000006937,1000011845,Correo Argentino,CA499737881AR,DELIVERED,2025-09-25 16:11:11,2025-09-29 10:53:05
9000006938,1000011849,Correo Argentino,CA901760375AR,SHIPPED,2025-09-25 18:30:53,
9000006939,1000011850,Correo Argentino,CA490310740AR,DELIVERED,2025-09-25 17:53:59,2025-09-30 11:55:11
9000006940,1000011852,Correo Argentino,CA697379054AR,DELIVERED,2025-09-25 18:09:35,2025-09-30 16:56:15
9000006941,1000011853,Correo Argentino,CA597932058AR,DELIVERED,2025-09-26 17:18:02,2025-09-29 11:27:34
9000006942,1000011855,Correo Argentino,CA209124205AR,DELIVERED,2025-09-25 16:37:24,2025-09-30 19:58:24
9000006943,1000011856,Correo Argentino,CA650009143AR,SHIPPED,2025-09-25 17:05:41,
9000006944,1000011859,Correo Argentino,CA939574752AR,DELIVERED,2025-09-26 18:47:41,2025-09-29 16:36:22
9000006945,1000011861,Correo Argentino,CA179567147AR,SHIPPED,2025-09-29 16:11:59,
9000006946,1000011862,Correo Argentino,CA750273660AR,SHIPPED,2025-09-26 18:09:10,
9000006947,1000011864,Correo Argentino,CA145957951AR,SHIPPED,2025-09-26 18:20:34,
9000006948,1000011865,Correo Argentino,CA228345449AR,SHIPPED,2025-09-26 17:08:47,
9000006949,1000011866,Correo Argentino,CA881859212AR,SHIPPED,2025-09-26 17:17:40,
9000006950,1000011868,Correo Argentino,CA961154222AR,DELIVERED,2025-09-26 18:21:49,2025-09-30 09:57:23
9000006951,1000011870,Correo Argentino,CA821650828AR,SHIPPED,2025-09-26 18:32:33,
9000006952,1000011871,Correo Argentino,CA458534986AR,SHIPPED,2025-09-26 18:00:19,
9000006953,1000011872,Correo Argentino,CA059455346AR,SHIPPED,2025-09-26 18:37:32,
9000006954,1000011873,Correo Argentino,CA136676860AR,SHIPPED,2025-09-29 16:59:15,
9000006955,1000011876,Correo Argentino,CA636072939AR,SHIPPED,2025-09-26 16:49:10,
9000006956,1000011881,Correo Argentino,CA105494492AR,DELIVERED,2025-09-29 18:42:26,2025-09-30 18:28:04
9000006957,1000011885,Correo Argentino,CA389033943AR,SHIPPED,2025-09-29 16:22:13,
9000006958,1000011887,Correo Argentino,CA879699522AR,SHIPPED,2025-09-29 16:59:08,
9000006959,1000011888,Correo Argentino,CA775774640AR,SHIPPED,2025-09-29 16:22:51,
9000006960,1000011889,Correo Argentino,CA406848870AR,DELIVERED,2025-09-29 16:11:58,2025-09-30 12:25:22
9000006961,1000011890,Correo Argentino,CA283745202AR,DELIVERED,2025-09-29 16:15:16,2025-09-30 19:11:06
9000006962,1000011891,Correo Argentino,CA751528191AR,SHIPPED,2025-09-29 18:41:13,
9000006963,1000011892,Correo Argentino,CA994668252AR,SHIPPED,2025-09-29 16:55:38,
9000006964,1000011894,Correo Argentino,CA661445919AR,SHIPPED,2025-09-29 18:51:55,
9000006965,1000011895,Correo Argentino,CA668583286AR,SHIPPED,2025-09-29 17:32:21,
9000006966,1000011896,Correo Argentino,CA287176586AR,SHIPPED,2025-09-29 16:00:59,
9000006967,1000011900,Correo Argentino,CA435129271AR,SHIPPED,2025-09-29 16:21:40,
9000006968,1000011902,Correo Argentino,CA625743468AR,SHIPPED,2025-09-29 18:37:26,
9000006969,1000011904,Correo Argentino,CA928667921AR,DELIVERED,2025-09-29 16:35:07,2025-09-30 13:37:31
9000006970,1000011906,Correo Argentino,CA771042841AR,SHIPPED,2025-09-29 17:22:39,
9000006971,1000011913,Correo Argentino,CA773968986AR,SHIPPED,2025-09-29 16:57:23,
9000006972,1000011915,Correo Argentino,CA977056018AR,SHIPPED,2025-09-29 16:18:52,
9000006973,1000011916,Correo Argentino,CA613782329AR,SHIPPED,2025-09-29 16:45:20,
9000006974,1000011917,Correo Argentino,CA748348106AR,SHIPPED,2025-09-29 17:26:00,
9000006975,1000011919,Correo Argentino,CA586907715AR,SHIPPED,2025-09-29 17:20:28,
9000006976,1000011920,Correo Argentino,CA136726497AR,DELIVERED,2025-09-29 17:50:53,2025-09-30 13:39:28
9000006977,1000011922,Correo Argentino,CA134741722AR,SHIPPED,2025-09-29 16:37:01,
9000006978,1000011923,Correo Argentino,CA211991175AR,SHIPPED,2025-09-29 16:31:44,
9000006979,1000011924,Correo Argentino,CA545107099AR,SHIPPED,2025-09-29 17:41:10,
9000006980,1000011925,Correo Argentino,CA596742785AR,SHIPPED,2025-09-30 18:42:45,
9000006981,1000011926,Correo Argentino,CA171400652AR,SHIPPED,2025-09-29 17:04:01,
9000006982,1000011928,Correo Argentino,CA515278382AR,SHIPPED,2025-09-29 18:03:45,
9000006983,1000011929,Correo Argentino,CA425230321AR,DELIVERED,2025-09-29 16:33:38,2025-09-30 15:01:02
9000006984,1000011930,Correo Argentino,CA942039988AR,SHIPPED,2025-09-29 18:43:36,
9000006985,1000011931,Correo Argentino,CA072848429AR,SHIPPED,2025-09-29 16:02:53,
9000006986,1000011933,Correo Argentino,CA212892580AR,SHIPPED,2025-09-29 17:46:48,
9000006987,1000011934,Correo Argentino,CA162769822AR,SHIPPED,2025-09-29 18:06:12,
9000006988,1000011937,Correo Argentino,CA604002710AR,SHIPPED,2025-09-30 18:21:47,
9000006989,1000011939,Correo Argentino,CA835682181AR,SHIPPED,2025-09-30 17:33:09,
9000006990,1000011941,Correo Argentino,CA606128649AR,SHIPPED,2025-09-30 17:22:15,
9000006991,1000011942,Correo Argentino,CA760248364AR,SHIPPED,2025-09-30 16:09:45,
9000006992,1000011944,Correo Argentino,CA405097518AR,SHIPPED,2025-09-30 17:05:55,
9000006993,1000011945,Correo Argentino,CA438244238AR,SHIPPED,2025-09-30 16:10:02,
9000006994,1000011947,Correo Argentino,CA159685290AR,SHIPPED,2025-09-30 18:06:25,
9000006995,1000011948,Correo Argentino,CA975504284AR,SHIPPED,2025-09-30 18:04:20,
9000006996,1000011949,Correo Argentino,CA430122411AR,SHIPPED,2025-09-30 18:00:57,
9000006997,1000011950,Correo Argentino,CA515919636AR,SHIPPED,2025-09-30 17:25:54,
9000006998,1000011951,Correo Argentino,CA649749006AR,SHIPPED,2025-09-30 18:26:46,
9000006999,1000011952,Correo Argentino,CA983038540AR,SHIPPED,2025-09-30 18:48:51,
9000007000,1000011955,Correo Argentino,,READY,,
9000007001,1000011958,Correo Argentino,,READY,,
9000007002,1000011959,Correo Argentino,,READY,,
9000007003,1000011960,Correo Argentino,,READY,,
9000007004,1000011961,Correo Argentino,,READY,,
9000007005,1000011963,Correo Argentino,,READY,,
9000007006,1000011965,Correo Argentino,,READY,,
9000007007,1000011966,Correo Argentino,,READY,,
9000007008,1000011968,Correo Argentino,,READY,,
